StoreID,StoreName,Region,Country,City,StoreSize,OpenDate,ManagerName,IsActive
STR0001,Lamchester Retail,Northeast US,USA,North Shelby,Small,2014-10-07,Sandra Kidd,1
STR0002,Port Tarabury Store,Northeast US,USA,Lake Darlenemouth,Medium,2020-05-03,Alicia Williams,1
STR0003,East Hunterfurt Retail,Northeast US,USA,Port Martha,Small,2022-09-18,Dustin Patterson,1
STR0004,Rowlandville Retail,Northeast US,USA,North Traciview,Small,2021-09-09,Denise Swanson,1
STR0005,Tinaside Store,Northeast US,USA,Port Breannaberg,Small,2020-06-21,Elizabeth Casey,1
STR0006,Ryanburgh Hub,Northeast US,USA,Jessicamouth,Medium,2024-11-15,Diana Boyle,1
STR0007,East Julieville Outlet,Northeast US,USA,North Philip,Small,2014-10-19,Kyle Green,1
STR0008,Hernandezfort Store,Northeast US,USA,West Larryshire,Flagship,2011-10-18,Erin Rangel,1
STR0009,East Elizabethstad Store,Northeast US,USA,Lake Ronaldmouth,Medium,2022-11-18,Jennifer Lopez,1
STR0010,New Jennifer Outlet,Northeast US,USA,Alexisfurt,Small,2019-08-24,Michael Chang,1
STR0011,Lake Crystal Retail,Northeast US,USA,Port Garystad,Large,2020-10-12,William Soto,1
STR0012,North Meghanmouth Outlet,Northeast US,USA,Brownchester,Small,2021-04-04,Chelsea Harris,1
STR0013,West Valerieshire Retail,Northeast US,USA,New Zacharyfurt,Flagship,2015-01-26,Alex Faulkner,1
STR0014,East Wendy Outlet,Northeast US,USA,New Jeremy,Large,2013-03-02,Caroline Castillo,1
STR0015,New Angelaside Retail,Northeast US,USA,North Renee,Small,2014-06-09,Jeffrey Davis,1
STR0016,Ericamouth Outlet,Northeast US,USA,West Kristinport,Small,2017-04-28,Erica Quinn,1
STR0017,Annaberg Retail,Northeast US,USA,South Donnaborough,Flagship,2015-02-10,Jeffery Lopez,1
STR0018,Larryberg Outlet,Northeast US,USA,Lake Matthew,Medium,2024-05-23,Lisa Payne,1
STR0019,Amystad Store,Northeast US,USA,Michaelview,Large,2018-03-30,Emily Preston,1
STR0020,Michelleview Retail,Northeast US,USA,Judithfort,Medium,2020-10-10,Dennis Long,1
STR0021,South Margaretton Store,Northeast US,USA,Dayburgh,Medium,2011-11-03,Rebecca Cooley,1
STR0022,Robertfurt Outlet,Northeast US,USA,East John,Medium,2022-06-12,Adam Fowler,1
STR0023,Port Justinshire Retail,Northeast US,USA,South Jenna,Medium,2014-05-12,Patrick Martin,1
STR0024,Kurtland Outlet,Northeast US,USA,New Jake,Flagship,2016-06-07,Daniel Brown,1
STR0025,Gordontown Store,Northeast US,USA,Rebeccamouth,Large,2020-11-16,Alicia Chavez,1
STR0026,Lake Matthewborough Hub,Northeast US,USA,Bruceview,Flagship,2013-06-20,Destiny Johnson,1
STR0027,Jacksonberg Hub,Northeast US,USA,Thompsonside,Medium,2023-11-29,Samantha Taylor,1
STR0028,Byrdview Store,Northeast US,USA,Lynnchester,Large,2014-06-06,Emily Diaz,1
STR0029,Port Anthony Hub,Northeast US,USA,East Jonathan,Flagship,2016-07-03,Aaron Miller,1
STR0030,Port Jerryport Store,Northeast US,USA,Haydenton,Flagship,2017-11-11,Shawn Montoya,1
STR0031,West Amyburgh Retail,Northeast US,USA,Holtborough,Small,2015-06-04,Mark Lewis,1
STR0032,Port Christophertown Store,Northeast US,USA,Andrewfurt,Flagship,2017-10-12,Amy Powell,1
STR0033,New Edwardfurt Hub,Northeast US,USA,North Wayne,Flagship,2013-10-29,Kimberly Noble,1
STR0034,New Craigbury Hub,Northeast US,USA,Ortizton,Large,2017-11-08,John Hendricks,0
STR0035,Chelseafort Retail,Northeast US,USA,Lake Cynthiafort,Small,2024-05-02,Ruben Tucker,1
STR0036,Jasonbury Outlet,Northeast US,USA,Reedmouth,Large,2019-10-19,William Velez,1
STR0037,South Jenna Hub,Northeast US,USA,Port Christopherport,Medium,2015-01-16,Ian Sellers,1
STR0038,Burtonhaven Outlet,Northeast US,USA,Reedtown,Medium,2020-03-29,Jennifer Grant,1
STR0039,Melissaland Retail,Northeast US,USA,Robynfort,Large,2021-12-14,Terry Smith,1
STR0040,West Brittanyfurt Store,Northeast US,USA,East Jose,Medium,2016-02-14,Kaitlyn Booker,1
STR0041,Terrimouth Store,Northeast US,USA,Jacquelinefort,Small,2021-08-04,Daniel Nguyen,1
STR0042,Port Ashley Hub,Northeast US,USA,Hendersonview,Small,2021-05-05,Daniel York,1
STR0043,New Rebecca Outlet,Northeast US,USA,East Melody,Large,2019-10-25,Jared Parker,1
STR0044,Johnsonton Store,Northeast US,USA,Port Kaylee,Small,2016-10-17,Mary Bennett,1
STR0045,East Heather Hub,Northeast US,USA,Jonathanside,Small,2015-12-20,James Martin,0
STR0046,Jameston Store,Northeast US,USA,Reedfurt,Medium,2024-06-10,Jennifer Martinez,1
STR0047,North Monicahaven Store,Northeast US,USA,Jacquelinemouth,Large,2012-07-26,Gary Lee,1
STR0048,Deborahfurt Hub,Northeast US,USA,West Emmahaven,Medium,2020-01-30,Joshua Carlson,1
STR0049,East Jacquelinestad Store,Northeast US,USA,Andersonview,Large,2022-05-13,John Morris,1
STR0050,Port Katherine Outlet,Northeast US,USA,Jeremyhaven,Flagship,2018-07-09,Kristopher Smith,1
STR0051,Randallshire Hub,Northeast US,USA,Grahamchester,Small,2019-10-19,Mr. Louis Hunt,1
STR0052,East Stephanieburgh Retail,Northeast US,USA,North Kim,Large,2021-06-03,Rhonda Coleman,1
STR0053,Johnbury Store,Northeast US,USA,Port Charles,Medium,2017-08-01,Eric Jones,1
STR0054,Port Mark Retail,Northeast US,USA,Jenniferville,Medium,2015-07-19,Jasmine Moss,1
STR0055,Port Crystalmouth Retail,Northeast US,USA,Kelleytown,Large,2019-09-11,James Washington,1
STR0056,South Andrew Store,Northeast US,USA,Drewberg,Large,2013-08-30,Damon Kerr,1
STR0057,Kylechester Store,Northeast US,USA,South Davidburgh,Medium,2017-06-27,Lance Turner,1
STR0058,New Stacyview Hub,Northeast US,USA,Crystalmouth,Medium,2021-01-31,Jerry Mckay,1
STR0059,Richardhaven Hub,Northeast US,USA,Lambertchester,Medium,2018-07-28,Jacqueline Andersen,1
STR0060,Amandaside Hub,Northeast US,USA,Cooperland,Large,2016-08-07,Raymond Phillips,1
STR0061,South Jose Hub,Northeast US,USA,Jacksonport,Small,2022-02-12,Jacob Best,1
STR0062,East Angelaberg Retail,Northeast US,USA,Lake Caitlinmouth,Small,2015-04-24,Daniel Gross,1
STR0063,East Kimberly Outlet,Northeast US,USA,Dorisville,Small,2017-09-30,Kevin Gonzalez,1
STR0064,Martinezmouth Store,Northeast US,USA,Cookfurt,Flagship,2019-06-13,Elizabeth Murray,1
STR0065,West Christopher Store,Northeast US,USA,Joshuafort,Large,2015-01-14,Alicia Berry,1
STR0066,Cherylville Retail,Northeast US,USA,Mcmahonberg,Flagship,2021-11-02,Vincent Smith,1
STR0067,Meredithstad Retail,Northeast US,USA,East Cheyenne,Small,2012-02-06,Jose Allen,1
STR0068,East Brandonton Retail,Northeast US,USA,North Bethanytown,Small,2017-08-03,Brian Mckay,1
STR0069,Thomaston Store,Northeast US,USA,Brandontown,Medium,2016-06-20,Justin Cruz,1
STR0070,Owenshaven Hub,Northeast US,USA,Cassandraland,Medium,2024-06-21,Travis Green,1
STR0071,New Joshua Retail,Northeast US,USA,East Troychester,Medium,2015-10-08,Kristin Wallace,1
STR0072,Lake Ronald Hub,Northeast US,USA,Williamston,Large,2017-07-20,Cynthia Jensen,1
STR0073,Bradleyborough Hub,Northeast US,USA,North Chaseborough,Large,2024-09-18,Mr. Terry Zimmerman,1
STR0074,West John Hub,Northeast US,USA,Lake Michael,Medium,2021-06-21,Earl Sanders,1
STR0075,South Erikfort Store,Northeast US,USA,West Robertport,Small,2023-01-28,Melissa Turner,1
STR0076,North Joshuaside Retail,Northeast US,USA,East Laurenside,Large,2019-05-27,Sara Hernandez,1
STR0077,Lake Michaelside Hub,Northeast US,USA,Wilsonton,Medium,2020-05-30,Joanna Collins,1
STR0078,East James Retail,Northeast US,USA,East Amanda,Medium,2013-08-02,Sierra Baxter,1
STR0079,Port Erin Retail,Northeast US,USA,Lake James,Medium,2021-02-14,Mrs. Laura Shaw,1
STR0080,Danabury Store,Northeast US,USA,South Chelsea,Small,2019-04-16,Erica Cruz,1
STR0081,Johntown Hub,Northeast US,USA,Lake Sandrabury,Large,2016-07-06,Brandy Lin,1
STR0082,Wolfestad Store,Northeast US,USA,Jonesstad,Large,2022-06-13,Christine Hunter,1
STR0083,Hillborough Hub,Northeast US,USA,Lake Patrickville,Medium,2012-01-16,Andrea Martinez,1
STR0084,Jamesport Outlet,Northeast US,USA,West Thomas,Flagship,2013-08-26,Kelly Thompson,1
STR0085,Warnerbury Retail,Northeast US,USA,Nicoleland,Small,2014-10-21,Ian Johnson,1
STR0086,North Ronald Retail,Northeast US,USA,Lake Kimberly,Small,2019-12-13,Jessica Garcia,1
STR0087,Rachelmouth Outlet,Northeast US,USA,Chapmanmouth,Medium,2018-01-24,Jeffrey Navarro,1
STR0088,Cynthiaberg Retail,Northeast US,USA,Paulborough,Medium,2024-10-20,Ashley Thomas,1
STR0089,Erikburgh Store,Northeast US,USA,West Briana,Flagship,2019-03-31,Stacy Williamson,1
STR0090,Diazville Outlet,Northeast US,USA,West Christopher,Small,2024-05-03,Kara Wright,1
STR0091,Danielleburgh Outlet,Northeast US,USA,New Gavinborough,Small,2011-11-24,Kristina Jones,1
STR0092,Beckychester Store,Northeast US,USA,Careyfort,Large,2024-12-14,Kelly Shea,1
STR0093,Lake Davidville Retail,Northeast US,USA,East Kennethberg,Medium,2012-08-30,Katrina Mercer,1
STR0094,Maryshire Store,Northeast US,USA,Joshuaville,Large,2019-05-17,Kendra Tucker,1
STR0095,West Dennisport Outlet,Northeast US,USA,Johnside,Flagship,2019-10-19,Elijah Parsons,1
STR0096,East Martinchester Retail,Northeast US,USA,Hugheschester,Small,2014-02-12,William Miller,1
STR0097,Robertshire Outlet,Northeast US,USA,North Robin,Small,2020-01-25,Michael Carey,1
STR0098,Holtton Store,Northeast US,USA,Victoriaborough,Large,2015-01-10,Todd Pratt,1
STR0099,Harrisfort Hub,Northeast US,USA,Lake Pamelaberg,Flagship,2013-01-06,Jason Griffin,1
STR0100,Biancaville Retail,Northeast US,USA,Carrollview,Small,2021-04-27,Ashley Cardenas,1
STR0101,Ortizview Store,Northeast US,USA,Danielburgh,Small,2013-07-24,Jeffery Lynch,1
STR0102,Wattsview Store,Northeast US,USA,Fredtown,Flagship,2015-01-13,Thomas Rodriguez,1
STR0103,Charlenechester Outlet,Northeast US,USA,East Brenda,Large,2014-01-27,Ashley Hays,1
STR0104,West Russellmouth Retail,Northeast US,USA,Jacquelineside,Large,2020-01-06,Brianna Rowe,1
STR0105,Montgomeryside Store,Northeast US,USA,Phillipshaven,Small,2024-09-18,Gabriel Chang PhD,1
STR0106,Espinozatown Hub,Northeast US,USA,Meghanstad,Medium,2021-06-30,Anna Kidd,1
STR0107,Danielbury Store,Northeast US,USA,East Katherine,Medium,2013-12-28,Maria Thompson,0
STR0108,Port Jeffery Store,Northeast US,USA,Ramosshire,Flagship,2022-03-15,Tamara Dalton,1
STR0109,Ronaldmouth Outlet,Northeast US,USA,New Nicholasshire,Flagship,2017-06-20,James Palmer,1
STR0110,New Stephanie Store,Northeast US,USA,North Joanmouth,Large,2016-10-15,Amy King,1
STR0111,Cowantown Retail,Northeast US,USA,Robinsonberg,Flagship,2021-06-03,Brandon Richardson,1
STR0112,Watkinsside Hub,Northeast US,USA,Lake Steven,Medium,2017-12-12,Sean Rosales,1
STR0113,New Karenville Hub,Northeast US,USA,Andersonbury,Large,2015-10-30,Samantha Carter,1
STR0114,South Robertfurt Store,Northeast US,USA,West Randyborough,Medium,2016-02-26,Ashley Garcia,1
STR0115,South Dawn Store,Northeast US,USA,Derrickmouth,Flagship,2013-02-14,Anita Knight,1
STR0116,Scottport Retail,Northeast US,USA,West Derekhaven,Large,2021-01-24,Marcus Benjamin,1
STR0117,Christophershire Hub,Northeast US,USA,East Isabellaborough,Large,2018-08-17,Nancy Johnson,1
STR0118,East Jameshaven Retail,Northeast US,USA,South Nancyland,Large,2017-09-27,Chelsea Smith,1
STR0119,Lake Matthew Outlet,Northeast US,USA,Owensville,Small,2017-05-06,Dr. Kathleen Price,1
STR0120,Moorehaven Hub,Northeast US,USA,New Davidland,Large,2018-12-16,Brian Reyes,1
STR0121,New Stephanie Outlet,Northeast US,USA,North Fred,Flagship,2021-11-12,James Brown,1
STR0122,Meredithberg Retail,Northeast US,USA,Davisland,Flagship,2018-08-30,Joseph Chung,1
STR0123,Ryanmouth Store,Northeast US,USA,Port Joy,Large,2016-10-06,Gregory Aguirre,1
STR0124,New Jameshaven Hub,Northeast US,USA,Mauricemouth,Small,2022-11-25,Jose Kerr,1
STR0125,Jacksonfurt Store,Northeast US,USA,Lake Elizabeth,Large,2022-04-02,Jeffrey Peters,1
STR0126,North Matthewberg Outlet,Northeast US,USA,Troyborough,Large,2024-01-23,Anthony Harris,1
STR0127,Thompsonside Retail,Northeast US,USA,Stephensonville,Large,2012-01-21,Leslie Hunt,1
STR0128,South Angela Hub,Northeast US,USA,Danielborough,Large,2020-07-14,Ashley Saunders,1
STR0129,Hayeshaven Outlet,Northeast US,USA,East Sean,Medium,2012-02-01,Bryan Price,1
STR0130,South Tara Hub,Northeast US,USA,West Shannon,Medium,2023-03-30,Kathleen Conrad,1
STR0131,Terrellville Outlet,Northeast US,USA,Aaronshire,Flagship,2012-01-21,Lawrence Boone,1
STR0132,South Nicholasburgh Retail,Northeast US,USA,Blackton,Large,2012-07-20,Jason Wright,1
STR0133,Lake Mariafort Hub,Northeast US,USA,Lake Shelly,Large,2018-10-17,Erica Dawson,1
STR0134,Lake Tyler Hub,Northeast US,USA,South Kelly,Medium,2014-02-15,Laura Williamson,1
STR0135,Ashleymouth Store,Northeast US,USA,Lake Lisatown,Small,2020-06-27,Scott Klein,1
STR0136,Morrisshire Outlet,Northeast US,USA,Davidport,Small,2019-12-25,Andrea Velez,1
STR0137,North Courtneyland Store,Northeast US,USA,North Desireeberg,Large,2012-08-29,Amanda Nixon,1
STR0138,Lake Christopher Store,Northeast US,USA,West Joel,Medium,2015-04-06,Anne Duran,1
STR0139,Josephland Store,Northeast US,USA,Rayhaven,Flagship,2013-02-13,Mr. Robert Harris Jr.,1
STR0140,Michaelland Retail,Northeast US,USA,North Neil,Flagship,2012-06-28,Margaret Malone,1
STR0141,North Lucas Store,Northeast US,USA,Sawyerstad,Flagship,2025-03-10,Cindy Adams,1
STR0142,Alexandraland Store,Northeast US,USA,West Kimberlyfurt,Medium,2020-11-20,Zachary Smith,1
STR0143,Lopezfurt Retail,Northeast US,USA,Jesseland,Small,2011-07-11,Mrs. Amanda Johnson,1
STR0144,Lake Jeffreyburgh Store,Northeast US,USA,Martinland,Medium,2024-09-23,Kevin Galloway,1
STR0145,Port Michael Hub,Northeast US,USA,Lake Anthony,Small,2019-07-07,Tiffany Ford,1
STR0146,New Sherry Retail,Northeast US,USA,South Paul,Flagship,2022-09-27,Mr. Brian Walters MD,1
STR0147,Kylefurt Hub,Northeast US,USA,East Rachaelmouth,Large,2017-07-24,Mark Clark,1
STR0148,Hudsonfort Hub,Northeast US,USA,Barronstad,Flagship,2017-11-12,John Villegas,1
STR0149,Parkerfurt Hub,Northeast US,USA,North James,Medium,2023-12-22,Sara Dominguez,1
STR0150,Lake Coreymouth Hub,Northeast US,USA,Ballstad,Flagship,2015-10-02,Savannah Gallegos,1
STR0151,South Melindafort Store,Northeast US,USA,Lake Michael,Large,2020-03-17,Ricardo Lynch,1
STR0152,Sarahport Hub,Northeast US,USA,Lake Martinmouth,Medium,2024-07-13,Michaela Compton,1
STR0153,Rogerschester Retail,Northeast US,USA,West Jeffrey,Large,2013-01-09,Donna Jackson,1
STR0154,Lake Jessicafort Outlet,Northeast US,USA,West Lindabury,Large,2018-12-03,Thomas Osborne,1
STR0155,Mariabury Retail,Northeast US,USA,Skinnerchester,Medium,2013-10-21,Bryan Lopez,1
STR0156,Elizabethville Hub,Northeast US,USA,Bradleyborough,Medium,2019-11-12,Steven Graham,1
STR0157,Thomasmouth Retail,Northeast US,USA,New Jeremyberg,Flagship,2020-01-27,Brandy Russell,1
STR0158,Lake Kenneth Hub,Northeast US,USA,South Vanessa,Flagship,2022-07-15,Pedro Cruz,1
STR0159,Priceland Hub,Northeast US,USA,Elizabethmouth,Flagship,2012-01-02,Wesley Griffith,1
STR0160,Katrinashire Retail,Northeast US,USA,Hayesfort,Flagship,2024-01-27,Elizabeth Turner,1
STR0161,Bryantchester Outlet,Southeast US,USA,South Brian,Large,2015-06-22,Cynthia Vang,1
STR0162,Davidland Hub,Southeast US,USA,Josephhaven,Medium,2023-12-11,Terry Martinez,1
STR0163,South Robert Outlet,Southeast US,USA,West Stephen,Flagship,2022-08-23,Darren Williams,1
STR0164,South Diane Hub,Southeast US,USA,Lake Gregory,Large,2019-09-04,Aaron Jensen,1
STR0165,Johnland Hub,Southeast US,USA,Robertmouth,Medium,2018-07-06,Matthew Huber,1
STR0166,South Annfort Store,Southeast US,USA,Pattersonfurt,Small,2021-10-23,Jorge Keller,1
STR0167,Lewisland Retail,Southeast US,USA,Riversville,Small,2013-06-17,Jennifer Stephens,1
STR0168,Lake Samantha Store,Southeast US,USA,North Thomas,Flagship,2018-05-01,Michael Kelly,1
STR0169,Michaelview Outlet,Southeast US,USA,South Paul,Flagship,2017-06-16,Victoria Henderson,1
STR0170,Smithborough Hub,Southeast US,USA,North Matthewbury,Large,2013-06-20,Adam Hughes,1
STR0171,East Christophermouth Hub,Southeast US,USA,Grosschester,Large,2018-04-23,Ashley Jones,1
STR0172,East Markbury Hub,Southeast US,USA,Normanport,Large,2024-08-06,Melanie Lee,1
STR0173,West Kevinbury Hub,Southeast US,USA,West Lauramouth,Small,2019-02-26,Todd Tyler,1
STR0174,North Davidchester Retail,Southeast US,USA,East Williammouth,Large,2016-06-15,Valerie Matthews,1
STR0175,Brownport Retail,Southeast US,USA,Anneborough,Small,2014-07-06,Justin Patel,1
STR0176,West Jeffreytown Store,Southeast US,USA,New Michellemouth,Medium,2022-09-08,Wendy Rodriguez,1
STR0177,Allenbury Store,Southeast US,USA,Sherrymouth,Medium,2020-08-12,Joseph Best,1
STR0178,Hicksburgh Retail,Southeast US,USA,Port Andreastad,Medium,2023-07-16,Alan Lane,1
STR0179,Lake Christinaburgh Outlet,Southeast US,USA,Amandabury,Large,2014-10-13,Danielle Romero,1
STR0180,East Tami Retail,Southeast US,USA,East Darinchester,Medium,2019-04-28,Michael Larsen,1
STR0181,Lake Joshuashire Retail,Southeast US,USA,Port Cindy,Small,2017-02-05,Gary Morgan,1
STR0182,Port Zachary Hub,Southeast US,USA,Christophermouth,Flagship,2018-08-22,Ana Bautista,1
STR0183,New Maria Store,Southeast US,USA,Carmenville,Small,2017-02-14,Crystal Parks,1
STR0184,Port Jeffreyview Store,Southeast US,USA,West Christopherport,Small,2014-09-07,Julie Fernandez,1
STR0185,South Ruthborough Outlet,Southeast US,USA,Stevenshaven,Small,2013-03-15,Sherry Patel,1
STR0186,Pricemouth Retail,Southeast US,USA,Lake Robert,Large,2016-04-20,Sarah Harrington,1
STR0187,Scottport Outlet,Southeast US,USA,South Timothyton,Small,2024-03-07,Mrs. Victoria Walker,1
STR0188,Port Jasonberg Outlet,Southeast US,USA,Katiebury,Small,2017-12-25,Rachel Greer,1
STR0189,Emmahaven Hub,Southeast US,USA,Johnsonville,Small,2024-04-05,Elijah Howard,1
STR0190,North Hannah Outlet,Southeast US,USA,Limouth,Flagship,2012-09-24,David Daugherty,1
STR0191,Leonardbury Hub,Southeast US,USA,West Jeffrey,Medium,2015-02-27,Arthur Douglas,1
STR0192,West Michelle Outlet,Southeast US,USA,Matthewton,Flagship,2025-02-15,Adrian Martin,1
STR0193,Waynefurt Outlet,Southeast US,USA,Lynchborough,Large,2017-10-24,Erin Richardson,1
STR0194,Butlerville Retail,Southeast US,USA,Alexisfort,Large,2020-04-12,Ricardo Benton,1
STR0195,South Erica Store,Southeast US,USA,East Mary,Flagship,2016-04-07,Michael Cabrera,1
STR0196,Cathyport Hub,Southeast US,USA,Lake Juanberg,Large,2019-02-02,Robert Daniels,1
STR0197,Rickytown Outlet,Southeast US,USA,North Jamie,Medium,2022-06-20,Mark Anderson,1
STR0198,North Michelle Outlet,Southeast US,USA,North Lorifurt,Large,2015-11-02,Jonathan Chung,1
STR0199,Mariaview Outlet,Southeast US,USA,Brownview,Small,2016-11-17,Michele Watson,1
STR0200,Mitchellview Store,Southeast US,USA,North Michelle,Small,2018-12-08,Timothy Sanders,1
STR0201,West Mitchell Hub,Southeast US,USA,Robertberg,Flagship,2013-02-11,Kayla Howard,1
STR0202,Travismouth Store,Southeast US,USA,Scottstad,Flagship,2016-04-02,Lydia Ortega,1
STR0203,Kathyshire Hub,Southeast US,USA,Christineside,Flagship,2020-09-14,Adam Johns,1
STR0204,Lauraport Retail,Southeast US,USA,North Jordanmouth,Large,2013-11-19,John Case,1
STR0205,Rachaelborough Store,Southeast US,USA,South Thomas,Large,2018-01-17,Bryan Ray,1
STR0206,West Jacobfurt Outlet,Southeast US,USA,Sparkstown,Flagship,2024-03-25,Sherry Yoder,1
STR0207,East Emily Outlet,Southeast US,USA,West Sharonfurt,Flagship,2014-07-04,David Sandoval,0
STR0208,West Kevin Outlet,Southeast US,USA,Lake Jessica,Large,2022-10-05,Charles Walker,1
STR0209,Parkerfurt Outlet,Southeast US,USA,Port Katherinemouth,Large,2021-07-13,Sharon Davis,1
STR0210,Smithfurt Retail,Southeast US,USA,New Kristyberg,Medium,2016-09-22,Christy Johnson,1
STR0211,West Jennifer Store,Southeast US,USA,Lake Mariatown,Medium,2013-08-30,Brandy Johnson,1
STR0212,Annshire Hub,Southeast US,USA,Patelchester,Large,2013-12-04,Tammy Walter,1
STR0213,Brownberg Outlet,Southeast US,USA,Danatown,Small,2022-03-10,Alicia Scott,1
STR0214,Andersontown Outlet,Southeast US,USA,East Michael,Medium,2017-03-28,Philip Watts,1
STR0215,Port Dawnberg Outlet,Southeast US,USA,Richardtown,Small,2017-08-31,Brandon Cervantes,1
STR0216,North Jerry Store,Southeast US,USA,Murphyland,Large,2019-05-26,Nicole Thornton,1
STR0217,Laceyfurt Retail,Southeast US,USA,South Robert,Large,2020-05-07,Kevin Alvarez,1
STR0218,South Jonathanmouth Store,Southeast US,USA,Benjamintown,Flagship,2016-11-22,Jeffrey Fernandez,1
STR0219,Emilymouth Retail,Southeast US,USA,Jenkinschester,Large,2022-06-25,Mrs. Samantha Cohen MD,1
STR0220,Port Jessicachester Hub,Southeast US,USA,Lake Williamview,Large,2015-09-07,Margaret Greene,1
STR0221,Blakeland Retail,Southeast US,USA,Port Patrickton,Large,2016-06-22,Ashley Smith,1
STR0222,Walterbury Hub,Southeast US,USA,West Whitneyhaven,Small,2019-12-16,Christopher Davenport,1
STR0223,Port John Hub,Southeast US,USA,Avilachester,Flagship,2023-03-02,Carmen Conley,1
STR0224,Port Brian Retail,Southeast US,USA,Wareton,Medium,2019-12-10,Jeffrey Hardy,1
STR0225,New Daniel Outlet,Southeast US,USA,Michaelberg,Small,2021-07-29,Tammy Stuart,0
STR0226,Jonesberg Retail,Southeast US,USA,Munozchester,Flagship,2024-04-03,Jim Flores,1
STR0227,New Christine Store,Southeast US,USA,Lambertport,Flagship,2012-05-08,Adrian Hale,1
STR0228,New Taylorside Hub,Southeast US,USA,Harpermouth,Large,2013-01-30,Robert Carson,1
STR0229,North Teresa Hub,Southeast US,USA,Terrimouth,Large,2018-09-28,Beth Smith,1
STR0230,Melanieville Retail,Southeast US,USA,West Sabrina,Small,2020-05-21,Randall Lopez,1
STR0231,Jacobberg Store,Southeast US,USA,Morenoview,Medium,2025-05-10,Miguel Jackson,1
STR0232,East Claire Retail,Southeast US,USA,Parkershire,Medium,2013-04-06,Crystal Fisher,1
STR0233,New Alyssa Retail,Southeast US,USA,Booneview,Medium,2023-01-03,Michele Harris,1
STR0234,West Shaunstad Hub,Southeast US,USA,Pierceville,Flagship,2019-01-07,Rachel Mayo,1
STR0235,New Justinborough Store,Southeast US,USA,Laraview,Large,2019-10-22,Marie Robinson,1
STR0236,Port Tanyatown Hub,Southeast US,USA,Kinghaven,Small,2025-06-30,David Berg,1
STR0237,New Michael Outlet,Southeast US,USA,South Pamela,Medium,2020-12-15,Edward Buchanan,1
STR0238,Perrytown Store,Southeast US,USA,Wayneport,Medium,2012-11-17,Jennifer Long,1
STR0239,Danielmouth Store,Southeast US,USA,Kathrynville,Small,2020-06-26,Alexander Jackson Jr.,1
STR0240,New Bradland Outlet,Southeast US,USA,Jamesshire,Large,2018-07-30,Kristen Good,1
STR0241,Dannyfort Hub,Southeast US,USA,Stephensport,Large,2016-07-24,Michelle Chavez,1
STR0242,Hermanburgh Outlet,Southeast US,USA,Burgessshire,Flagship,2016-02-19,Karen Ross,1
STR0243,Benjaminmouth Retail,Southeast US,USA,Yoderland,Flagship,2024-03-06,Jessica Turner,1
STR0244,North Shane Outlet,Southeast US,USA,Johnathanshire,Small,2011-10-14,Monica Riley,1
STR0245,Karlville Retail,Southeast US,USA,Murrayland,Large,2017-01-02,Justin Maldonado,1
STR0246,Maryshire Store,Southeast US,USA,Gallaghermouth,Flagship,2022-11-11,Shaun Melton,1
STR0247,Schroederland Hub,Southeast US,USA,Jonesberg,Large,2020-07-04,Lori Watkins,1
STR0248,Hendersonborough Hub,Southeast US,USA,New Debraland,Flagship,2022-07-25,Stephen Rasmussen,1
STR0249,Lake Julieview Hub,Southeast US,USA,West Ashleyview,Large,2013-02-17,Annette Booth,1
STR0250,Turnerside Outlet,Southeast US,USA,East Robert,Small,2025-03-02,Valerie Mann,1
STR0251,Lake David Outlet,Southeast US,USA,South Courtney,Flagship,2023-03-23,Alicia Rodriguez,1
STR0252,New Mary Outlet,Southeast US,USA,New Stephanie,Flagship,2011-12-23,Douglas Murphy,1
STR0253,Lindseyborough Retail,Southeast US,USA,West Rebeccastad,Flagship,2021-12-16,Cory Fry,1
STR0254,Clarkchester Outlet,Southeast US,USA,North Jamesstad,Large,2022-11-11,Ryan Bowman,1
STR0255,Aliland Hub,Southeast US,USA,Port Jennifer,Small,2020-09-29,Nicholas Benton,1
STR0256,Gloriamouth Hub,Southeast US,USA,Stewartside,Flagship,2014-03-12,Maureen Boone,1
STR0257,Smithberg Outlet,Southeast US,USA,Meadowshaven,Flagship,2018-12-31,Jose Martin,1
STR0258,Oscarville Retail,Southeast US,USA,North Benjamin,Medium,2018-04-26,Lindsay Reynolds,1
STR0259,East Karenbury Store,Southeast US,USA,New Megan,Large,2014-11-06,Margaret Gutierrez,1
STR0260,East Kyleburgh Hub,Southeast US,USA,Port Andrew,Small,2020-03-03,Jason Ray,1
STR0261,Lake Kevinfurt Store,Southeast US,USA,Mcgeeburgh,Medium,2019-08-25,James Watson,1
STR0262,Jamieborough Retail,Southeast US,USA,East Timothy,Flagship,2024-06-08,Emily Nelson,1
STR0263,Stacyton Retail,Southeast US,USA,Leslieville,Flagship,2023-02-01,Kayla Davis,1
STR0264,South Tylerview Store,Southeast US,USA,Davidside,Flagship,2020-05-01,Richard Vega,1
STR0265,Terryfurt Outlet,Southeast US,USA,South Karen,Large,2014-08-01,Madison Khan,1
STR0266,Lake Victorchester Hub,Southeast US,USA,East Reginaborough,Flagship,2024-07-01,Michael Knight,1
STR0267,Smithfurt Store,Southeast US,USA,Port Peter,Flagship,2021-11-08,Yvonne Braun,1
STR0268,North Misty Store,Southeast US,USA,Davidfurt,Small,2015-10-26,Olivia Wiggins,1
STR0269,North Jennifer Hub,Southeast US,USA,West Lisafort,Large,2014-06-21,Hunter Cox,1
STR0270,Hernandeztown Outlet,Southeast US,USA,West Kimberlyhaven,Small,2018-01-13,Stephanie Taylor,1
STR0271,Port Christopher Outlet,Southeast US,USA,Payneport,Flagship,2016-04-27,Victoria Roy MD,1
STR0272,Lauratown Hub,Southeast US,USA,Martinburgh,Flagship,2015-09-11,Roberto Taylor,1
STR0273,West Ariel Hub,Southeast US,USA,East Danielmouth,Flagship,2023-05-22,Jacqueline Conley,1
STR0274,Dodsonfort Store,Southeast US,USA,Kimberlyport,Medium,2016-11-02,Candice Howard,1
STR0275,Port Christine Store,Southeast US,USA,Mooreberg,Flagship,2013-10-13,Anna Perkins,1
STR0276,New William Hub,Southeast US,USA,Bethanymouth,Flagship,2019-09-04,Kevin Smith,1
STR0277,East Gary Store,Southeast US,USA,Madelineside,Flagship,2011-12-21,Susan Luna,1
STR0278,South Williamshire Store,Southeast US,USA,Christophershire,Large,2021-09-28,Phillip Ellis,1
STR0279,Vanessaland Hub,Southeast US,USA,Lake Carolville,Small,2015-04-27,Todd Dixon,1
STR0280,Lake Amystad Hub,Southeast US,USA,Mayermouth,Small,2017-06-11,Shannon Walter,1
STR0281,West Destinyhaven Hub,Southeast US,USA,Navarromouth,Medium,2011-08-13,Amy Schroeder,1
STR0282,East Chloe Outlet,Southeast US,USA,West James,Large,2018-05-23,Kendra Dudley,1
STR0283,Markland Hub,Southeast US,USA,Lake Cathy,Small,2015-03-21,Leslie Torres,1
STR0284,Aprilmouth Hub,Southeast US,USA,New Melissa,Large,2015-10-29,Randall Robinson,1
STR0285,Ericville Hub,Southeast US,USA,Davidview,Small,2016-02-25,Lisa Parker,1
STR0286,Lifurt Store,Southeast US,USA,Lake Natalie,Large,2013-05-19,Ryan Vasquez,0
STR0287,Lake Reneetown Retail,Southeast US,USA,Riveraton,Flagship,2017-06-04,Cathy Wall,0
STR0288,New Johnny Retail,Southeast US,USA,Mirandaburgh,Flagship,2018-07-19,Christopher Benton,1
STR0289,Williamsville Outlet,Southeast US,USA,South Heidihaven,Small,2017-01-03,Eric Wilson,1
STR0290,Port Tammychester Retail,Southeast US,USA,Acostafort,Large,2019-02-13,Dr. Jacob Stein,1
STR0291,Lake Christopherhaven Hub,Southeast US,USA,Benderfurt,Medium,2017-03-21,Amanda Bender,1
STR0292,Kellyville Hub,Southeast US,USA,West Samanthaberg,Medium,2016-10-25,Elizabeth Gonzalez,1
STR0293,New Robert Retail,Southeast US,USA,Yvonneshire,Flagship,2019-08-26,Maria Lewis,1
STR0294,Owensberg Store,Southeast US,USA,Thorntonside,Flagship,2012-09-02,Laura Munoz,1
STR0295,Frederickfort Store,Southeast US,USA,West Stephanie,Medium,2018-04-25,Samantha Owens,1
STR0296,Harrisland Outlet,Southeast US,USA,Bradfurt,Flagship,2015-07-14,Gregory Davis,1
STR0297,Nicoletown Retail,Southeast US,USA,Staceybury,Flagship,2014-06-30,Kristine Brown,1
STR0298,Coryshire Store,Southeast US,USA,New Steven,Small,2011-09-21,Valerie Thomas,1
STR0299,East Kimberlyport Outlet,Southeast US,USA,Heathershire,Large,2022-11-02,Heather Thompson,1
STR0300,South Veronicastad Hub,Southeast US,USA,East Rachelstad,Large,2013-12-26,Laura Anderson,1
STR0301,Port Brettview Outlet,Southeast US,USA,South Christopher,Medium,2011-12-15,Edward Lang,0
STR0302,Lake Abigail Hub,Southeast US,USA,West Reneemouth,Small,2013-03-05,Adam Reyes,1
STR0303,Morganburgh Outlet,Southeast US,USA,South Shannonstad,Large,2020-09-16,Katrina Mcintosh,0
STR0304,Port Cassandraview Outlet,Southeast US,USA,Stewarttown,Small,2020-05-06,Juan Lewis,0
STR0305,South Andrewchester Hub,Southeast US,USA,West Amberside,Large,2018-12-17,Michael Thomas,1
STR0306,Campbellton Retail,Southeast US,USA,South Benjaminbury,Flagship,2015-08-30,John Gentry,1
STR0307,South Karenland Outlet,Southeast US,USA,Kennethborough,Medium,2019-11-10,Calvin Lewis,1
STR0308,North Ryanburgh Outlet,Southeast US,USA,Gonzalezside,Medium,2024-07-13,Antonio Marshall,1
STR0309,Port Matthew Outlet,Southeast US,USA,New Carrie,Medium,2021-02-20,Alexa Bowman,1
STR0310,Cardenastown Retail,Southeast US,USA,Julieberg,Large,2020-06-13,John Klein,1
STR0311,Victoriafort Retail,Southeast US,USA,Michelleberg,Large,2017-04-01,Tracy Thompson,1
STR0312,North Patriciafurt Retail,Southeast US,USA,North Thomasmouth,Large,2013-07-06,John Gallegos,1
STR0313,Port Holly Hub,Southeast US,USA,North Craig,Medium,2017-10-26,Teresa Holder,1
STR0314,Smithstad Outlet,Southeast US,USA,Stewartland,Large,2023-05-23,Brian Glenn,1
STR0315,West Michaelfurt Outlet,Southeast US,USA,Pittsmouth,Flagship,2017-07-29,Alicia Robinson,1
STR0316,Lake Nicholas Outlet,Southeast US,USA,Nathanhaven,Large,2022-12-05,Anthony Carey,1
STR0317,Baileyville Hub,Southeast US,USA,West Catherineshire,Small,2019-09-26,Joseph Smith,1
STR0318,New Glennmouth Store,Southeast US,USA,Port Kellyville,Flagship,2020-06-08,Amy Nguyen,1
STR0319,South Kevinton Outlet,Southeast US,USA,North Elizabeth,Small,2018-12-03,Taylor Miller,1
STR0320,Port Timothy Retail,Southeast US,USA,Port Beth,Large,2011-10-03,Lindsey Olson,1
STR0321,Brianport Hub,Southeast US,USA,Michaelburgh,Large,2023-11-25,Brittany Williams,1
STR0322,Leslieport Outlet,Southeast US,USA,East Jacquelineborough,Flagship,2021-07-27,Richard Brooks,1
STR0323,New Alexis Outlet,Southeast US,USA,Staceychester,Small,2018-07-06,Robert Bush,1
STR0324,Hillfort Hub,Southeast US,USA,North Stephanietown,Small,2013-07-25,Dale Gonzalez,1
STR0325,Danielmouth Outlet,Southeast US,USA,North Markchester,Medium,2021-02-10,James Contreras,1
STR0326,Jeffreyville Hub,Southeast US,USA,Tapiachester,Large,2024-01-21,Michael Martinez,1
STR0327,Ortizstad Retail,Southeast US,USA,West Bryan,Medium,2018-03-14,Robert Jones,1
STR0328,East Timothyfort Retail,Southeast US,USA,Port Jodyland,Large,2012-03-16,Lisa Rodriguez,0
STR0329,Wufurt Retail,Southeast US,USA,Jamesside,Small,2012-12-19,Theresa Casey,1
STR0330,East Susan Store,Southeast US,USA,Edwardsfort,Flagship,2019-01-09,William Greene,1
STR0331,Lukeshire Hub,Southeast US,USA,Lynchview,Medium,2023-11-16,Ryan Gregory,1
STR0332,Delgadoland Retail,Southeast US,USA,Wilkinsonside,Flagship,2020-01-04,Gregg Thomas,1
STR0333,Stephanieburgh Outlet,Southeast US,USA,Port Tiffanyfort,Small,2025-05-31,Paige Nguyen,1
STR0334,Brookeville Store,Southeast US,USA,New Nicholas,Flagship,2015-12-05,Lawrence Smith,1
STR0335,Lake Tina Store,Southeast US,USA,Williamfort,Large,2020-11-27,Lindsey Walsh,1
STR0336,East John Outlet,Southeast US,USA,South Caroline,Large,2014-07-07,Sarah Weaver,1
STR0337,Rileyland Outlet,Southeast US,USA,Evansburgh,Medium,2018-08-14,Tyler Weaver,1
STR0338,Lake Sara Hub,Southeast US,USA,New Wandahaven,Small,2015-04-18,Seth Gray,1
STR0339,West Adamborough Retail,Southeast US,USA,Port Rachel,Small,2019-06-14,Andrea Zamora,1
STR0340,South Jeffreyhaven Store,Southeast US,USA,Lisafurt,Medium,2020-03-29,Zachary Good,1
STR0341,Ayalaborough Retail,Midwest US,USA,Taylorview,Medium,2019-09-05,Cynthia Barber,1
STR0342,Lindsayfurt Store,Midwest US,USA,Lake Jennifer,Large,2012-06-03,Larry Castro,1
STR0343,Gonzalesville Retail,Midwest US,USA,Port Jeffreymouth,Large,2016-07-19,Lori Carrillo,1
STR0344,Dillonburgh Store,Midwest US,USA,West Brandyhaven,Medium,2022-04-27,Mark Perkins,1
STR0345,Anthonyhaven Store,Midwest US,USA,Smithberg,Small,2019-01-30,David Gilbert,1
STR0346,South Eric Retail,Midwest US,USA,West Jillchester,Medium,2015-03-26,Brittany Mullins,1
STR0347,Meyerside Store,Midwest US,USA,Port Melinda,Large,2019-03-21,Mrs. Amy Kennedy,1
STR0348,East Kenneth Outlet,Midwest US,USA,Howellstad,Small,2012-04-01,Anita Lowe,1
STR0349,East Kristiton Hub,Midwest US,USA,South Frances,Small,2022-01-22,Johnathan Jenkins,1
STR0350,East Renee Hub,Midwest US,USA,East Michaelberg,Flagship,2016-07-05,Crystal Jacobson,1
STR0351,Lake Jacob Retail,Midwest US,USA,Hernandezburgh,Flagship,2015-08-30,Anthony Adams,1
STR0352,South Judy Retail,Midwest US,USA,Allenville,Large,2024-01-20,Elizabeth Cook,1
STR0353,North Samanthaburgh Retail,Midwest US,USA,East Rebecca,Small,2015-05-17,Jody Mendoza,0
STR0354,East Meganfort Hub,Midwest US,USA,Bradyport,Flagship,2013-09-24,Amy West,1
STR0355,New Davidfort Hub,Midwest US,USA,South Derrickhaven,Flagship,2018-07-18,Steven Cox,1
STR0356,North Melinda Retail,Midwest US,USA,Port Taylorside,Large,2015-04-26,Scott Mccullough,1
STR0357,Jessicabury Retail,Midwest US,USA,West Evan,Medium,2019-03-18,Jody White,1
STR0358,Georgeshire Outlet,Midwest US,USA,Conwaytown,Flagship,2012-04-01,Brandon Kim,0
STR0359,South Aaronview Outlet,Midwest US,USA,East Christina,Flagship,2017-07-12,Mary Mendoza,1
STR0360,Charlotteville Hub,Midwest US,USA,North Lindsey,Small,2020-02-04,Steven Baldwin,1
STR0361,Davisstad Retail,Midwest US,USA,Dawsonview,Medium,2021-11-07,Christina Rhodes,1
STR0362,Amyport Store,Midwest US,USA,Carlafurt,Flagship,2025-01-25,Cassandra Jensen,1
STR0363,Lake Jeffreychester Hub,Midwest US,USA,Montesfort,Flagship,2022-04-03,Julie Walters,1
STR0364,South Carmen Retail,Midwest US,USA,South Kevin,Large,2018-12-04,Laurie Riley,1
STR0365,Port Gregoryview Outlet,Midwest US,USA,South Samantha,Large,2024-07-26,Jennifer Bonilla,1
STR0366,East Zacharymouth Hub,Midwest US,USA,Keithside,Small,2012-05-01,Matthew Brennan,1
STR0367,West Eric Retail,Midwest US,USA,Port Scott,Small,2015-09-26,Gregory Chandler,1
STR0368,Lewischester Outlet,Midwest US,USA,Evansmouth,Medium,2017-12-09,John Hill,1
STR0369,Jenniferbury Outlet,Midwest US,USA,New Alexis,Small,2012-03-17,Lisa Munoz,1
STR0370,Wisehaven Hub,Midwest US,USA,Davisport,Small,2012-02-10,Brett Haynes,1
STR0371,Williamsborough Outlet,Midwest US,USA,West Christinastad,Large,2016-02-11,Ashley Keith,1
STR0372,Matthewfort Store,Midwest US,USA,North Kendrastad,Medium,2018-07-30,Kevin Harris,1
STR0373,Kristinberg Store,Midwest US,USA,North Meganton,Small,2016-01-12,Amber Phillips,1
STR0374,New Bianca Outlet,Midwest US,USA,Lake Dennishaven,Small,2012-09-13,Danny Bell,1
STR0375,Cliffordstad Store,Midwest US,USA,Port Jacquelineshire,Flagship,2012-01-25,Kendra Mann,1
STR0376,West Ryanton Retail,Midwest US,USA,North Stephanie,Large,2013-05-15,Alicia Lewis MD,1
STR0377,Murphystad Outlet,Midwest US,USA,Sabrinaberg,Large,2015-05-11,Hannah Griffin,1
STR0378,New Emmaberg Outlet,Midwest US,USA,East Elizabethmouth,Small,2013-08-06,Jonathan Gonzalez,1
STR0379,Kristinastad Store,Midwest US,USA,Port James,Flagship,2017-08-19,Laurie Alexander,1
STR0380,Roseport Retail,Midwest US,USA,North Stephaniestad,Small,2023-02-11,Alicia Oliver,1
STR0381,North Kent Store,Midwest US,USA,Glennberg,Flagship,2017-09-13,David Edwards,1
STR0382,West Maria Outlet,Midwest US,USA,East Rebeccaberg,Medium,2024-02-24,Dawn Mills,1
STR0383,Elizabethmouth Outlet,Midwest US,USA,Darrenstad,Small,2014-06-23,Brandon Robinson,1
STR0384,Nicolehaven Store,Midwest US,USA,East Lindsey,Medium,2015-06-25,Melissa King,1
STR0385,Cowanport Retail,Midwest US,USA,Lake Natasha,Small,2021-10-28,Sue Rojas,1
STR0386,East Karenbury Hub,Midwest US,USA,Hernandezland,Flagship,2019-09-30,Craig Graham,1
STR0387,New Trevorborough Hub,Midwest US,USA,Matthewsbury,Large,2016-04-09,Gavin Keller,1
STR0388,Mitchellview Retail,Midwest US,USA,Crawfordhaven,Large,2019-09-09,Matthew Mills,1
STR0389,West Christina Outlet,Midwest US,USA,Katherinemouth,Flagship,2023-05-07,Thomas Chambers,1
STR0390,West Alyssabury Outlet,Midwest US,USA,North Tammyland,Small,2023-07-09,Andrea Brandt,1
STR0391,Lake Matthew Retail,Midwest US,USA,East Jimmymouth,Small,2024-01-05,Jessica Franco,1
STR0392,Nicoleport Store,Midwest US,USA,Steveside,Medium,2013-01-07,Joshua Murphy,1
STR0393,Barryview Outlet,Midwest US,USA,Richardsonburgh,Large,2014-12-26,Linda Parker,1
STR0394,Phillipsfort Hub,Midwest US,USA,Lake Victoria,Flagship,2013-12-24,Cody Smith,1
STR0395,New Laura Hub,Midwest US,USA,Parksberg,Medium,2018-07-25,Mitchell Arroyo,1
STR0396,Torresfort Outlet,Midwest US,USA,North Tiffany,Small,2021-10-02,Cameron Matthews,1
STR0397,East Dennis Retail,Midwest US,USA,South Geraldhaven,Flagship,2014-07-21,Michael Anderson,1
STR0398,South Teresa Retail,Midwest US,USA,Kevinmouth,Large,2021-06-02,Kaitlyn Cannon,1
STR0399,Port Franciscoside Hub,Midwest US,USA,North Amberbury,Flagship,2019-12-22,Andrew Black,1
STR0400,Robinsonburgh Hub,Midwest US,USA,East Joseph,Small,2017-09-13,Christopher Franco,1
STR0401,New Ericabury Store,Midwest US,USA,Bestburgh,Flagship,2022-02-28,Donna Fowler,1
STR0402,Johnfort Outlet,Midwest US,USA,West Alejandrafort,Small,2023-09-02,Brittany Smith,1
STR0403,New Tricia Retail,Midwest US,USA,North Katherine,Medium,2016-02-23,Victoria Miller,1
STR0404,Brownhaven Hub,Midwest US,USA,South Rebecca,Small,2019-03-15,Dorothy Sanders,1
STR0405,Sherryborough Outlet,Midwest US,USA,North Waltermouth,Large,2018-09-13,Heather Mullins,1
STR0406,Jenniferchester Store,Midwest US,USA,Adamburgh,Small,2024-05-26,Derek Barker,1
STR0407,Nelsonborough Retail,Midwest US,USA,South Bobbychester,Medium,2016-10-19,James Donaldson,1
STR0408,Carlosfort Outlet,Midwest US,USA,Port Matthewstad,Large,2022-02-22,Timothy Armstrong,1
STR0409,Stephensonville Store,Midwest US,USA,Perezhaven,Medium,2022-11-05,Jennifer Bullock,1
STR0410,Rubenland Outlet,Midwest US,USA,Taylorfort,Medium,2014-10-05,Jeffery Castaneda,1
STR0411,Josephbury Store,Midwest US,USA,Matamouth,Small,2013-08-29,Elizabeth Davis,1
STR0412,Allenton Hub,Midwest US,USA,Port Jessicabury,Flagship,2017-11-01,Stephanie Williams,1
STR0413,East Coryburgh Hub,Midwest US,USA,North Davidton,Large,2020-06-28,Ms. Alexis Martinez MD,1
STR0414,Acostamouth Outlet,Midwest US,USA,Port Andrewside,Medium,2015-04-18,Angela Gallagher,1
STR0415,South Nancychester Hub,Midwest US,USA,Woodfort,Flagship,2019-07-10,Mark Yang,1
STR0416,Port Sheryl Outlet,Midwest US,USA,Jenkinsburgh,Small,2014-10-09,Lauren Nguyen,1
STR0417,Riddleberg Retail,Midwest US,USA,New Brittanymouth,Large,2020-02-03,Nicholas Mcdowell,1
STR0418,South Janet Retail,Midwest US,USA,Benjaminland,Small,2023-08-11,Lawrence Holland,1
STR0419,Langburgh Outlet,Midwest US,USA,Dannychester,Small,2019-10-03,Teresa Gonzalez,1
STR0420,Wilsonshire Retail,Midwest US,USA,New Christineshire,Flagship,2011-08-11,Thomas Martin,1
STR0421,Nguyenhaven Retail,Midwest US,USA,West Patricia,Flagship,2021-06-24,Kathy Williams,1
STR0422,Sydneyborough Store,Midwest US,USA,Brianfurt,Large,2019-01-01,Zachary Harris,1
STR0423,West Courtneyport Store,Midwest US,USA,East Elizabethberg,Small,2020-01-03,Melanie Cruz,1
STR0424,Kylechester Outlet,Midwest US,USA,Hannahville,Small,2015-08-29,Jeffrey Armstrong,1
STR0425,Port Jeffrey Store,Midwest US,USA,New Jeffreyhaven,Small,2013-07-23,William Molina,1
STR0426,North Christina Hub,Midwest US,USA,North Jamesborough,Flagship,2019-01-07,Rachel Miller,1
STR0427,Lake Sean Store,Midwest US,USA,Petersonton,Large,2019-05-04,Mary Wood,1
STR0428,Charlesberg Outlet,Midwest US,USA,Barnesborough,Flagship,2017-03-31,Kelly Jones,1
STR0429,Elaineland Outlet,Midwest US,USA,Paulhaven,Small,2020-10-03,David Bailey,1
STR0430,Fordshire Outlet,Midwest US,USA,Johnsonborough,Small,2020-08-26,Michele Bowman,1
STR0431,Frankburgh Hub,Midwest US,USA,Morganburgh,Large,2024-02-24,Ryan Henderson,1
STR0432,Benjaminville Store,Midwest US,USA,Jasonfort,Large,2019-02-06,Laura Williams,1
STR0433,Popetown Store,Midwest US,USA,Port Nicoletown,Large,2023-02-21,Leslie Stewart,1
STR0434,North John Hub,Midwest US,USA,New Michaelhaven,Medium,2018-02-27,Tammy Smith,1
STR0435,Grimesshire Retail,Midwest US,USA,Lake Patriciaton,Large,2019-12-01,Donna Patterson,1
STR0436,Kellyburgh Outlet,Midwest US,USA,New Kathryn,Medium,2016-05-10,Kristi Sampson,1
STR0437,North Shanechester Retail,Midwest US,USA,Markchester,Flagship,2013-11-21,Dr. Eric Bond,1
STR0438,New Janicebury Retail,Midwest US,USA,Mezaton,Large,2017-01-12,Jason Weber,1
STR0439,Garzaberg Store,Midwest US,USA,New Joseph,Large,2017-08-17,Kevin Sherman,1
STR0440,West Lucasberg Hub,Midwest US,USA,Port Victoria,Medium,2019-06-06,David Woods,1
STR0441,East Barbara Store,Midwest US,USA,Lake Andrewburgh,Medium,2024-06-04,Megan Peters,1
STR0442,Martinton Retail,Midwest US,USA,East Normanport,Small,2021-05-15,Sandra Lee,1
STR0443,New Michaelville Store,Midwest US,USA,Annbury,Flagship,2012-08-10,Patricia Ruiz,1
STR0444,South Frederick Store,Midwest US,USA,North Beth,Medium,2023-11-05,Nicole Monroe,1
STR0445,Joshuaburgh Retail,Midwest US,USA,Matthewborough,Flagship,2021-08-24,Michael Webster,1
STR0446,Klinestad Store,Midwest US,USA,Walkerstad,Flagship,2013-12-30,Amanda Silva,1
STR0447,Lisaberg Hub,Midwest US,USA,Lake Karen,Medium,2019-10-04,Dawn Medina,1
STR0448,Riveraland Outlet,Midwest US,USA,Lorifort,Flagship,2024-08-15,Mrs. Jackie Norris,1
STR0449,Austinburgh Store,Midwest US,USA,Reynoldsside,Large,2020-06-20,Anthony Morgan,1
STR0450,New Anthony Hub,Midwest US,USA,Haleyfurt,Flagship,2012-07-05,Joseph Williams,1
STR0451,North Ryan Hub,Midwest US,USA,Port Shannonshire,Flagship,2015-01-30,James Singleton,1
STR0452,Paulton Store,Midwest US,USA,West Nancy,Medium,2014-06-17,Charles Ponce,1
STR0453,Dicksonside Retail,Midwest US,USA,Masonhaven,Flagship,2023-06-25,Eric Thomas,1
STR0454,Collinshaven Retail,Midwest US,USA,North Josephbury,Small,2016-09-08,Michael Henderson,1
STR0455,North Rhondaborough Store,Midwest US,USA,Port John,Large,2022-03-05,Cody Walker,1
STR0456,Bryanside Store,Midwest US,USA,Amyburgh,Flagship,2024-07-01,Kristen Hamilton,1
STR0457,North Travisberg Store,Midwest US,USA,West Coreytown,Flagship,2021-05-12,Amber Kelly,1
STR0458,New Karen Retail,Midwest US,USA,Scottfurt,Flagship,2013-03-30,Jennifer Robles,1
STR0459,Stephaniemouth Outlet,Midwest US,USA,East William,Medium,2020-11-12,April Ross,1
STR0460,Jennaville Retail,Midwest US,USA,Mariatown,Large,2022-03-23,Jose Bradley,1
STR0461,Martinezmouth Outlet,Midwest US,USA,Port Kendraton,Small,2023-02-15,Michelle Schultz,1
STR0462,Port Jennifertown Outlet,Midwest US,USA,Franklinburgh,Medium,2016-03-05,James Harrington,1
STR0463,West Cynthia Outlet,Midwest US,USA,Port Manuelview,Flagship,2021-05-24,Allison Flynn,1
STR0464,West Nataliestad Store,Midwest US,USA,Higginston,Flagship,2025-02-15,Veronica Christensen,1
STR0465,Williamschester Retail,Midwest US,USA,Hannaton,Small,2020-02-02,Kristen Meyer,1
STR0466,West Meganmouth Store,Midwest US,USA,Nguyenside,Medium,2024-01-15,Renee Joyce,1
STR0467,Lake Brandon Hub,Midwest US,USA,Christopherstad,Small,2016-03-18,Chase Pena,1
STR0468,West Sean Store,Midwest US,USA,Robinsonton,Large,2021-12-21,Keith Kim,1
STR0469,East Joanna Store,Midwest US,USA,South Melissa,Flagship,2024-06-22,Michelle Berry,1
STR0470,East Davidtown Hub,Midwest US,USA,Roseview,Small,2014-08-10,Cassandra Chan,1
STR0471,Shannonmouth Hub,Midwest US,USA,Lake Kevinmouth,Small,2022-02-14,Dean Boyd,1
STR0472,Hoodmouth Store,Midwest US,USA,North Amber,Medium,2019-12-09,Cameron Rowe,1
STR0473,West Amandatown Retail,Midwest US,USA,Laurahaven,Large,2017-10-02,Jacob Wade,1
STR0474,North Sheliamouth Store,Southwest US,USA,Oliviahaven,Small,2015-09-07,Jaime Hays,1
STR0475,New Cathymouth Outlet,Southwest US,USA,Lake Rebeccachester,Small,2024-07-18,Natalie Carter,1
STR0476,Michaeltown Retail,Southwest US,USA,Pageburgh,Flagship,2023-01-29,Michelle Rodriguez,1
STR0477,Lopezberg Retail,Southwest US,USA,West Sabrinafort,Flagship,2018-01-30,Edward Griffin,0
STR0478,Lake Gabrielburgh Outlet,Southwest US,USA,Chelseahaven,Small,2015-07-12,Michael Kaufman,1
STR0479,Stephanieshire Retail,Southwest US,USA,Longbury,Large,2021-11-12,Cindy Figueroa,1
STR0480,Williamston Retail,Southwest US,USA,Johnfurt,Large,2021-06-03,James Sloan DDS,1
STR0481,Nancyberg Outlet,Southwest US,USA,Lindabury,Large,2019-07-26,Renee Alexander,1
STR0482,Lake April Store,Southwest US,USA,New Donnaland,Flagship,2024-04-27,Dr. Zachary Lee,0
STR0483,Andrewstad Hub,Southwest US,USA,Jonesfurt,Medium,2021-08-11,Larry Pierce IV,1
STR0484,South Brandonburgh Retail,Southwest US,USA,Jorgestad,Flagship,2018-01-05,Stacey Taylor,1
STR0485,Ruizmouth Store,Southwest US,USA,Mcneilville,Small,2018-12-14,Michelle Armstrong,1
STR0486,Barajasport Retail,Southwest US,USA,Port Michelleburgh,Large,2023-04-01,Richard Stewart,1
STR0487,East Nicolehaven Hub,Southwest US,USA,Mitchelltown,Flagship,2012-01-28,Alexander Craig DDS,1
STR0488,West Kimberlyville Store,Southwest US,USA,East Travis,Large,2019-09-20,Lauren Torres,1
STR0489,East Micheal Retail,Southwest US,USA,North Beth,Large,2013-12-06,Lucas Taylor,1
STR0490,Ramirezport Outlet,Southwest US,USA,Elizabethmouth,Flagship,2016-06-16,Laura Cortez,1
STR0491,Lake Roberthaven Hub,Southwest US,USA,Williamview,Flagship,2011-10-01,Natalie Park,1
STR0492,Halebury Store,Southwest US,USA,West Brandonmouth,Flagship,2023-06-09,Mr. Gabriel Torres V,1
STR0493,Michaelland Outlet,Southwest US,USA,Geraldmouth,Large,2014-10-06,Amanda Mitchell,1
STR0494,New Kathryn Hub,Southwest US,USA,Rodriguezmouth,Small,2012-02-29,Michael Woodward,1
STR0495,Adrianland Store,Southwest US,USA,Port Williamborough,Large,2013-11-26,Sheila Gray,1
STR0496,North David Retail,Southwest US,USA,East Stephaniemouth,Large,2016-12-25,Brandon Wood,1
STR0497,Lake Christopher Outlet,Southwest US,USA,Adamchester,Flagship,2018-05-21,Jessica Norton,1
STR0498,Ramirezland Hub,Southwest US,USA,Robinsonside,Medium,2023-01-06,Jennifer Lee,1
STR0499,South Meredith Outlet,Southwest US,USA,New Jeffrey,Flagship,2021-05-13,Kristina Stanley,1
STR0500,Thomasburgh Outlet,Southwest US,USA,New Jessica,Flagship,2019-08-15,Melissa Anderson,1
STR0501,South Tricia Retail,Southwest US,USA,Amyland,Small,2015-08-08,Holly Fuentes,1
STR0502,West Derekton Hub,Southwest US,USA,Reedton,Large,2023-04-06,Stephanie Oliver,1
STR0503,Toddborough Store,Southwest US,USA,Harriston,Small,2022-10-20,David Calderon,1
STR0504,East Jose Hub,Southwest US,USA,Luisland,Small,2024-08-04,Charles Hunter,1
STR0505,Pollardmouth Store,Southwest US,USA,North Rhondaborough,Large,2014-05-06,Stephen Weaver,1
STR0506,North Austinport Retail,Southwest US,USA,Courtneyport,Medium,2017-08-06,Mindy Burns,1
STR0507,Donaldshire Outlet,Southwest US,USA,Adamsville,Large,2023-03-05,Isabel Ball,1
STR0508,Millerbury Retail,Southwest US,USA,Rioshaven,Medium,2017-09-11,Jennifer Gonzalez,1
STR0509,Port Stacy Hub,Southwest US,USA,South Richard,Large,2022-12-19,Jennifer Warren,1
STR0510,West Kathryn Store,Southwest US,USA,Davidmouth,Small,2022-10-05,Hannah Cantrell,1
STR0511,East Bridgetmouth Store,Southwest US,USA,South Alexanderfort,Flagship,2017-11-28,Sharon Hughes,1
STR0512,Katelynland Retail,Southwest US,USA,Lake Annahaven,Large,2018-10-20,Renee Mann,1
STR0513,Rodriguezview Hub,Southwest US,USA,New James,Medium,2023-08-24,Denise Cooper,0
STR0514,Port Williamfurt Outlet,Southwest US,USA,South Jennifer,Flagship,2022-05-17,Robert Reed,1
STR0515,Greenport Store,Southwest US,USA,Sheltonbury,Small,2019-06-18,Eric Mcknight,1
STR0516,Timothyview Hub,Southwest US,USA,Theresaberg,Small,2017-08-15,Mrs. Taylor Petersen,1
STR0517,Howellhaven Outlet,Southwest US,USA,South Jeffreymouth,Large,2018-04-11,Robert Mayer,1
STR0518,North Joshuashire Outlet,Southwest US,USA,Kathrynstad,Large,2016-08-18,Neil Powell,1
STR0519,Deckerton Store,Southwest US,USA,New Michael,Large,2014-11-06,Cynthia Bridges,1
STR0520,Diamondborough Retail,Southwest US,USA,Port Jenniferton,Medium,2020-04-11,William Morris,1
STR0521,Boydland Store,Southwest US,USA,Thomasberg,Flagship,2014-03-10,Austin Mcdonald,1
STR0522,Port Heatherland Outlet,Southwest US,USA,Port Billyburgh,Flagship,2017-10-25,Karen Carey,1
STR0523,Ruizmouth Store,Southwest US,USA,New Kelliberg,Small,2019-12-16,Miss Carolyn May,1
STR0524,South Yolandamouth Hub,Southwest US,USA,Adamstad,Flagship,2016-04-02,Jeffrey Walters,1
STR0525,North Anthonyburgh Hub,Southwest US,USA,Lake Melaniemouth,Small,2020-02-11,Lauren Reed,1
STR0526,Jacksonland Outlet,Southwest US,USA,West Joshuatown,Small,2015-01-13,Linda Schroeder,1
STR0527,Alexanderberg Outlet,Southwest US,USA,New Natalie,Medium,2017-06-19,Edgar Mullen,1
STR0528,Yorkmouth Store,Southwest US,USA,Burtonton,Medium,2023-03-12,Barbara Rodriguez,1
STR0529,North Janicestad Retail,Southwest US,USA,South Larry,Small,2012-08-02,Steven Oconnor,1
STR0530,New Ashley Outlet,Southwest US,USA,New Matthew,Medium,2012-12-08,Oscar Martin,1
STR0531,Reyesfort Store,Southwest US,USA,Lamborough,Large,2023-08-01,Erik Wilson,1
STR0532,Kendrafort Outlet,Southwest US,USA,West Troyport,Small,2012-12-04,Richard Nichols,1
STR0533,West Markstad Outlet,Southwest US,USA,Wadeport,Medium,2013-05-31,Emma Webster,1
STR0534,Donaldsonberg Retail,Southwest US,USA,North Alisonfort,Medium,2023-10-13,Sandra Anthony,1
STR0535,Sarahside Store,Southwest US,USA,Chelseamouth,Medium,2018-08-16,Nicholas Ortiz,1
STR0536,Lake Yvonnechester Outlet,Southwest US,USA,Brownmouth,Small,2013-09-19,Cynthia Wood,1
STR0537,North Kenneth Retail,Southwest US,USA,Paulland,Small,2015-02-28,Maria Brown,1
STR0538,East Traceyport Outlet,Southwest US,USA,West Edward,Medium,2015-01-23,Ruben Dawson,1
STR0539,Melanieport Hub,Southwest US,USA,Port Michael,Small,2016-02-29,Michael Armstrong,1
STR0540,North Chelsea Outlet,Southwest US,USA,Joefurt,Large,2025-01-14,Denise Wolf,1
STR0541,Valdezport Hub,Southwest US,USA,East Breanna,Large,2020-07-04,Michael Bell,1
STR0542,East Carolinefurt Retail,Southwest US,USA,West Justin,Medium,2024-09-01,Timothy Williams,1
STR0543,North Joshuaton Hub,Southwest US,USA,Allenborough,Flagship,2012-10-12,Stacey Duncan,1
STR0544,East Kevinstad Store,Southwest US,USA,Bryanview,Large,2014-08-05,Daniel Decker,1
STR0545,Jasonland Outlet,Southwest US,USA,Montgomerychester,Large,2017-01-01,Laura Howard,0
STR0546,Stevensonchester Store,Southwest US,USA,Beckfurt,Large,2016-07-22,Eric Wallace,1
STR0547,South Staceyton Retail,Southwest US,USA,North Hunterhaven,Large,2022-11-03,James Leon,1
STR0548,Velasquezmouth Retail,Southwest US,USA,East Stephen,Large,2015-01-06,David Baker,1
STR0549,Marvinside Store,Southwest US,USA,Lake Janet,Small,2018-05-31,Megan Jackson,1
STR0550,Tanyaport Hub,Southwest US,USA,Davidview,Flagship,2020-11-03,Steven Cook,1
STR0551,Ebonyside Store,Southwest US,USA,Port Alexanderbury,Large,2014-11-27,Courtney Morris,1
STR0552,New Theresaton Outlet,Southwest US,USA,Evanshaven,Medium,2012-06-06,Selena Henderson,1
STR0553,Boyleborough Hub,Southwest US,USA,New Jefferyside,Flagship,2017-11-25,Veronica Coffey,1
STR0554,New Caitlinborough Outlet,Southwest US,USA,South Hannahton,Flagship,2013-01-27,Monica Williams,1
STR0555,Rodriguezborough Hub,Southwest US,USA,Port Josephmouth,Flagship,2022-08-17,Tiffany Perez,1
STR0556,New Laura Store,Southwest US,USA,Johnnyview,Large,2015-04-12,Tiffany Simmons,1
STR0557,Derrickland Outlet,Southwest US,USA,South Richard,Flagship,2015-02-15,Jeremy Evans,1
STR0558,South Tashachester Hub,Southwest US,USA,North Phillipland,Large,2019-06-30,George Reyes,1
STR0559,Jenniferton Retail,Southwest US,USA,Bowmanmouth,Flagship,2025-06-15,Richard Potter,1
STR0560,North Christopher Outlet,Southwest US,USA,Fitzgeraldshire,Large,2020-03-27,Kelli Yang,1
STR0561,Benjaminburgh Outlet,Southwest US,USA,West Rachaelhaven,Small,2022-05-01,Sheryl Vincent,1
STR0562,East Raymond Store,Southwest US,USA,Port Hannahstad,Large,2021-03-26,Dr. Robert Valdez,1
STR0563,Cooleybury Retail,Southwest US,USA,Hartmanberg,Flagship,2019-12-04,Daniel Nicholson,1
STR0564,Mckenzieton Outlet,Southwest US,USA,North Eric,Small,2024-12-31,Ronald Hopkins,1
STR0565,Jameschester Retail,Southwest US,USA,East Tracy,Flagship,2012-04-10,Caroline Jones,1
STR0566,Gambleshire Outlet,Southwest US,USA,South Amanda,Large,2014-12-29,Joshua Brennan,1
STR0567,Melissafort Store,Southwest US,USA,South Teresa,Flagship,2022-09-18,Joshua York,1
STR0568,Crosbyburgh Retail,Southwest US,USA,East Jessica,Small,2019-10-25,James Landry DVM,1
STR0569,Tamaraburgh Outlet,Southwest US,USA,New Peterchester,Flagship,2013-08-07,Darryl Salazar,1
STR0570,South Julian Store,Southwest US,USA,Martinezberg,Medium,2017-01-17,Scott Garcia,1
STR0571,Garyburgh Outlet,Southwest US,USA,South Sydneyton,Medium,2015-09-08,Brenda Daniels,1
STR0572,West Steve Outlet,Southwest US,USA,Mooreside,Large,2018-10-25,Bruce Lane,1
STR0573,New Spencer Hub,Southwest US,USA,West Joelberg,Large,2024-05-06,Lisa Watson,1
STR0574,Johnsonfort Retail,Southwest US,USA,West Jasminville,Large,2015-02-21,Gabrielle Frazier,1
STR0575,Stevensville Retail,Southwest US,USA,Smithview,Flagship,2020-04-20,Nathan White,1
STR0576,Lake Clifford Retail,Southwest US,USA,Sullivanshire,Flagship,2018-09-11,Larry Mendoza,1
STR0577,Port James Store,Southwest US,USA,Port Heathershire,Small,2023-12-20,Stephanie Tucker,1
STR0578,East Stacyview Store,Southwest US,USA,West Alexis,Flagship,2017-12-24,Michelle Williams,1
STR0579,Lake Keithview Store,Southwest US,USA,East Tammyland,Small,2017-05-13,Keith Webb,1
STR0580,North Andreschester Retail,Southwest US,USA,Barbarashire,Medium,2021-08-05,Melanie Harris,1
STR0581,South Dennis Outlet,Southwest US,USA,West Carolfurt,Flagship,2018-02-27,Jodi Miller,1
STR0582,New Melanieberg Store,Southwest US,USA,Robinsonbury,Flagship,2019-03-23,Anthony Hernandez,1
STR0583,Russellfurt Hub,Southwest US,USA,South Blake,Small,2015-11-23,Veronica Smith,1
STR0584,West Kevin Store,Southwest US,USA,Tracyland,Large,2024-02-29,Ashley Santiago,0
STR0585,East Kyletown Hub,Southwest US,USA,Deannaview,Flagship,2015-01-17,Jennifer Spencer,1
STR0586,New Janet Store,Southwest US,USA,South Danielstad,Flagship,2024-09-20,Rachel Erickson,1
STR0587,Kimberlystad Outlet,Southwest US,USA,Morganton,Large,2019-09-24,Derrick Garrett,1
STR0588,Schmidtstad Outlet,Southwest US,USA,Anthonyport,Flagship,2011-09-01,Justin Murillo,1
STR0589,Melvinport Store,Southwest US,USA,New Ericview,Large,2023-12-22,Tony Davis,1
STR0590,Sanfordton Store,Southwest US,USA,Ryanton,Large,2021-10-17,Madison Nelson,1
STR0591,West Frederick Store,Southwest US,USA,Hahnland,Flagship,2013-10-30,Peggy White,1
STR0592,West Lauren Outlet,Southwest US,USA,Brownchester,Large,2014-04-21,Erik Reyes,1
STR0593,Christinashire Hub,Southwest US,USA,West Charles,Flagship,2024-02-14,James Smith,1
STR0594,Stephenton Store,Southwest US,USA,New Richard,Large,2013-06-02,Alicia Johnson,1
STR0595,East Lauren Retail,Southwest US,USA,Cameronberg,Large,2017-12-20,Cristina Summers,1
STR0596,North Brandonview Outlet,Southwest US,USA,Lake Paulmouth,Flagship,2021-07-04,Elizabeth Santiago,1
STR0597,West Johnview Outlet,Southwest US,USA,Port Williamland,Large,2025-02-15,Katherine Steele,1
STR0598,South Christopher Store,Southwest US,USA,Port Alexanderfurt,Medium,2017-02-05,Chelsea Macias,1
STR0599,Wileyview Store,Southwest US,USA,East Danielburgh,Medium,2012-07-19,William Rowland,1
STR0600,Robertville Hub,Southwest US,USA,South Alexis,Large,2012-12-25,Jacob Hunter,1
STR0601,Randyberg Retail,Southwest US,USA,South Jessica,Medium,2013-08-27,John Robertson,1
STR0602,Jessicabury Store,Southwest US,USA,Morenomouth,Flagship,2011-11-10,Amanda Horton,1
STR0603,Danielchester Hub,Southwest US,USA,Valerieside,Flagship,2025-01-14,Frederick Quinn,1
STR0604,Kingview Outlet,Southwest US,USA,Rangelmouth,Large,2021-11-22,Adrian Perez,1
STR0605,North Susan Retail,Southwest US,USA,Austinberg,Small,2024-09-22,Rodney Williams,1
STR0606,Port Danielle Store,Southwest US,USA,Cowanmouth,Small,2024-11-09,Gregory Andrade,1
STR0607,South Timothy Store,Southwest US,USA,Port Derrick,Flagship,2019-11-29,Gary Turner,1
STR0608,New Stephen Store,Southwest US,USA,Cassandraside,Small,2017-01-07,Matthew Simpson,0
STR0609,Garystad Hub,Southwest US,USA,East Justinton,Flagship,2022-07-01,Vincent Mays,1
STR0610,East Aaronside Outlet,Southwest US,USA,Dustinberg,Small,2025-01-20,Christina Harding,1
STR0611,Coxville Retail,Southwest US,USA,Torrestown,Large,2022-10-06,Jeffrey Lucas,1
STR0612,Lake Evan Hub,Southwest US,USA,North Angelaborough,Medium,2022-01-10,Lisa Welch,1
STR0613,Paultown Hub,Southwest US,USA,Michelleland,Large,2018-08-20,Haley Munoz,1
STR0614,Timothyshire Retail,Southwest US,USA,Forbesburgh,Large,2016-04-18,Cory Bell,1
STR0615,Emilyland Hub,Southwest US,USA,Jacksonfort,Large,2016-01-02,Vincent Williams,1
STR0616,Port Kelly Retail,Southwest US,USA,West Michelleberg,Large,2012-04-05,Cheryl Smith,1
STR0617,Garybury Store,Southwest US,USA,Powellbury,Medium,2014-10-17,Rebecca Brown,1
STR0618,Port Victorshire Hub,Southwest US,USA,Collinston,Flagship,2023-02-11,Lisa Payne,1
STR0619,Port Michelle Retail,Southwest US,USA,North Josephmouth,Flagship,2018-08-07,Amber Holland,1
STR0620,West Johnborough Store,West US,USA,West Gregorytown,Flagship,2022-07-20,Scott Carroll,1
STR0621,Mindyport Store,West US,USA,Markfort,Small,2023-05-07,Danielle Alvarez,1
STR0622,Michaelport Store,West US,USA,West Meganfort,Flagship,2015-04-08,Amber Miranda,1
STR0623,East Robertside Outlet,West US,USA,Lake Rebecca,Large,2015-01-22,David Newman,1
STR0624,Nelsonchester Retail,West US,USA,Mcintoshstad,Large,2017-07-10,Jason Jones,1
STR0625,Barkerfort Store,West US,USA,Hernandezview,Small,2017-05-24,Jeffrey Rodriguez,1
STR0626,Matthewhaven Hub,West US,USA,Vincenthaven,Large,2018-10-18,Charlotte Welch,1
STR0627,New Jeffreyview Outlet,West US,USA,Susanfort,Small,2016-07-14,Kara Cooper,1
STR0628,Hollymouth Outlet,West US,USA,North Barbaramouth,Large,2016-08-06,Kimberly Estes,1
STR0629,East Tara Store,West US,USA,Benjaminhaven,Medium,2013-06-22,Michael Browning,1
STR0630,North Andreaview Hub,West US,USA,Kimberlyshire,Large,2024-11-07,Yvonne Marshall,1
STR0631,West Lisaville Hub,West US,USA,Robertport,Medium,2015-03-10,Hannah Cook,1
STR0632,New Adam Retail,West US,USA,Leahshire,Flagship,2011-12-02,Alejandro Kline,1
STR0633,West Deannahaven Outlet,West US,USA,Leetown,Small,2021-02-10,Julie Cummings,1
STR0634,North John Retail,West US,USA,East Susan,Small,2022-03-13,Dr. Barbara Johnson,1
STR0635,Ebonyview Store,West US,USA,Kendrabury,Medium,2014-07-17,Bradley Howe,1
STR0636,Lake Rachel Hub,West US,USA,Port Robertstad,Small,2023-10-12,Jesus Hill,1
STR0637,Lucerofort Hub,West US,USA,Stephenview,Small,2019-07-29,Billy Sanford,1
STR0638,North Gilbert Hub,West US,USA,Ericville,Small,2022-11-12,Rodney Hurst,1
STR0639,Caseyland Hub,West US,USA,Gonzalesstad,Flagship,2017-07-29,Tonya Chapman,1
STR0640,Carrollshire Hub,West US,USA,Crosbyland,Large,2019-01-25,Ana Schroeder MD,1
STR0641,South Daniel Hub,West US,USA,East Roger,Large,2015-06-02,Victoria Young,1
STR0642,Lake Brian Store,West US,USA,Perezmouth,Small,2020-06-16,Kimberly Carter,1
STR0643,North Tammy Outlet,West US,USA,Emilyport,Small,2022-04-29,Jennifer Morrow,1
STR0644,New Sonia Retail,West US,USA,New Jennifer,Small,2014-01-27,Maureen Cook,0
STR0645,Johnmouth Hub,West US,USA,Williamburgh,Small,2014-01-18,Hannah Ramirez,1
STR0646,South Lisafort Store,West US,USA,Port Steven,Medium,2019-07-05,Nicholas Shelton,1
STR0647,West Jessicafort Hub,West US,USA,Hartmanfort,Large,2021-09-28,Eric Reed,0
STR0648,Patriciaport Hub,West US,USA,Lake Rebeccaton,Flagship,2020-01-31,Becky Copeland,1
STR0649,North Randybury Hub,West US,USA,South Dorothy,Flagship,2013-11-03,Candice Sanders,1
STR0650,Jadeview Store,West US,USA,East Tomstad,Large,2016-01-18,Jason Rodriguez,1
STR0651,North Codyfurt Hub,West US,USA,East Pamela,Medium,2015-03-25,Kristy Mcdonald,1
STR0652,Lisamouth Store,West US,USA,New Dustinchester,Small,2022-09-24,Wayne Howard,1
STR0653,New Melindabury Outlet,West US,USA,Mirandatown,Flagship,2016-09-03,Kelly Lopez,1
STR0654,Port Carmenborough Hub,West US,USA,West Michaelmouth,Flagship,2024-12-14,Mrs. Susan Sheppard MD,1
STR0655,Mullinsshire Store,West US,USA,South Dylanfort,Flagship,2023-12-05,Andrew Warren,1
STR0656,Port Saratown Outlet,West US,USA,Alvaradoberg,Medium,2024-05-01,Wendy Estes,1
STR0657,Middletonmouth Retail,West US,USA,Chelseafurt,Small,2019-10-28,Deborah Berry,1
STR0658,East Thomas Hub,West US,USA,Michaelport,Small,2021-09-07,Tyler West,1
STR0659,Port Shelly Retail,West US,USA,Miguelton,Small,2024-01-23,Amanda Hamilton,1
STR0660,Josephside Hub,West US,USA,East Aprilborough,Small,2021-01-05,Alyssa Cooper,1
STR0661,Jamiemouth Retail,West US,USA,Thomasside,Flagship,2017-04-25,Samantha Harrington,1
STR0662,Michaelburgh Store,West US,USA,Angelahaven,Small,2015-09-17,Amanda Hill,1
STR0663,Lake Jose Outlet,West US,USA,West Kristen,Medium,2022-01-23,David Frederick,1
STR0664,Port Lisaberg Outlet,West US,USA,Denisechester,Large,2022-10-13,Christopher Davis,1
STR0665,East Matthewchester Store,West US,USA,Kellyside,Medium,2022-10-01,Hannah Boyd,1
STR0666,North Michaelchester Outlet,West US,USA,South Luis,Small,2016-02-29,Jason Henry,1
STR0667,East Martintown Store,West US,USA,New Michelle,Flagship,2014-04-19,Glenn Chavez Jr.,1
STR0668,New Jeffrey Retail,West US,USA,New Melissaland,Large,2019-12-30,Michael Dunlap,1
STR0669,West Donaldborough Hub,West US,USA,East Madison,Large,2013-07-08,Megan Carpenter,1
STR0670,New Davidview Hub,West US,USA,Mayerberg,Medium,2013-01-08,Michael Riley,1
STR0671,Jordanland Store,West US,USA,North Kennethshire,Flagship,2014-08-24,Meghan Mercer,1
STR0672,West Christopher Store,West US,USA,Coryton,Large,2013-10-04,Stephanie Johnson,1
STR0673,Lake Linda Store,West US,USA,West Cheryl,Flagship,2016-01-08,Leah Soto,1
STR0674,Elizabethport Hub,West US,USA,Dillonton,Flagship,2019-12-25,William Newman,1
STR0675,Williamschester Store,West US,USA,Greeneshire,Flagship,2018-01-10,Daniel Alexander,1
STR0676,Jasonfurt Store,West US,USA,Shawnmouth,Large,2024-05-04,Ryan Thomas,1
STR0677,South Sarah Hub,West US,USA,North Melissachester,Large,2020-12-14,Donna Molina,1
STR0678,Port Kristintown Store,West US,USA,Kristinachester,Small,2014-10-05,Jennifer Conley,1
STR0679,North Brendaberg Retail,West US,USA,Gregoryside,Small,2015-11-12,Danny Tapia,1
STR0680,Ryanport Store,West US,USA,Cordovahaven,Flagship,2016-04-22,John Dean,1
STR0681,South Keith Outlet,West US,USA,Jackshire,Large,2011-10-09,Carol Lewis,1
STR0682,Baileyland Retail,West US,USA,Heatherburgh,Medium,2015-08-30,Nicholas Miller,1
STR0683,Lake Gregview Retail,West US,USA,New Alyssabury,Flagship,2014-10-29,Katherine Hernandez,1
STR0684,Zavalaport Store,West US,USA,West Angelaville,Flagship,2014-02-06,Gregory Wright,1
STR0685,East Seanview Outlet,West US,USA,Oconnorbury,Large,2014-06-07,Jason Price,1
STR0686,Jacksonshire Outlet,West US,USA,North Amandastad,Large,2011-09-28,Bethany Ferguson,1
STR0687,Thomashaven Hub,West US,USA,New Jeffrey,Flagship,2021-10-17,Jillian Hampton,1
STR0688,Valdezbury Hub,West US,USA,Weststad,Large,2021-05-27,Aaron Miller,1
STR0689,Andrewsview Outlet,West US,USA,South William,Large,2015-02-21,Ashley Miller,1
STR0690,Codymouth Store,West US,USA,Christopherfort,Medium,2019-07-27,Tracy Smith,1
STR0691,Amandastad Hub,West US,USA,Lake Gregoryland,Large,2024-04-16,Mackenzie Hammond,1
STR0692,Sarachester Outlet,West US,USA,South Shirleyshire,Medium,2017-03-04,Samuel Simon,1
STR0693,New Micheleland Store,West US,USA,Acostafurt,Flagship,2013-09-14,Mary Walters,1
STR0694,North Christopher Outlet,West US,USA,South Marilynland,Large,2023-02-20,Courtney Smith,1
STR0695,West Courtney Hub,West US,USA,Lake Tammyport,Flagship,2012-11-14,Claudia Mitchell,1
STR0696,Nicholasshire Outlet,West US,USA,Lake Tylerport,Medium,2019-07-13,Allison Navarro,1
STR0697,Ryanshire Hub,West US,USA,North Ericside,Medium,2014-04-02,Kenneth Orozco,1
STR0698,Cynthiatown Retail,West US,USA,Ayalahaven,Small,2021-01-19,Joshua Hughes,1
STR0699,Butlermouth Retail,West US,USA,Tuckerchester,Small,2022-08-02,James Jones,1
STR0700,Lake Rebeccaside Hub,West US,USA,Jeremiahshire,Medium,2015-09-18,Justin Allen,1
STR0701,South Richard Store,West US,USA,Webermouth,Small,2014-10-24,Carolyn Sellers,1
STR0702,South Kerri Retail,West US,USA,Mooreshire,Medium,2014-11-23,Jasmine Bauer,1
STR0703,West Teresa Outlet,West US,USA,New Angel,Small,2023-07-21,Andrew Shaw,1
STR0704,Johnshire Hub,West US,USA,Lake Adam,Flagship,2014-10-09,Holly Daniel,1
STR0705,Yangberg Hub,West US,USA,Joseshire,Small,2022-12-27,Karen Gibson,1
STR0706,Perezberg Outlet,West US,USA,Roweview,Large,2012-01-08,Brian Nash,1
STR0707,Lake Zacharychester Hub,West US,USA,South Matthewburgh,Medium,2021-10-17,David Davenport,1
STR0708,Gilbertfurt Retail,West US,USA,Aaronburgh,Medium,2017-03-27,Edward Moore,1
STR0709,Bowmanton Outlet,West US,USA,Port Jacob,Large,2016-02-19,Samuel Cervantes,1
STR0710,Jacksonland Hub,West US,USA,New Marissastad,Small,2023-06-15,Donald Holland,1
STR0711,Andrewmouth Hub,West US,USA,Lake Matthewborough,Flagship,2019-04-16,Dwayne White,1
STR0712,Richardsonside Store,West US,USA,West Kennethstad,Large,2015-09-02,Jill Willis DDS,1
STR0713,South Michaelport Retail,West US,USA,Heidifurt,Small,2015-11-07,Christina White,1
STR0714,Barryfurt Hub,West US,USA,Joshuastad,Flagship,2021-04-14,Wayne Kent,1
STR0715,South Patrickfort Retail,West US,USA,West Michael,Small,2012-07-24,Lauren Mack,1
STR0716,Richardstown Retail,West US,USA,Thomastown,Flagship,2023-03-16,Benjamin Peterson,1
STR0717,Perezborough Outlet,West US,USA,Pearsonport,Small,2017-12-23,Heather Kelly,1
STR0718,Garciashire Retail,West US,USA,Mullinsmouth,Medium,2011-11-10,Katie Taylor,1
STR0719,Bushview Hub,West US,USA,South Edward,Large,2021-07-28,Julie Moore,1
STR0720,Luisburgh Retail,West US,USA,Sallyside,Large,2011-09-05,Lori Navarro,1
STR0721,Chandlerhaven Retail,West US,USA,Lake Jerry,Medium,2017-10-11,Patrick Hamilton,1
STR0722,East Bonnie Outlet,West US,USA,Cindychester,Small,2024-03-11,Derrick Walker,1
STR0723,Aliciaburgh Store,West US,USA,Walkerton,Flagship,2019-05-16,Roger Allen,1
STR0724,Taylorbury Outlet,West US,USA,Brownborough,Medium,2020-06-17,Greg Meyers,1
STR0725,East Karenton Hub,West US,USA,South Nicholasport,Large,2023-03-15,Dawn Glover,1
STR0726,Henrymouth Store,West US,USA,Johnborough,Small,2025-03-09,Melissa Alvarez,1
STR0727,New Catherinechester Outlet,West US,USA,Edgarside,Small,2022-11-30,Joshua Robertson,1
STR0728,Normanmouth Store,West US,USA,Christinechester,Small,2021-11-07,Kaitlin Summers,1
STR0729,Kylemouth Hub,West US,USA,East Gailfurt,Large,2022-02-08,Manuel Barnes,1
STR0730,Toddtown Outlet,West US,USA,Edwardburgh,Flagship,2023-08-21,Eric Floyd,1
STR0731,Derekport Outlet,West US,USA,Crystalshire,Flagship,2019-07-09,Sarah Butler,1
STR0732,Robersonview Hub,West US,USA,Port Heather,Small,2024-10-24,Elizabeth Schaefer,1
STR0733,West Laurenchester Outlet,West US,USA,Martinborough,Medium,2019-06-07,Ethan Stokes,1
STR0734,Andersonburgh Retail,West US,USA,North Joshuamouth,Large,2017-09-03,Amanda Marks,1
STR0735,New Michaelhaven Store,West US,USA,West Susanmouth,Flagship,2018-03-03,Douglas Williams,1
STR0736,South Christopher Retail,West US,USA,New Joseph,Small,2019-01-11,Michelle Morgan,1
STR0737,Katiefurt Outlet,West US,USA,Walshville,Flagship,2022-07-01,Angela Perez,1
STR0738,Mckinneyland Outlet,West US,USA,South Anthony,Small,2022-03-20,Alejandro White,1
STR0739,Youngville Store,West US,USA,Carterbury,Flagship,2024-01-17,Jacob Cole,1
STR0740,North Robert Hub,West US,USA,Port Curtisside,Small,2016-01-03,Judy Rodriguez,1
STR0741,Port Jeremy Outlet,West US,USA,Lake Seanburgh,Small,2019-12-06,Jeremy Flowers,1
STR0742,East Michaelview Outlet,West US,USA,East Gary,Flagship,2022-02-08,Robin Moses,1
STR0743,Andrewberg Hub,West US,USA,Michaelberg,Flagship,2013-04-05,Lisa Rojas,1
STR0744,East Rebecca Store,West US,USA,Tiffanybury,Medium,2015-10-13,Alexis Stone,1
STR0745,Claychester Store,West US,USA,Petersonville,Medium,2021-09-15,Allison Schwartz,1
STR0746,Lauriestad Outlet,West US,USA,Mackenzieton,Flagship,2017-02-08,Kevin Pace,1
STR0747,Larsenstad Store,West US,USA,West Tiffanyport,Flagship,2016-02-12,Claire Ashley,1
STR0748,Kennedyport Outlet,West US,USA,Russellshire,Flagship,2014-07-15,Devin Pineda,1
STR0749,Cookberg Outlet,West US,USA,Larrybury,Large,2016-12-19,Elizabeth Phillips,1
STR0750,Garciaville Hub,West US,USA,New Ryan,Medium,2017-05-06,Sarah Hawkins,1
STR0751,West Tracyberg Outlet,Canada East,Canada,Briggshaven,Small,2016-07-02,Brian Owen,1
STR0752,Laurenburgh Outlet,Canada East,Canada,New James,Flagship,2021-01-19,Joseph Lyons,1
STR0753,Travishaven Outlet,Canada East,Canada,Wrighttown,Flagship,2024-01-24,April Harrison,1
STR0754,Braunview Store,Canada East,Canada,Blackfurt,Large,2018-05-06,Molly Prince,1
STR0755,Nicoleshire Store,Canada East,Canada,Port Tanyaview,Flagship,2023-11-13,Charles Snyder,1
STR0756,Audreymouth Hub,Canada East,Canada,Lake James,Large,2018-11-20,Cindy Pace,1
STR0757,North Erinport Hub,Canada East,Canada,Welchborough,Medium,2012-10-24,Nicholas Mcmahon,1
STR0758,Devinville Outlet,Canada East,Canada,Lake Scott,Flagship,2021-03-16,Warren Ho,1
STR0759,Lisaburgh Store,Canada East,Canada,North Richard,Medium,2012-09-29,Molly Johnson,1
STR0760,Katherineland Retail,Canada East,Canada,Lake Sandraborough,Flagship,2017-09-13,Chloe Sims DVM,1
STR0761,Smithland Store,Canada East,Canada,Alexanderside,Flagship,2024-11-28,Abigail White,1
STR0762,Marciamouth Retail,Canada East,Canada,Lukeland,Flagship,2023-01-19,Melanie Glenn,1
STR0763,Johnsonbury Store,Canada East,Canada,West Carla,Large,2023-09-23,Amanda Hubbard,1
STR0764,Nelsonborough Store,Canada East,Canada,West Kenneth,Flagship,2017-01-21,Glen Hicks,1
STR0765,South Jeffrey Retail,Canada East,Canada,Serranomouth,Flagship,2015-11-24,Tyler Flores,0
STR0766,West Stevenberg Hub,Canada East,Canada,South Brandon,Flagship,2017-08-24,Charles Gardner,1
STR0767,Lake David Hub,Canada East,Canada,Philipshire,Small,2019-11-12,Antonio Rollins,1
STR0768,Harrisberg Outlet,Canada East,Canada,Carriebury,Small,2021-08-27,Dennis Allen,1
STR0769,Lake Robert Store,Canada East,Canada,Patrickport,Large,2013-08-18,Jason Lyons,1
STR0770,West Patriciaton Retail,Canada East,Canada,New Amymouth,Flagship,2013-07-27,Danny Martinez,1
STR0771,East Colleen Outlet,Canada East,Canada,Wagnerville,Flagship,2019-02-20,William Johnson,1
STR0772,Perezfurt Retail,Canada East,Canada,Port Marychester,Large,2012-06-08,Adam Morgan,1
STR0773,Port Sandra Store,Canada East,Canada,West Wandamouth,Flagship,2024-02-22,Brian Newman,1
STR0774,Davismouth Hub,Canada East,Canada,Thomasberg,Medium,2013-07-09,Felicia Smith,1
STR0775,Lake Eric Retail,Canada East,Canada,Lake Nicholas,Flagship,2019-09-25,Donald Brown,1
STR0776,Johnsonfort Hub,Canada East,Canada,Chenport,Small,2025-01-13,Mrs. Sandra Flores,1
STR0777,North Andreatown Store,Canada East,Canada,Port Donna,Large,2014-06-07,Jose Stein,1
STR0778,Lake Curtis Hub,Canada East,Canada,South Gina,Medium,2023-08-19,Greg Castro,1
STR0779,Myersland Outlet,Canada East,Canada,New Alexanderside,Flagship,2021-11-10,Terry Johnson,1
STR0780,Hillbury Hub,Canada East,Canada,Ramseyport,Large,2012-02-01,Curtis Lopez,1
STR0781,South Aliciaton Retail,Canada East,Canada,New Micheletown,Small,2025-05-20,Austin Cooper,1
STR0782,Kristinport Outlet,Canada East,Canada,North David,Small,2012-08-04,Jamie Flowers,1
STR0783,Wilsonshire Store,Canada East,Canada,Cannonborough,Medium,2023-05-09,Christopher Archer,1
STR0784,West Amandaport Store,Canada East,Canada,Wrightshire,Large,2022-02-13,Sherry Simmons,1
STR0785,East Larryville Hub,Canada East,Canada,West Stacieport,Medium,2020-12-02,Dr. Debra Butler,1
STR0786,North Joseph Store,Canada East,Canada,Andersonport,Medium,2019-05-03,Christy Dorsey,1
STR0787,Portershire Hub,Canada East,Canada,West Gregory,Flagship,2025-02-16,Kendra Torres,1
STR0788,Annabury Store,Canada East,Canada,Deanville,Flagship,2017-09-19,Joshua Vasquez,1
STR0789,Port Raymond Hub,Canada East,Canada,Port Kyleview,Small,2018-03-29,Victoria Fuentes,1
STR0790,Ericburgh Store,Canada East,Canada,Rhondabury,Large,2014-03-07,Michelle Peterson,1
STR0791,Melissaport Retail,Canada East,Canada,Aaronstad,Small,2019-04-23,Diane Diaz,1
STR0792,North Casey Store,Canada East,Canada,Reynoldsberg,Large,2013-02-04,Richard Fernandez,1
STR0793,Fieldshaven Hub,Canada East,Canada,West Darrellberg,Small,2012-12-24,Raymond Stanley,1
STR0794,Brianburgh Hub,Canada East,Canada,North Ashleychester,Large,2016-04-11,Pamela Davis,1
STR0795,Ninachester Hub,Canada East,Canada,East Blakeport,Small,2013-06-29,James Lee,1
STR0796,Candacemouth Hub,Canada East,Canada,East Cameron,Medium,2021-11-20,Crystal Mcneil,1
STR0797,Lake Williamhaven Outlet,Canada East,Canada,Aliciatown,Small,2014-03-05,Eric Torres,1
STR0798,West Nicholas Outlet,Canada East,Canada,North Steventon,Small,2011-12-20,Kristina Malone,1
STR0799,Port Luke Retail,Canada East,Canada,Josestad,Medium,2013-02-27,William Cook,1
STR0800,South Wayne Store,Canada East,Canada,New Anthony,Flagship,2021-02-21,Melvin Archer,1
STR0801,Austintown Store,Canada East,Canada,Cortezhaven,Flagship,2019-09-08,Danielle Harrison,1
STR0802,Travismouth Hub,Canada East,Canada,New Kendra,Medium,2020-04-29,Carrie Benitez,1
STR0803,Jacobsville Hub,Canada East,Canada,Savannahhaven,Large,2017-04-21,Paul Cook II,1
STR0804,Port Jaketon Outlet,Canada East,Canada,Allenside,Flagship,2019-11-19,Annette Brown,1
STR0805,Timothyton Outlet,Canada East,Canada,Port Keith,Small,2025-02-07,Susan Guzman,1
STR0806,Lake Harold Store,Canada East,Canada,Port Julie,Flagship,2019-09-27,Jesus Ruiz,1
STR0807,West Leahview Hub,Canada East,Canada,Lake Alexfort,Flagship,2021-09-26,Shawn Dalton,1
STR0808,Port Melissaport Hub,Canada East,Canada,North Chaseport,Flagship,2014-07-25,Nancy Stevens,1
STR0809,South Stephaniemouth Retail,Canada East,Canada,South Gregory,Small,2023-12-10,Richard Guzman,1
STR0810,South Christopherport Store,Canada East,Canada,Floresfort,Large,2011-12-29,Michelle Berry,1
STR0811,Franklinhaven Store,Canada East,Canada,North Jesse,Large,2025-06-20,Amy Gonzalez,1
STR0812,Port Thomasview Hub,Canada East,Canada,Lake Andrewborough,Flagship,2015-06-27,Tonya Hart,1
STR0813,Reidchester Retail,Canada East,Canada,South Anthonychester,Small,2023-08-28,Angela Moreno,1
STR0814,Hallfurt Outlet,Canada East,Canada,East Emily,Small,2017-11-25,Erica Hoffman,1
STR0815,Port Christopherburgh Hub,Canada East,Canada,South Brianna,Medium,2022-03-17,Rhonda Baker MD,0
STR0816,Lucaschester Retail,Canada East,Canada,Port Tabithaside,Medium,2012-12-13,Michelle Miller,1
STR0817,Port Kaylamouth Retail,Canada East,Canada,Shermanfort,Flagship,2019-05-03,Alexis Pham,1
STR0818,Lake Jonathan Retail,Canada East,Canada,Jonesside,Flagship,2013-01-18,Patricia Thomas,1
STR0819,Cassandramouth Retail,Canada East,Canada,Port Ronald,Medium,2019-08-14,Stephanie Williams,1
STR0820,Robinton Outlet,Canada East,Canada,East Paul,Flagship,2012-08-20,Matthew Brown,1
STR0821,Lake Matthewburgh Store,Canada East,Canada,Diazborough,Medium,2025-01-24,Frank Allen,1
STR0822,Ayersmouth Retail,Canada East,Canada,East Sara,Large,2012-04-21,Gavin Potter,1
STR0823,Geraldton Store,Canada East,Canada,Port Daniel,Large,2016-05-07,Maurice Beck,0
STR0824,East Jacqueline Outlet,Canada East,Canada,South Toddville,Large,2014-06-04,Lori Campos,1
STR0825,Loganland Retail,Canada East,Canada,West Oscarberg,Medium,2021-04-01,Lauren Clark,1
STR0826,Kathyview Hub,Canada East,Canada,Lake Jasonport,Small,2020-08-25,Kimberly Carlson,0
STR0827,Christyland Store,Canada East,Canada,South James,Medium,2024-06-08,Dr. James Gomez,1
STR0828,Keithburgh Outlet,Canada East,Canada,North Jessicaview,Medium,2016-04-26,Donald Foley,1
STR0829,New Tamara Hub,Canada East,Canada,Fernandezstad,Flagship,2024-01-22,Angelica Evans,1
STR0830,East Raymond Outlet,Canada East,Canada,Katherineport,Flagship,2013-04-15,Gina Walters,1
STR0831,Gabrielaberg Retail,Canada East,Canada,South Emily,Small,2017-02-04,Donna Johnson,1
STR0832,Brittneybury Outlet,Canada East,Canada,West Michaelbury,Large,2024-12-08,Donald Foster,1
STR0833,North Hannahmouth Hub,Canada East,Canada,Port Anthony,Large,2021-08-20,Kristina Cisneros,1
STR0834,Richardborough Retail,Canada East,Canada,East Joshuabury,Flagship,2022-08-02,Greg Adams,1
STR0835,Port Coreyview Outlet,Canada East,Canada,South Denisechester,Small,2024-12-06,Justin Parrish,1
STR0836,South Robert Hub,Canada East,Canada,Diazland,Medium,2025-06-28,Nicholas Carson,1
STR0837,North Adrienne Store,Canada East,Canada,Port Nathanport,Flagship,2014-08-26,Mary Beck,1
STR0838,Josestad Outlet,Canada East,Canada,West Annside,Large,2011-10-21,Daniel Orozco,1
STR0839,North Melissatown Store,Canada East,Canada,East Matthewstad,Flagship,2019-11-27,Eric Sanchez,1
STR0840,Katherineside Retail,Canada East,Canada,New Lisaborough,Small,2024-03-24,Luis Li,1
STR0841,New Yvonnebury Hub,Canada East,Canada,Sherryside,Small,2014-04-10,Anna Floyd,1
STR0842,South Carol Store,Canada East,Canada,West Jenniferchester,Flagship,2022-05-20,Brittany Hawkins,1
STR0843,Davidchester Hub,Canada East,Canada,Blakeburgh,Medium,2021-11-25,Carrie Drake,0
STR0844,South Rickyfurt Store,Canada East,Canada,Wileyland,Large,2016-02-03,John Sims DDS,1
STR0845,New Robertbury Outlet,Canada East,Canada,Benjaminshire,Small,2013-05-27,Bryan Mcdonald,1
STR0846,Kimberlyton Outlet,Canada East,Canada,South Joshua,Small,2025-03-12,Justin Garcia,1
STR0847,Nelsonstad Store,Canada East,Canada,East Toddhaven,Small,2014-08-16,Laura Campbell,1
STR0848,Brianside Outlet,Canada East,Canada,South Chad,Medium,2015-09-04,Matthew Parrish,1
STR0849,South Lisafurt Retail,Canada East,Canada,Bradburgh,Small,2022-11-15,Mr. Jacob Swanson MD,1
STR0850,North Carlaton Hub,Canada East,Canada,South Patrick,Small,2014-01-07,Daniel Walker,1
STR0851,North Meganburgh Store,Canada East,Canada,Port David,Flagship,2016-02-26,Kevin Duncan,1
STR0852,South David Outlet,Canada East,Canada,Bruceport,Small,2025-02-28,James Martinez,0
STR0853,Lake Jamesmouth Hub,Canada East,Canada,New Kimmouth,Medium,2023-01-21,Seth Larson,1
STR0854,Kimview Store,Canada East,Canada,South Dariusville,Flagship,2022-05-18,Brandon Adams,1
STR0855,Erinview Retail,Canada East,Canada,East Kevin,Small,2022-12-17,Douglas Smith,1
STR0856,South Johnville Outlet,Canada East,Canada,Morenoport,Medium,2015-07-10,Travis Nixon,1
STR0857,West Jesus Store,Canada East,Canada,North Cynthiafort,Medium,2015-02-11,Katherine Hunt,1
STR0858,Lake Erica Retail,Canada East,Canada,West Cathyside,Medium,2015-06-04,Theresa Doyle,1
STR0859,Toddmouth Store,Canada East,Canada,Lake Mary,Medium,2011-12-20,Sierra Macias,1
STR0860,West Ashleytown Hub,Canada East,Canada,Carterville,Medium,2012-03-06,Andrea Perez,1
STR0861,Lake Alexanderville Retail,Canada East,Canada,Loriville,Medium,2014-01-21,Timothy Fleming,1
STR0862,Annhaven Hub,Canada East,Canada,New Lisa,Large,2015-07-13,Victoria Pratt,1
STR0863,North Jesseland Outlet,Canada East,Canada,Beasleyberg,Medium,2019-07-02,Paul Robertson,1
STR0864,Schroederton Retail,Canada East,Canada,East Seanhaven,Medium,2019-03-13,Anthony Blanchard,1
STR0865,North Franciscofurt Outlet,Canada East,Canada,Kylemouth,Small,2016-05-22,Joseph Carlson,1
STR0866,Lake Timothy Outlet,Canada East,Canada,Valdezfort,Medium,2018-10-05,Cheryl Barnett,1
STR0867,Romerohaven Store,Canada East,Canada,Richmouth,Flagship,2019-09-27,Timothy Wright,1
STR0868,Karenville Retail,Canada East,Canada,Courtneyside,Medium,2022-05-14,Jerry Rodriguez,1
STR0869,New Janeport Retail,Canada East,Canada,Allenton,Medium,2011-10-23,Christopher Smith,1
STR0870,North Christopherview Retail,Canada East,Canada,Thompsonmouth,Small,2012-06-01,Cheryl Russell,0
STR0871,New Nathanville Outlet,Canada East,Canada,Port Alanview,Medium,2024-06-11,Elizabeth Fisher,1
STR0872,Andersenhaven Hub,Canada East,Canada,East Linda,Large,2018-01-07,Vanessa Garcia,1
STR0873,Steelefurt Store,Canada East,Canada,East Amber,Flagship,2019-03-12,Jacob Simpson,1
STR0874,East Travis Retail,Canada East,Canada,Lake Bonnieview,Small,2016-03-30,Summer Bartlett,1
STR0875,Parkerberg Retail,Canada East,Canada,Kerryville,Large,2011-08-12,Kimberly Thomas,1
STR0876,West Michaelmouth Retail,Canada East,Canada,East Timothy,Flagship,2017-10-17,Omar Alvarez,1
STR0877,New Maria Hub,Canada East,Canada,Hendrixfort,Flagship,2020-04-02,Rebecca Sanders,1
STR0878,Walterville Retail,Canada East,Canada,Carrollbury,Medium,2024-09-18,Traci Hawkins,1
STR0879,Fryeside Retail,Canada West,Canada,South Daniel,Medium,2017-03-25,Ryan Jarvis,0
STR0880,Laurenmouth Store,Canada West,Canada,East Michaelhaven,Large,2019-03-04,Robert Garza,1
STR0881,West Paul Retail,Canada West,Canada,New Timothy,Large,2014-06-06,Destiny Hunt,1
STR0882,West Bethport Store,Canada West,Canada,Goodwinland,Small,2016-03-14,Lindsey Tate,1
STR0883,Lake Lisa Hub,Canada West,Canada,Port Dawnfurt,Small,2019-04-27,Paul Bush,1
STR0884,New Eric Retail,Canada West,Canada,Port Joseph,Large,2023-01-07,Joseph Harris,1
STR0885,East Kathrynberg Store,Canada West,Canada,Dawnhaven,Small,2016-09-13,Elizabeth Floyd,1
STR0886,Tinaview Store,Canada West,Canada,Chandlertown,Small,2015-07-27,Eric Griffith,1
STR0887,North Katherine Outlet,Canada West,Canada,Bowmanview,Large,2015-12-03,Emily Medina,1
STR0888,Suzannebury Store,Canada West,Canada,Petersonshire,Large,2021-04-17,Jason Adams,1
STR0889,Smithchester Retail,Canada West,Canada,West Andrew,Small,2019-09-23,Thomas Moore,1
STR0890,Jonesland Hub,Canada West,Canada,Chambersbury,Large,2023-10-03,Thomas Rogers,1
STR0891,Emilyfort Outlet,Canada West,Canada,North Nicholasshire,Small,2012-01-07,Patricia Graham,1
STR0892,Nicoletown Outlet,Canada West,Canada,Port Taylor,Small,2019-05-25,John Wilkerson,1
STR0893,Sheilaborough Store,Canada West,Canada,Port Austin,Large,2019-05-31,Marcus Jacobson,1
STR0894,West Emilyberg Retail,Canada West,Canada,Aprilmouth,Small,2015-07-17,Kevin Cox,1
STR0895,West Brian Retail,Canada West,Canada,Lake Jacquelineton,Small,2020-08-18,Lisa Koch,1
STR0896,Port Alexandraton Retail,Canada West,Canada,Wilsonmouth,Medium,2017-04-03,Jeffery Young,1
STR0897,Doyleland Outlet,Canada West,Canada,Pagefurt,Flagship,2021-12-04,Robin Coleman,1
STR0898,North Erikatown Store,Canada West,Canada,Hernandezfort,Small,2012-05-23,Ray Beasley,1
STR0899,Pattersonfort Hub,Canada West,Canada,Nguyenfort,Medium,2015-09-20,Suzanne Hill,1
STR0900,West Cameron Hub,Canada West,Canada,Sullivanchester,Large,2015-06-08,Jennifer Mason,1
STR0901,West Stevenmouth Retail,Canada West,Canada,Goodwinberg,Large,2014-07-15,Isabel Pierce,1
STR0902,Michaeltown Retail,Canada West,Canada,Jameschester,Medium,2017-08-14,Joseph Miller,1
STR0903,East Jenniferview Retail,Canada West,Canada,Bethanyshire,Flagship,2017-04-22,John Reyes,1
STR0904,Port Anthony Hub,Canada West,Canada,West Ricky,Large,2021-04-16,Manuel Fields,1
STR0905,East Diane Outlet,Canada West,Canada,Guzmanburgh,Large,2023-08-29,David Hensley,1
STR0906,Kendratown Hub,Canada West,Canada,Sarahshire,Small,2012-05-28,Kevin Brown,1
STR0907,New Brittanymouth Outlet,Canada West,Canada,Lake Megan,Large,2011-08-02,Vanessa Gregory,1
STR0908,West Ruth Store,Canada West,Canada,Jenniferfort,Flagship,2016-12-20,Ana Moore,1
STR0909,Port Ashleystad Hub,Canada West,Canada,Danielleville,Medium,2015-01-02,Nancy Farrell,1
STR0910,Port Dorothyland Store,Canada West,Canada,Michaelfurt,Medium,2018-02-13,Brian Ramirez,1
STR0911,Allenchester Hub,Canada West,Canada,Cohentown,Small,2016-06-18,Kelly Higgins,1
STR0912,Port Dwayneberg Outlet,Canada West,Canada,Sancheztown,Small,2024-11-29,Sarah Walker,1
STR0913,Katherineview Retail,Canada West,Canada,West Eduardostad,Flagship,2018-10-09,Ruth Smith,1
STR0914,Powersmouth Outlet,Canada West,Canada,Lake Pamelaland,Small,2019-02-27,Dr. Rachael Cruz,1
STR0915,New Andrea Store,Canada West,Canada,Laraville,Flagship,2025-01-18,Diane Doyle,1
STR0916,East Julie Retail,Canada West,Canada,North Melanie,Medium,2018-04-11,Wendy Moore,1
STR0917,Johnstad Retail,Canada West,Canada,New Tonystad,Small,2023-11-26,Joseph Cruz,1
STR0918,South Elizabeth Hub,Canada West,Canada,East Edward,Large,2023-02-03,Lisa Ingram,1
STR0919,Sarahtown Retail,Canada West,Canada,East Brandy,Small,2023-02-20,Amanda Brown,1
STR0920,Maxwellton Hub,Canada West,Canada,Denisefurt,Small,2012-01-20,Joseph Haley,1
STR0921,Robertside Retail,Canada West,Canada,Elizabethport,Flagship,2019-07-27,Robert Smith MD,1
STR0922,New Benjaminview Store,Canada West,Canada,Garciastad,Medium,2018-07-28,Jill Mcmillan DDS,1
STR0923,West Michaelport Outlet,Canada West,Canada,South Yolandafort,Flagship,2016-08-16,Lori Williams,1
STR0924,Smithmouth Outlet,Canada West,Canada,West Marthatown,Large,2020-08-03,Michael Soto,1
STR0925,Lake Annmouth Store,Canada West,Canada,South David,Small,2021-05-02,Angela Taylor,1
STR0926,Jeffreyhaven Store,Canada West,Canada,Andersonfort,Small,2017-02-07,Amanda Smith,1
STR0927,North Charles Store,Canada West,Canada,Port Sarahhaven,Flagship,2017-08-08,Brittany Allen,1
STR0928,South Danafurt Hub,Canada West,Canada,Kevinfurt,Small,2021-05-10,Jill Rivas,1
STR0929,South Linda Store,Canada West,Canada,Tylerton,Flagship,2022-01-26,William Williams,1
STR0930,West Clarenceside Outlet,Canada West,Canada,Allenberg,Small,2016-07-31,Andrew Arellano,1
STR0931,West Scott Outlet,Canada West,Canada,Woodmouth,Small,2020-07-14,David Davies,1
STR0932,Hollandmouth Outlet,Canada West,Canada,Jamesside,Medium,2015-01-16,Jonathan Lane,1
STR0933,South Brian Store,Canada West,Canada,Justinland,Large,2020-06-21,Douglas Johnson,1
STR0934,Yeseniaville Retail,Canada West,Canada,Port Colleen,Large,2018-03-02,Anna Duncan,1
STR0935,New Brentborough Store,Canada West,Canada,Port Ashleychester,Small,2013-04-24,Gabriella Tran,1
STR0936,Port Caroline Hub,Canada West,Canada,Lake Melissabury,Medium,2018-02-25,Brendan Hunter,1
STR0937,Port John Retail,Canada West,Canada,West Bryceburgh,Medium,2023-04-07,John Hunt,1
STR0938,South Tim Retail,Canada West,Canada,Lake Danielhaven,Medium,2019-07-06,Timothy Phillips,1
STR0939,Angelastad Hub,Canada West,Canada,Kimberlyside,Large,2021-04-20,Jeffrey Simpson,1
STR0940,Ellisonton Retail,Canada West,Canada,South Veronica,Large,2024-11-17,Patricia Ashley,1
STR0941,Lake Christine Retail,Canada West,Canada,New Kelly,Small,2016-05-09,Pamela Sexton,0
STR0942,West Jeffreychester Store,Canada West,Canada,New Sarahburgh,Flagship,2011-12-11,Marissa Faulkner,1
STR0943,Jensenland Retail,Canada West,Canada,West Shelbyshire,Large,2011-10-28,Steven Williams,1
STR0944,Alexburgh Hub,Canada West,Canada,Lake Emily,Small,2024-08-19,Dana Bryant,1
STR0945,Paulville Hub,Canada West,Canada,New Jefferyville,Flagship,2015-08-14,Todd Martinez,1
STR0946,Emilyside Hub,Canada West,Canada,Jacquelinemouth,Flagship,2013-08-09,Debra Herman,1
STR0947,West Josephmouth Store,Canada West,Canada,Maryville,Medium,2017-12-17,Jerome Martinez,1
STR0948,Nelsonborough Hub,Canada West,Canada,Medinaland,Medium,2013-12-01,Amanda Thomas,1
STR0949,Smithside Store,Canada West,Canada,Grayberg,Large,2015-11-30,Phyllis Martin,1
STR0950,Sandraborough Hub,Canada West,Canada,Youngview,Small,2011-10-13,Ryan Duran,1
STR0951,South Jessicamouth Hub,Canada West,Canada,New Tylerport,Medium,2021-11-09,Amy Nelson,1
STR0952,North Holly Store,Canada West,Canada,Port Alicia,Small,2018-12-04,Tara Smith,0
STR0953,Jessicabury Outlet,Canada West,Canada,North Kelliland,Flagship,2015-10-17,Kimberly Carroll,1
STR0954,Amandahaven Hub,Canada West,Canada,Josefurt,Large,2021-03-01,Brian Adams,1
STR0955,West Barbara Outlet,Canada West,Canada,Michelleland,Flagship,2015-02-09,Nicole Moore,1
STR0956,Riveraburgh Retail,Canada West,Canada,Donnaborough,Large,2013-05-05,Karen Bradshaw,1
STR0957,West Michael Retail,Canada West,Canada,New Curtis,Large,2022-04-23,Samantha Castro,1
STR0958,Petersonberg Hub,Canada West,Canada,Lake Karen,Large,2020-01-26,Ryan Bean,1
STR0959,Robertshaven Store,Canada West,Canada,West Tiffanyshire,Medium,2021-01-22,Jessica Williams,1
STR0960,South Larry Store,Canada West,Canada,North Victoria,Large,2023-10-15,Gary Brown,1
STR0961,West Edward Retail,Canada West,Canada,Schneiderborough,Medium,2014-06-20,Wendy Ortiz,1
STR0962,West Ashley Hub,Canada West,Canada,East Davidmouth,Large,2016-07-13,Christopher Hernandez,1
STR0963,Gabrielleland Store,Canada West,Canada,Nicholasview,Medium,2023-05-15,Rhonda Powell,1
STR0964,Masonchester Outlet,Canada West,Canada,Lake Alice,Large,2022-09-08,Ronald Ramsey,1
STR0965,East Tinafort Retail,Canada West,Canada,Robertbury,Large,2016-09-05,Kelly Henry,1
STR0966,South Ashleyport Store,Canada West,Canada,Sharonshire,Medium,2024-10-20,Lisa Herrera,1
STR0967,Kristyton Hub,Canada West,Canada,Palmerberg,Large,2025-03-29,Thomas Stone,1
STR0968,Davisfurt Retail,Canada West,Canada,Gonzaleztown,Small,2017-10-15,Ms. Jennifer Robinson MD,1
STR0969,Woodstad Store,Canada West,Canada,South Seanport,Small,2018-02-05,Sabrina Knox,1
STR0970,Rickyport Retail,Canada West,Canada,Ambertown,Large,2018-09-10,Sarah Jones,1
STR0971,South Tamaraville Store,Canada West,Canada,Lake Jeffrey,Medium,2017-04-10,Erica Holden,1
STR0972,Jenniferton Store,Canada West,Canada,North Jeffrey,Large,2020-05-05,David Silva,1
STR0973,Port Sheena Store,Canada West,Canada,North Calvin,Medium,2014-06-16,Elizabeth Edwards,1
STR0974,Port Alexis Outlet,Canada West,Canada,Petersonville,Small,2016-05-09,William Santos,1
STR0975,Parkerberg Hub,Canada West,Canada,Penaside,Small,2018-09-22,Michael Mendez,1
STR0976,South Ashley Outlet,Canada West,Canada,Biancaborough,Medium,2012-01-27,Bryan Garcia,0
STR0977,Englishport Hub,Canada West,Canada,Gainesport,Flagship,2023-02-17,Tina Velez,1
STR0978,Lewisland Store,Canada West,Canada,Robertberg,Large,2014-10-10,Rebecca Washington,1
STR0979,Lake Ronald Store,Canada West,Canada,Jessicaville,Flagship,2016-06-20,Patricia Rodriguez,1
STR0980,North Tina Outlet,Canada West,Canada,North Samantha,Medium,2015-11-26,Michael Daniels,1
STR0981,Maddoxview Retail,Canada West,Canada,South Gail,Flagship,2017-08-13,Kyle Keller,1
STR0982,Marvinfort Retail,Canada West,Canada,Thomaston,Medium,2023-04-07,Alexandra Simmons,1
STR0983,Tanyastad Store,Canada West,Canada,Maryton,Small,2014-10-27,Lance Richards,1
STR0984,Port Jasonton Store,Canada West,Canada,Crystalside,Large,2018-09-03,Debra Hernandez,1
STR0985,Port Kimberlyfurt Store,Canada West,Canada,Beanborough,Large,2021-01-09,Miranda Taylor,0
STR0986,Jacobmouth Store,Canada West,Canada,Christinaport,Small,2022-06-09,Justin Landry,1
STR0987,East Tammy Outlet,Canada West,Canada,Andrewborough,Flagship,2014-03-07,Daniel Durham,1
STR0988,North Dawn Store,Canada West,Canada,East Carlostown,Medium,2024-03-09,Zachary Leblanc,1
STR0989,West Williamshire Outlet,Canada West,Canada,Josephton,Large,2012-09-25,Rachel Kramer,1
STR0990,Woodsport Retail,Canada West,Canada,Port Joseph,Small,2018-05-08,Ivan Bullock,1
STR0991,New Paulton Hub,Canada West,Canada,West Danielleside,Medium,2015-12-24,Michael Brown,1
STR0992,Kristinbury Hub,Canada West,Canada,Deanberg,Flagship,2013-11-06,Joseph Parks,1
STR0993,Wilsontown Hub,Canada West,Canada,Lake Laurashire,Small,2013-04-21,Sarah Holland,1
STR0994,Collinsview Store,Canada West,Canada,Huangbury,Medium,2015-11-29,Christopher Anderson,1
STR0995,Padillabury Retail,Canada West,Canada,Savannahborough,Large,2019-05-18,Margaret Griffin,1
STR0996,Lake Denise Outlet,Canada West,Canada,New Tiffanyland,Small,2022-12-07,Lisa Cooper,1
STR0997,South Brianland Store,Canada West,Canada,South Virginiaberg,Flagship,2022-03-21,Diane Golden,1
STR0998,Courtneystad Retail,Canada West,Canada,South Maryborough,Small,2020-05-26,Amber Brown,1
STR0999,Gravesberg Hub,Canada West,Canada,Kristopherberg,Small,2014-09-20,Jason Bryant,1
STR1000,East Ericaborough Store,Canada West,Canada,Lake Tiffany,Flagship,2021-05-19,Amy Camacho,1
STR1001,Tammytown Retail,Canada West,Canada,Leonardside,Large,2018-05-30,Andrew Anderson,1
STR1002,North Lindaberg Store,Canada West,Canada,New Sarah,Flagship,2024-05-21,Susan Ford,1
STR1003,Johnhaven Outlet,Canada West,Canada,Destinystad,Large,2021-04-11,Megan Gutierrez,1
STR1004,Colleentown Retail,Canada West,Canada,Campbellview,Small,2024-01-29,Anna Patterson,1
STR1005,Jamesberg Hub,Canada West,Canada,Colleenside,Medium,2023-02-13,Tina Calderon,1
STR1006,Benjaminborough Retail,Canada West,Canada,Anthonyburgh,Flagship,2025-02-16,Elizabeth Washington,1
STR1007,Vasquezview Hub,Canada West,Canada,Craigshire,Medium,2023-07-08,Robert Thornton,1
STR1008,New Paulland Store,Canada West,Canada,East Erinstad,Medium,2013-06-18,James Gomez,1
STR1009,Hunterhaven Retail,Canada West,Canada,Coopermouth,Flagship,2016-02-22,Anthony Johnson,1
STR1010,West Robertfort Outlet,Canada West,Canada,Padillabury,Flagship,2021-11-04,Tammy Tucker,1
STR1011,Molinachester Outlet,Canada West,Canada,New Benjamintown,Small,2017-11-01,Ryan Dixon,1
STR1012,Aliciaberg Hub,Canada West,Canada,Territown,Medium,2017-06-24,Craig Dixon,1
STR1013,Wardtown Hub,Canada West,Canada,Amyburgh,Large,2021-11-21,Lisa Hunt,1
STR1014,West Michaelshire Retail,Canada West,Canada,Derekton,Large,2021-03-19,Jared Velez,1
STR1015,South Gabriel Outlet,Canada West,Canada,Pricefurt,Medium,2014-05-08,Timothy Miles,1
STR1016,East Nathan Retail,Canada West,Canada,Lake Robin,Medium,2018-01-27,Carrie Hunter,1
STR1017,Johnmouth Retail,Canada West,Canada,Robertside,Small,2019-04-30,Rhonda Duran,1
STR1018,Bryantmouth Hub,UK & Ireland,UK,Lisashire,Small,2015-08-31,Alexander Gibson,1
STR1019,Ramirezmouth Hub,UK & Ireland,Ireland,East Kevinside,Medium,2024-11-02,Victoria Smith DDS,1
STR1020,South Josephshire Retail,UK & Ireland,Ireland,Ashleyberg,Small,2016-10-02,Jessica Smith,1
STR1021,Hensleyland Store,UK & Ireland,UK,Lake Meganport,Flagship,2024-06-22,Megan Garner,1
STR1022,Port Kristineburgh Store,UK & Ireland,UK,Coreyborough,Medium,2019-01-23,Diana Sanchez,1
STR1023,Port Kelli Hub,UK & Ireland,UK,Bethburgh,Flagship,2018-04-03,Katherine Rosales,1
STR1024,Colemanstad Store,UK & Ireland,Ireland,West Nicholas,Large,2020-10-13,Nicholas Griffin,1
STR1025,Murrayfurt Retail,UK & Ireland,UK,Joseton,Flagship,2017-05-09,Laura Brown,1
STR1026,Conwayfurt Outlet,UK & Ireland,Ireland,East Gregorytown,Flagship,2012-01-05,Marissa Francis,1
STR1027,Taylorport Retail,UK & Ireland,Ireland,Watsonport,Small,2019-05-02,Caroline Marks,1
STR1028,Earlmouth Store,UK & Ireland,UK,Stanleyview,Small,2022-04-07,David Adkins,1
STR1029,New Ericland Retail,UK & Ireland,Ireland,South Marcusside,Large,2017-07-22,Wendy Willis,1
STR1030,Williamsfurt Outlet,UK & Ireland,Ireland,Andersonberg,Flagship,2018-01-21,Diane Williams,1
STR1031,Kimberlyside Hub,UK & Ireland,UK,Port Lindaview,Medium,2019-07-27,Cynthia Allen,1
STR1032,Lake Linda Store,UK & Ireland,Ireland,Lake Christian,Small,2011-09-05,Kylie Houston,1
STR1033,Cortezland Outlet,UK & Ireland,UK,Smithmouth,Small,2019-10-09,Dustin Perry,1
STR1034,Heatherside Outlet,UK & Ireland,Ireland,West Terry,Small,2022-06-24,Debra Robinson,1
STR1035,South Alexisshire Outlet,UK & Ireland,Ireland,Lake Rhonda,Large,2020-05-03,Michaela Melendez,1
STR1036,North Raymond Retail,UK & Ireland,UK,Johnhaven,Medium,2016-10-28,Ashley Gibson DDS,1
STR1037,Robertsmouth Hub,UK & Ireland,Ireland,Port Edwin,Large,2016-12-31,Kimberly Taylor,1
STR1038,Codyberg Retail,UK & Ireland,UK,New Aaron,Flagship,2016-10-22,Kristin Curtis,1
STR1039,East Ashley Hub,UK & Ireland,Ireland,South Sarah,Large,2022-07-03,Laura Powell,1
STR1040,Harmonport Store,UK & Ireland,UK,East Richard,Large,2011-07-24,Aaron Walsh,1
STR1041,Hamiltonberg Hub,UK & Ireland,UK,Amychester,Small,2020-11-01,Natalie Duarte,1
STR1042,Isabelmouth Store,UK & Ireland,UK,South Michaelville,Medium,2020-10-07,April Wilson,1
STR1043,East Miguel Retail,UK & Ireland,Ireland,East Zachary,Medium,2017-12-02,Jason Johnson,1
STR1044,Torresview Hub,UK & Ireland,Ireland,Ronaldton,Small,2015-09-09,Devin Phillips,1
STR1045,East Thomas Store,UK & Ireland,Ireland,South Donaldberg,Flagship,2018-06-01,Tamara Roth,1
STR1046,Frankborough Store,UK & Ireland,Ireland,North David,Large,2014-01-26,Blake Turner,1
STR1047,Lake Christopher Outlet,UK & Ireland,UK,Matthewmouth,Large,2024-12-02,Frank Lucas,1
STR1048,North Stephanie Retail,UK & Ireland,UK,Stacybury,Medium,2015-02-15,Joshua Brown,1
STR1049,Ritatown Store,UK & Ireland,UK,Johnburgh,Large,2013-10-09,Austin Oconnell,1
STR1050,Evansburgh Retail,UK & Ireland,UK,Hallfort,Flagship,2011-10-16,Diane Logan,1
STR1051,East Michelle Store,UK & Ireland,UK,Taylorborough,Medium,2025-06-07,Sarah Leonard,1
STR1052,East Jennifer Outlet,UK & Ireland,Ireland,North Victoriaport,Flagship,2013-05-24,Norma Parrish,1
STR1053,Johnshire Outlet,UK & Ireland,Ireland,Salazarfort,Large,2021-01-30,Joel Anderson,1
STR1054,Port Eric Outlet,UK & Ireland,Ireland,Lake Christopherton,Small,2023-07-21,Kathryn Thompson,1
STR1055,Matthewmouth Outlet,UK & Ireland,Ireland,Jenniferton,Large,2018-12-23,Louis Hansen,1
STR1056,West Kimberly Hub,UK & Ireland,UK,Davischester,Large,2011-09-02,David Johnson,0
STR1057,Davidfurt Outlet,UK & Ireland,Ireland,Meganchester,Large,2018-03-28,Trevor Powell,1
STR1058,South Laurafort Outlet,UK & Ireland,UK,Salasville,Medium,2020-06-06,Nancy Moreno,1
STR1059,Kathrynbury Store,UK & Ireland,UK,Brownhaven,Flagship,2017-07-22,Timothy Alexander,1
STR1060,Timberg Store,UK & Ireland,UK,West Danielle,Flagship,2014-05-20,Allison Weaver,0
STR1061,Harrisborough Outlet,UK & Ireland,Ireland,North Jamesshire,Flagship,2014-03-18,Jessica Baker,1
STR1062,Port Tinafort Retail,UK & Ireland,UK,Ricardoberg,Large,2014-11-18,Ruth Simmons,1
STR1063,Kaufmanside Store,UK & Ireland,Ireland,Port Garyshire,Large,2025-01-05,Ashley Webb,1
STR1064,New Donaldville Store,UK & Ireland,UK,East Ianton,Large,2015-09-12,Mark Scott,1
STR1065,Alicialand Store,UK & Ireland,Ireland,Harrisfort,Medium,2021-09-12,Samantha Henderson,1
STR1066,Vincentberg Outlet,UK & Ireland,UK,North Matthewhaven,Medium,2022-12-29,David Mitchell,1
STR1067,Port Kevintown Outlet,UK & Ireland,Ireland,Brownton,Large,2015-07-02,Amanda Moore,1
STR1068,Smithview Outlet,UK & Ireland,Ireland,Fullermouth,Small,2013-03-19,Michelle Perry,1
STR1069,Pierceville Retail,UK & Ireland,Ireland,Lorifort,Medium,2020-03-20,Robin Perez,1
STR1070,Brianfort Hub,UK & Ireland,Ireland,Schwartzborough,Flagship,2017-06-12,Eugene Duarte III,1
STR1071,Watsonmouth Store,UK & Ireland,UK,New David,Medium,2021-10-23,Krystal Thomas,1
STR1072,Murraytown Hub,UK & Ireland,UK,North Ericashire,Large,2014-06-04,Christina Davis,1
STR1073,Erikland Store,UK & Ireland,UK,West Kristi,Flagship,2020-01-05,David Burns,1
STR1074,Marystad Store,UK & Ireland,Ireland,Patrickbury,Small,2022-07-23,Wendy Vazquez,1
STR1075,Melissaton Outlet,UK & Ireland,UK,Josefort,Medium,2022-03-22,Dr. Jeremy Hall Jr.,1
STR1076,Gilbertshire Store,UK & Ireland,Ireland,Andersonmouth,Small,2019-11-26,Robert Scott,1
STR1077,Lisafort Hub,UK & Ireland,Ireland,Maryville,Flagship,2022-03-30,Kelly Cole,1
STR1078,Port Kristina Hub,UK & Ireland,Ireland,Glennburgh,Small,2024-03-13,Joseph Ross II,1
STR1079,Lake Megan Store,UK & Ireland,Ireland,Lake Pamelamouth,Small,2021-06-11,Michael Smith,1
STR1080,North Heather Store,UK & Ireland,UK,New Brandon,Small,2022-04-30,Angela Phillips,1
STR1081,Wilsonburgh Store,UK & Ireland,UK,Castroville,Large,2021-01-19,Cody Gray,1
STR1082,Hansonburgh Retail,UK & Ireland,Ireland,New Elizabeth,Large,2024-04-20,Donna Sparks,1
STR1083,Port Brian Retail,UK & Ireland,Ireland,North Danielfurt,Large,2021-08-20,Victoria Curry,1
STR1084,Amandaberg Outlet,UK & Ireland,Ireland,South Johnmouth,Medium,2023-11-24,Nicole Burch,1
STR1085,Jonathonberg Hub,UK & Ireland,Ireland,Hickmanville,Medium,2022-01-10,Roberto Dean,1
STR1086,Port Morganport Hub,UK & Ireland,UK,West Andreamouth,Medium,2020-05-14,Johnny Burns,1
STR1087,Port Anthonyberg Store,UK & Ireland,UK,Wardshire,Small,2019-05-14,Crystal Valencia,1
STR1088,Lindsayview Store,UK & Ireland,UK,Port Kennethchester,Large,2015-06-14,Robert Mccoy,1
STR1089,Berryfurt Retail,UK & Ireland,Ireland,North Samueltown,Large,2022-03-27,Paul Anderson,1
STR1090,Robertshire Retail,UK & Ireland,UK,Lake Jennifer,Small,2014-05-17,Kevin Gonzales,1
STR1091,Aaronberg Retail,UK & Ireland,UK,Johnsonhaven,Small,2022-05-01,Richard Davidson,1
STR1092,Johnborough Hub,UK & Ireland,UK,East Alexander,Large,2015-01-03,Rebecca Miller,1
STR1093,Port Ashleyshire Store,UK & Ireland,UK,Lake Amber,Small,2019-12-26,Nicole Taylor,1
STR1094,North Autumnmouth Retail,UK & Ireland,Ireland,Palmertown,Medium,2012-04-12,Teresa Davis DDS,1
STR1095,New Emily Retail,UK & Ireland,UK,North Samuelside,Large,2017-03-29,Andrew Gilbert,1
STR1096,Lake Johnmouth Retail,UK & Ireland,Ireland,Alexandraside,Medium,2018-12-31,John Holloway,1
STR1097,Danielsstad Outlet,UK & Ireland,UK,Carterview,Large,2016-07-13,Lisa Sanders,1
STR1098,Port Jeremy Outlet,UK & Ireland,UK,Deniseton,Small,2018-11-23,Jennifer Benson,1
STR1099,Nicoleport Store,UK & Ireland,Ireland,Nixonport,Large,2017-08-19,Whitney Rivas,1
STR1100,Webbport Retail,UK & Ireland,UK,Danielleland,Small,2021-10-22,Anita Wood,1
STR1101,Port Adrienne Hub,UK & Ireland,UK,Terrellview,Small,2013-01-08,Thomas Abbott,1
STR1102,Lake Loritown Retail,UK & Ireland,UK,Port Ericfort,Large,2025-03-25,Jeffrey Jackson,1
STR1103,South Rossstad Hub,UK & Ireland,Ireland,Brentview,Large,2016-05-27,Jacqueline Wilson,1
STR1104,Jasonbury Retail,UK & Ireland,UK,New Linda,Small,2021-09-06,Debbie Russell,1
STR1105,Leeberg Outlet,UK & Ireland,Ireland,Silvaview,Flagship,2015-03-27,Carrie Oliver,1
STR1106,East Allen Retail,UK & Ireland,UK,New Christinaland,Small,2011-08-03,Anthony Gonzalez,1
STR1107,Ryanview Store,UK & Ireland,Ireland,East Sarah,Large,2014-12-17,David Lambert,1
STR1108,Mitchellside Outlet,UK & Ireland,UK,Smalltown,Large,2018-07-09,Nicole Murray,1
STR1109,New Glennville Store,UK & Ireland,UK,West Christopherville,Flagship,2023-09-18,Lauren Martin,1
STR1110,Scottborough Hub,UK & Ireland,Ireland,Mahoneyside,Flagship,2016-09-28,Rebecca Hunt,1
STR1111,Lake Joelstad Hub,UK & Ireland,Ireland,New Breanna,Medium,2020-02-10,Michael Martinez,1
STR1112,Hallhaven Retail,UK & Ireland,UK,West Patricia,Small,2015-08-20,Benjamin Parker,1
STR1113,Port Brendaborough Hub,UK & Ireland,Ireland,South Adriantown,Medium,2024-11-29,Robert Riley,1
STR1114,Lake Michaelhaven Outlet,UK & Ireland,UK,Fowlerville,Medium,2017-07-30,Dustin Gonzalez,1
STR1115,North Brittany Hub,UK & Ireland,UK,North Angela,Flagship,2013-03-05,Richard George,1
STR1116,East Angela Retail,UK & Ireland,Ireland,West Molly,Large,2024-04-27,Mr. Mitchell Bailey,1
STR1117,Rodriguezchester Store,UK & Ireland,Ireland,Millschester,Small,2013-04-02,Laura Knapp,1
STR1118,Victorborough Store,UK & Ireland,Ireland,Mariaton,Large,2019-08-30,Laura Gaines,1
STR1119,West Kimberlyfort Hub,UK & Ireland,UK,New James,Small,2017-10-28,John King,1
STR1120,Russellfurt Store,UK & Ireland,Ireland,Taylorview,Flagship,2020-12-14,Anthony Shelton,1
STR1121,South Thomasburgh Retail,UK & Ireland,Ireland,West Chrisland,Large,2013-02-28,Debbie Jones,1
STR1122,Port James Outlet,UK & Ireland,UK,Wilsonshire,Medium,2017-05-10,Dylan Leon,1
STR1123,Gibsonmouth Hub,UK & Ireland,Ireland,Ashleyshire,Medium,2019-01-06,Ryan Harris,1
STR1124,Richardhaven Hub,UK & Ireland,Ireland,Daltonfort,Small,2019-12-17,Gloria Smith,1
STR1125,East Amanda Hub,UK & Ireland,Ireland,Marieberg,Small,2016-06-20,Calvin Adams,0
STR1126,Christinafort Retail,UK & Ireland,UK,East Kiara,Flagship,2014-11-05,Sandra Henry,1
STR1127,Port Darrylview Retail,UK & Ireland,UK,Lake Antoniochester,Large,2015-01-27,Howard Jones,1
STR1128,Mcdonaldmouth Store,UK & Ireland,Ireland,Millerhaven,Large,2023-07-27,Robert Gray,1
STR1129,South Marie Retail,UK & Ireland,UK,Chenland,Flagship,2019-01-27,Jeff Buck,1
STR1130,Ericaland Hub,UK & Ireland,Ireland,Lake Carol,Flagship,2020-08-16,Christopher Smith,1
STR1131,Scotthaven Store,UK & Ireland,UK,South Jaredville,Large,2019-10-24,Brandon Gonzalez,1
STR1132,West Nataliechester Outlet,France & Benelux,Netherlands,Port Brian,Large,2019-03-07,Tonya Morgan,1
STR1133,Rosschester Retail,France & Benelux,France,Brianview,Flagship,2020-03-26,Whitney Ray,1
STR1134,Williamsmouth Hub,France & Benelux,France,Anthonyton,Large,2023-03-27,Courtney Jackson,1
STR1135,Lloydfurt Store,France & Benelux,France,Hughesfurt,Flagship,2017-06-14,Jared Cruz,1
STR1136,New Joshua Store,France & Benelux,Netherlands,West Edwardland,Large,2013-02-18,Colleen Webb,1
STR1137,Davidland Hub,France & Benelux,France,Ramosside,Small,2014-08-13,Kyle Johnson,1
STR1138,Port Ericaside Hub,France & Benelux,Belgium,Churchhaven,Medium,2015-08-20,Ashley Ford,1
STR1139,Reynoldsstad Retail,France & Benelux,Netherlands,Griffinmouth,Small,2013-10-31,Jessica Simon,1
STR1140,West Audrey Hub,France & Benelux,Netherlands,Gordonport,Flagship,2019-06-16,Monique Harvey,1
STR1141,Sheilaton Store,France & Benelux,Netherlands,Jacksonside,Medium,2024-02-06,Michelle Lopez,1
STR1142,Kelleyton Store,France & Benelux,France,East Nancyberg,Flagship,2015-05-08,April Hunt,1
STR1143,Port Michaelmouth Outlet,France & Benelux,Netherlands,New Melissatown,Flagship,2017-11-05,Leslie Nelson,1
STR1144,South Michelletown Store,France & Benelux,Belgium,North Aaron,Flagship,2022-03-20,Matthew Chapman,1
STR1145,Port Gina Outlet,France & Benelux,Belgium,East Natashahaven,Medium,2017-09-05,Sharon Barber,1
STR1146,Lake Rhondaberg Outlet,France & Benelux,Netherlands,New Andre,Large,2024-10-21,Travis Daniels,1
STR1147,Jamesville Store,France & Benelux,France,Lake James,Medium,2018-10-02,Timothy Harris,1
STR1148,Aaronmouth Outlet,France & Benelux,Netherlands,South Jessica,Large,2019-10-23,Terry Reed,1
STR1149,East Allison Store,France & Benelux,Netherlands,Sandraside,Medium,2017-09-01,Robert Avila,1
STR1150,Laurieport Outlet,France & Benelux,Netherlands,South David,Small,2023-06-05,Nicole Juarez,1
STR1151,Royport Hub,France & Benelux,Netherlands,Ayalabury,Flagship,2022-11-12,Lance Bowman,1
STR1152,South Zachary Outlet,France & Benelux,Belgium,Port Jeffrey,Small,2016-08-13,Chris Davis,1
STR1153,Mccarthymouth Retail,France & Benelux,Belgium,Lauraton,Medium,2016-08-28,Kenneth Diaz,1
STR1154,Lake Kimberlyfurt Retail,France & Benelux,France,West Josephmouth,Large,2014-08-23,Felicia Henry,1
STR1155,Gomezburgh Store,France & Benelux,Belgium,Keithshire,Large,2021-12-19,Janet Howard,1
STR1156,East Erinland Retail,France & Benelux,Netherlands,South Robinmouth,Large,2024-12-03,Sara Ross,1
STR1157,West Victoria Retail,France & Benelux,Belgium,Fitzgeraldchester,Flagship,2013-01-07,Albert Ortega,1
STR1158,Bishopmouth Store,France & Benelux,Netherlands,Langland,Flagship,2011-08-18,Christine Simmons,1
STR1159,East Amber Outlet,France & Benelux,Netherlands,West Gregoryville,Small,2017-02-26,Andrew Wood,1
STR1160,Meganville Hub,France & Benelux,Belgium,New Dennis,Large,2017-09-07,Miguel Wolf,1
STR1161,Westburgh Retail,France & Benelux,France,New Terry,Large,2023-08-21,Mark Adkins,1
STR1162,Loganmouth Hub,France & Benelux,France,Yorkland,Large,2020-05-20,Caroline Scott,1
STR1163,Lake Jeffreyfort Store,France & Benelux,Netherlands,Alexandermouth,Medium,2022-08-02,Ryan Ford,1
STR1164,Melvinhaven Store,France & Benelux,Netherlands,Kellychester,Small,2013-05-24,Amy Black,1
STR1165,Madelinebury Store,France & Benelux,Netherlands,Timothytown,Small,2014-04-06,David Welch,1
STR1166,Angelachester Hub,France & Benelux,Belgium,East Lindseyport,Large,2021-05-28,Belinda Perry,1
STR1167,Salinasfurt Outlet,France & Benelux,France,Lake Stevenview,Large,2023-01-04,Michael Lopez,1
STR1168,Port Lisafort Store,France & Benelux,France,Thomasside,Medium,2023-01-17,Darrell Wheeler,1
STR1169,Holtbury Retail,France & Benelux,Netherlands,Williamside,Large,2014-11-02,David Willis,1
STR1170,Danamouth Outlet,France & Benelux,France,South Katherinechester,Large,2023-03-24,Gabriela Henderson,1
STR1171,New Angelamouth Store,France & Benelux,Netherlands,Ricardoton,Small,2013-11-10,Jill Velasquez,1
STR1172,Patriciamouth Store,France & Benelux,Belgium,Phillipstad,Flagship,2018-03-26,Victor Nguyen,1
STR1173,Port Marialand Store,France & Benelux,France,Schroederview,Large,2013-07-22,Kathleen Mendez,1
STR1174,East Susanfurt Outlet,France & Benelux,France,Robinsonshire,Flagship,2018-10-08,Ronald Pennington,0
STR1175,Port Sarah Retail,France & Benelux,France,New Alisonview,Large,2024-08-18,Richard Brown,1
STR1176,Lambertstad Store,France & Benelux,France,Johnside,Large,2022-11-12,Ethan Salas,1
STR1177,Johnchester Retail,France & Benelux,Belgium,Aaronton,Large,2019-04-15,Andrew Robertson,1
STR1178,Owensfort Outlet,France & Benelux,France,Courtneyton,Large,2020-01-01,Thomas Humphrey,1
STR1179,Gregoryport Hub,France & Benelux,Belgium,North George,Small,2018-07-24,Richard Wright,1
STR1180,West Davidshire Store,France & Benelux,Belgium,Garciaview,Small,2014-09-12,Nicole Nelson,1
STR1181,Zoefort Store,France & Benelux,Netherlands,Rodrigueztown,Small,2022-09-18,Mary Phillips,1
STR1182,Jasonbury Store,France & Benelux,Netherlands,Lake Margaret,Medium,2022-02-06,Anthony Robinson,1
STR1183,Savagechester Hub,France & Benelux,France,Port Raymondfurt,Medium,2015-12-27,Mary Byrd,1
STR1184,Lake Chloefort Hub,France & Benelux,Netherlands,Millerstad,Small,2024-01-28,Jessica Brown,1
STR1185,Stephanieside Store,France & Benelux,France,Port Lisa,Flagship,2023-01-04,Sean George,1
STR1186,Jamesberg Retail,France & Benelux,France,Port Donaldshire,Small,2021-06-02,Beth Schmidt,1
STR1187,East Laurahaven Outlet,France & Benelux,Netherlands,Cunninghambury,Small,2019-08-18,David Garcia,1
STR1188,New Philip Store,France & Benelux,Belgium,Vanessashire,Flagship,2024-01-06,Lee Davidson,1
STR1189,East Kathleenstad Hub,France & Benelux,Belgium,Heidiland,Large,2015-11-27,Matthew Clark,1
STR1190,Port Dakotaside Retail,France & Benelux,Netherlands,Lake Stephenmouth,Small,2024-04-25,Helen Skinner,1
STR1191,South Laurie Retail,France & Benelux,Netherlands,Pamelafort,Small,2023-10-21,Manuel Gomez,1
STR1192,New Emmaton Retail,France & Benelux,Belgium,East Jeremyport,Small,2018-12-12,Jacob Rose,1
STR1193,New Ashleybury Outlet,France & Benelux,Netherlands,Robertton,Small,2024-07-08,Christine Bond,1
STR1194,Port Clintonton Hub,France & Benelux,Belgium,North Johnport,Flagship,2015-11-19,Anthony Hill DDS,1
STR1195,Laneberg Retail,France & Benelux,Belgium,New Thomas,Medium,2013-12-03,Brady Johnson,1
STR1196,Hudsonburgh Store,France & Benelux,Netherlands,Walkerbury,Flagship,2012-09-11,Richard Lester,1
STR1197,North Jasonfort Outlet,France & Benelux,Netherlands,Port Victorview,Medium,2014-03-22,Micheal Peterson,1
STR1198,Jacobside Outlet,France & Benelux,France,Brettfort,Medium,2012-11-14,Matthew Robinson DDS,1
STR1199,Port Tiffany Retail,France & Benelux,Netherlands,Angelaport,Flagship,2015-06-28,Todd Rodriguez,1
STR1200,West Kristen Retail,France & Benelux,Belgium,Kingchester,Medium,2022-07-27,Travis Brown,1
STR1201,Shermanmouth Outlet,France & Benelux,France,Port Patricia,Flagship,2017-09-21,Charlene Becker,1
STR1202,Markshire Store,France & Benelux,France,Lake Matthew,Medium,2016-01-03,Robert Walters,1
STR1203,Brockchester Outlet,France & Benelux,France,Port Juliehaven,Small,2022-04-16,Katie Lopez,1
STR1204,Lake Alex Retail,France & Benelux,Netherlands,South Dawn,Flagship,2020-09-24,Brandy Smith,1
STR1205,Emmachester Retail,France & Benelux,Belgium,West Amanda,Small,2022-04-11,Krista Jackson,1
STR1206,Adkinsville Store,France & Benelux,Netherlands,Lake Phillipborough,Flagship,2013-12-10,Theresa Juarez,1
STR1207,Lake Jasonfort Outlet,France & Benelux,France,Mckinneyfort,Medium,2020-06-05,Margaret Mendoza,1
STR1208,Ronaldmouth Retail,France & Benelux,France,Port Juan,Large,2022-10-04,Tristan Black,1
STR1209,Strongburgh Outlet,France & Benelux,Netherlands,West Brendaton,Large,2019-05-25,Bryan Carroll Jr.,1
STR1210,North Cheryl Store,France & Benelux,Netherlands,North Keithmouth,Large,2024-07-05,Elizabeth Short,1
STR1211,Kyleberg Hub,France & Benelux,France,Ralphchester,Small,2015-03-02,Alyssa Thomas,1
STR1212,South Michelle Store,France & Benelux,Netherlands,East Tyler,Flagship,2016-02-06,Timothy Stafford,1
STR1213,New Madison Outlet,France & Benelux,France,Stevensonstad,Large,2020-08-02,John Mcmillan,1
STR1214,Monicaland Hub,France & Benelux,Belgium,North Karlamouth,Large,2024-08-26,Kevin Smith,1
STR1215,Beckerport Hub,France & Benelux,Netherlands,New Janet,Small,2015-04-17,Joshua Barr,1
STR1216,Veronicaton Retail,France & Benelux,Belgium,Lopezville,Medium,2018-05-18,Sarah Ruiz,1
STR1217,Kleinhaven Store,France & Benelux,Belgium,Perrytown,Small,2012-11-26,Thomas Phillips,1
STR1218,Justinburgh Retail,France & Benelux,Netherlands,New Briannafort,Small,2014-02-27,Sandra Rogers,1
STR1219,North Edward Hub,France & Benelux,Netherlands,Marychester,Medium,2019-01-17,Joshua Parks,1
STR1220,Hoganton Outlet,France & Benelux,Netherlands,Port Brianmouth,Flagship,2024-01-26,Michael Nichols,1
STR1221,Juanbury Store,France & Benelux,Belgium,Huffstad,Flagship,2017-02-19,Tara Mueller,1
STR1222,Danielside Outlet,France & Benelux,France,Frankville,Flagship,2018-11-13,Timothy Bartlett,1
STR1223,Taylorburgh Retail,France & Benelux,Belgium,Jessicamouth,Large,2019-10-14,Frank Peterson,1
STR1224,Lake Lisa Store,France & Benelux,Netherlands,Christinamouth,Medium,2015-05-19,Eric Weber,1
STR1225,Jamesview Store,France & Benelux,Belgium,East Judithmouth,Medium,2022-09-03,Christy Long,1
STR1226,North Carlatown Store,France & Benelux,Netherlands,Lauraport,Flagship,2019-07-08,Mr. Richard Stokes,1
STR1227,West Toddview Retail,France & Benelux,France,Port Kellyton,Flagship,2020-07-09,Joseph Ramirez,1
STR1228,Stevenshire Outlet,France & Benelux,Belgium,Port Sarahtown,Medium,2016-01-07,Morgan Jackson,1
STR1229,North Bradleyside Store,France & Benelux,Netherlands,Meghanberg,Large,2019-03-15,Mr. Timothy Maddox,1
STR1230,Willisbury Hub,France & Benelux,France,Ortizshire,Small,2011-08-23,Shawn Petersen,0
STR1231,Barkerhaven Outlet,France & Benelux,France,Richardberg,Large,2022-04-05,Donna Wells,1
STR1232,East Mckenzieland Outlet,France & Benelux,Netherlands,East Lisaberg,Medium,2017-12-14,David Taylor,1
STR1233,West Codyfurt Hub,France & Benelux,Belgium,New Laurashire,Small,2012-04-15,Kayla Carlson,1
STR1234,Ryanburgh Hub,France & Benelux,France,North Katherine,Flagship,2018-09-30,Janice Klein,1
STR1235,South Terrystad Outlet,France & Benelux,Belgium,Danieltown,Flagship,2024-11-18,Emily Davis,1
STR1236,Vargasville Retail,France & Benelux,Netherlands,Brendaton,Medium,2025-05-12,Brenda Simmons,1
STR1237,Campbellfort Store,France & Benelux,France,Mcfarlandmouth,Large,2025-05-31,Dr. Jerry White MD,1
STR1238,Brendafort Store,France & Benelux,France,East Danieltown,Large,2020-12-02,Adrian Davis,1
STR1239,Pittston Retail,France & Benelux,Netherlands,Josephland,Medium,2012-12-23,Jenna Curtis,1
STR1240,New Danielfurt Outlet,France & Benelux,Netherlands,Lake Markville,Small,2016-11-10,Charles Rodgers,1
STR1241,Sarahstad Hub,France & Benelux,Belgium,Joshuashire,Medium,2022-03-11,Jonathan Thomas,1
STR1242,Henrystad Hub,France & Benelux,France,South Jesse,Medium,2023-08-02,George Knight,1
STR1243,East Mindymouth Store,France & Benelux,France,Batesmouth,Small,2023-03-07,Susan Cox,1
STR1244,Jensenview Store,France & Benelux,France,Lake Justin,Medium,2013-12-17,Erin Sanchez,1
STR1245,Marcochester Store,France & Benelux,Netherlands,New Stephanie,Flagship,2023-06-01,Katherine Martinez,1
STR1246,Valeriemouth Retail,France & Benelux,Netherlands,East Christopher,Large,2014-08-22,Stephanie Sanchez,1
STR1247,North Craigview Store,France & Benelux,Belgium,South Charlotte,Flagship,2015-12-12,Michael Smith,1
STR1248,Mcgeebury Store,France & Benelux,France,Ritahaven,Flagship,2017-06-14,William Quinn,1
STR1249,South Lucaschester Store,France & Benelux,Netherlands,Hoffmanberg,Large,2017-01-09,Michael Clark,1
STR1250,Taylormouth Outlet,France & Benelux,Belgium,Lake Katherinebury,Small,2021-07-15,Jennifer Collier,1
STR1251,South Dennisfurt Hub,France & Benelux,France,Kaylabury,Small,2017-07-10,Becky James,1
STR1252,Lake Stacybury Hub,DACH,Germany,Thompsonburgh,Small,2022-08-11,Destiny Johnson,1
STR1253,Hortonfurt Retail,DACH,Switzerland,West Kyletown,Small,2011-09-08,Alexandria Reed,1
STR1254,Port Robert Store,DACH,Switzerland,South Lauraland,Small,2020-12-30,Julie Torres,1
STR1255,Lake Sarah Hub,DACH,Switzerland,West Andrew,Flagship,2017-06-15,Ryan Merritt,1
STR1256,East Crystaltown Retail,DACH,Switzerland,Ramseyport,Flagship,2020-05-14,Robert Santiago,1
STR1257,Sharpburgh Hub,DACH,Austria,Martinezside,Large,2016-11-13,Linda Bradley,1
STR1258,Pamelatown Retail,DACH,Austria,South Lori,Medium,2016-03-30,Elizabeth Hudson,1
STR1259,Robertsside Store,DACH,Germany,Johnsonland,Large,2021-07-30,Cynthia Garcia,1
STR1260,Jeffreyton Hub,DACH,Austria,Cooperland,Medium,2020-12-10,Adam Davis,1
STR1261,New Marilyn Retail,DACH,Switzerland,Kurtton,Small,2012-04-26,Kelly Thomas,1
STR1262,Stevenside Hub,DACH,Switzerland,West Peter,Medium,2024-11-06,Jared Riggs,1
STR1263,East Deanna Outlet,DACH,Austria,Wilsonbury,Large,2013-06-19,David Williams,1
STR1264,West Michaelhaven Hub,DACH,Switzerland,Williamsshire,Large,2014-04-01,Juan Schultz,1
STR1265,Ericafort Hub,DACH,Switzerland,North Jeanberg,Large,2018-08-18,Ashley Mueller,1
STR1266,Dennisland Hub,DACH,Germany,East Kelly,Flagship,2013-05-31,Mark Green,1
STR1267,Grahamfurt Hub,DACH,Germany,East Danielle,Large,2012-06-02,Lisa Perez,1
STR1268,Port Erin Hub,DACH,Austria,New Kristenchester,Large,2020-09-14,Kayla Ramirez,1
STR1269,New Susanburgh Hub,DACH,Switzerland,Andersonshire,Medium,2011-10-11,Stephanie Taylor,1
STR1270,East Robert Retail,DACH,Switzerland,Port Victoriaside,Medium,2014-09-18,Sandra Martinez,1
STR1271,North Janiceside Store,DACH,Germany,Lake Jessica,Medium,2012-05-13,Dana Donovan,1
STR1272,South Kristina Outlet,DACH,Switzerland,Lake Davidton,Small,2019-06-23,Hector Little,1
STR1273,Sheltontown Retail,DACH,Germany,North Matthewfort,Medium,2023-03-25,Amy Melton,1
STR1274,West Kathleenberg Hub,DACH,Germany,New Alexaton,Small,2018-05-09,Jonathan Shaw,1
STR1275,Jessicaton Outlet,DACH,Germany,North Sarabury,Small,2016-07-21,Nathan Nguyen,1
STR1276,East Jennifer Hub,DACH,Switzerland,New Bobbytown,Large,2017-05-16,David Gonzales,1
STR1277,Lindseytown Retail,DACH,Germany,Matthewton,Flagship,2020-02-05,Annette Schneider,1
STR1278,South Scottton Store,DACH,Switzerland,West Catherine,Large,2023-02-12,Theresa Nash,1
STR1279,Thomasfurt Store,DACH,Switzerland,Alexhaven,Medium,2016-03-07,Mark Clements,1
STR1280,Jenniferfort Outlet,DACH,Germany,Mariashire,Small,2019-06-13,Sandra Gonzales,0
STR1281,New Bryce Retail,DACH,Austria,Brittanyton,Flagship,2013-07-21,Bruce Snyder,1
STR1282,Johnview Hub,DACH,Austria,New Howard,Medium,2017-08-31,James Anthony,1
STR1283,Lake Monica Retail,DACH,Germany,Stantonside,Large,2015-08-01,Amy Mendoza,1
STR1284,Shannonberg Outlet,DACH,Austria,Schultzport,Large,2014-12-16,Devin Morris,1
STR1285,West Hannahchester Store,DACH,Austria,Sarahstad,Flagship,2023-12-17,Stephanie Smith,1
STR1286,Stephanieton Outlet,DACH,Germany,Stevenstad,Flagship,2022-01-31,Joan Camacho,1
STR1287,South Jenniferstad Retail,DACH,Switzerland,Port Ronald,Large,2025-01-22,John Moon,1
STR1288,Davisland Retail,DACH,Switzerland,Lake Sherry,Large,2023-03-03,Andrew Edwards,1
STR1289,Port Ricardo Outlet,DACH,Switzerland,Port Ashleyport,Flagship,2020-08-15,William West,1
STR1290,Lauraberg Hub,DACH,Germany,Emilystad,Large,2024-05-11,Danielle Gutierrez,1
STR1291,Roberttown Hub,DACH,Switzerland,North Martinmouth,Flagship,2015-01-13,Jeremy Jones,1
STR1292,Steventon Retail,DACH,Austria,West Nicole,Small,2013-05-05,Nicole Diaz,1
STR1293,New John Hub,DACH,Switzerland,Perezfurt,Medium,2021-03-05,Brandon Mclaughlin,1
STR1294,Sullivanville Store,DACH,Austria,Parkerchester,Flagship,2018-09-22,Sergio Johnson,1
STR1295,Dorseyton Retail,DACH,Switzerland,East Helen,Large,2015-11-13,Elizabeth Martinez,1
STR1296,Tanyaview Retail,DACH,Austria,North Tracie,Large,2021-01-10,Ashley Woods,1
STR1297,West Kimberly Store,DACH,Austria,Port Bryan,Large,2012-06-23,Brianna Frost,1
STR1298,South Marilynmouth Outlet,DACH,Germany,Rebeccamouth,Medium,2013-04-15,Samuel Atkins,1
STR1299,Lloydside Store,DACH,Germany,Karenview,Medium,2014-12-17,Ronald Murphy,1
STR1300,Carterburgh Store,DACH,Germany,Lake Kevin,Medium,2012-09-02,Antonio Shaffer,1
STR1301,Andreside Outlet,DACH,Germany,North Maryburgh,Small,2022-10-21,Scott Patterson,1
STR1302,West Brandiport Retail,DACH,Switzerland,West Nicoleport,Flagship,2025-03-14,Michael Miller,1
STR1303,New Aaronbury Retail,DACH,Austria,Mcguirehaven,Large,2021-08-04,Bradley Stewart,1
STR1304,New Lesliechester Hub,DACH,Switzerland,Port Donaldburgh,Large,2023-06-17,Colton Willis,1
STR1305,Danaview Outlet,DACH,Austria,Lake Michael,Medium,2019-06-10,Brianna Clark,1
STR1306,New Maryborough Store,DACH,Germany,Clarkhaven,Flagship,2021-07-30,Sue Gonzalez,1
STR1307,West Matthew Retail,DACH,Switzerland,North Lukemouth,Large,2021-06-14,Brenda Patel,1
STR1308,Port Karenburgh Store,DACH,Austria,Johnsonside,Small,2024-02-27,Shannon Mcclain,1
STR1309,Warnerland Hub,DACH,Austria,Maryton,Small,2024-02-29,Ashley Smith,1
STR1310,Lake Stephenland Store,DACH,Austria,Evansborough,Small,2018-12-22,Sherri Johnson,1
STR1311,South Beckyshire Outlet,DACH,Germany,Petersfort,Large,2015-12-28,Kelsey Colon,1
STR1312,Lake Brittney Hub,DACH,Switzerland,Chelseaview,Large,2012-08-07,Rachel Weiss,1
STR1313,Kathleenmouth Hub,DACH,Austria,Lake Jeremy,Medium,2023-01-09,Melissa Walker,1
STR1314,Haydenfort Outlet,DACH,Austria,West Victoriaville,Flagship,2017-09-24,Danielle Owen,1
STR1315,Perezland Store,DACH,Switzerland,Josephberg,Medium,2019-12-27,Taylor Thomas,0
STR1316,Lake Andrew Store,DACH,Germany,New Saratown,Large,2012-09-25,Jeffrey Griffin,1
STR1317,Wilsonland Hub,DACH,Austria,Lake Joshua,Medium,2013-02-05,Cynthia Walker,1
STR1318,Rodriguezfurt Store,DACH,Austria,Garciatown,Small,2016-10-19,Mrs. Ashley Barber,1
STR1319,Port Kathrynport Hub,DACH,Germany,Ryanbury,Large,2020-09-29,Shannon Hart,1
STR1320,Howellfort Outlet,DACH,Austria,Port Debbiefurt,Small,2014-03-13,Michelle Brown,1
STR1321,Clayville Store,DACH,Germany,Lake Melissaview,Medium,2021-06-05,Traci Anderson,1
STR1322,North Richard Hub,DACH,Switzerland,South Kristen,Small,2016-12-29,Kenneth Flynn,1
STR1323,East Joshua Outlet,DACH,Austria,Castillochester,Large,2019-06-17,Melissa Conner,1
STR1324,Port Kendrashire Outlet,DACH,Austria,East Larry,Small,2015-02-07,Frank Solis,1
STR1325,East Kennethfort Outlet,DACH,Switzerland,South Lisachester,Medium,2015-07-09,Michael Drake,1
STR1326,Port Kristina Store,DACH,Austria,Cohenstad,Large,2017-11-27,Donna Rojas,1
STR1327,North Elizabethborough Hub,DACH,Switzerland,South Ericport,Flagship,2016-12-10,Ian Murray,1
STR1328,Clarketon Hub,DACH,Switzerland,Port Herbertmouth,Large,2024-10-06,Jessica Ford,1
STR1329,Nathanberg Store,DACH,Germany,Tammymouth,Large,2016-12-20,Alexandra Mcgee,1
STR1330,Morganside Hub,DACH,Germany,Franciscoville,Small,2023-03-13,Eric Henderson,1
STR1331,West Warren Store,DACH,Austria,South Susan,Large,2011-11-13,Deanna Burns,1
STR1332,East Tammyfurt Outlet,DACH,Switzerland,Jacobfurt,Flagship,2018-04-12,Mary Barton,1
STR1333,East Coryhaven Hub,DACH,Austria,New Alexander,Flagship,2017-03-20,Laurie Smith,1
STR1334,Samuelport Store,DACH,Germany,Erikhaven,Medium,2020-12-11,Cody Scott,1
STR1335,Torresmouth Outlet,DACH,Switzerland,Michaelshire,Small,2014-01-20,Robert Jones,1
STR1336,North Josephfurt Hub,DACH,Germany,Port Karenbury,Small,2020-02-20,Terry Robertson,1
STR1337,South Jonathanhaven Hub,DACH,Switzerland,West Ryan,Small,2018-07-09,Christina Martin,1
STR1338,Michaelchester Hub,DACH,Switzerland,Jonesberg,Small,2016-04-27,Amanda Allen,1
STR1339,Craigberg Store,DACH,Germany,North Thomaschester,Flagship,2013-09-12,Robert Rodriguez,1
STR1340,East Nathan Store,DACH,Switzerland,Kochbury,Large,2012-09-15,Danielle Taylor,1
STR1341,New Brittneyside Store,DACH,Germany,New Alexisville,Medium,2016-03-30,Elizabeth Nichols,1
STR1342,Blackwellport Outlet,DACH,Austria,Campbellberg,Flagship,2012-05-31,Christopher Boyd,1
STR1343,Priceside Outlet,DACH,Switzerland,Henryberg,Flagship,2020-08-30,John Campbell,1
STR1344,West Samuelview Store,DACH,Switzerland,Michelleview,Flagship,2018-10-18,Jon Henderson,1
STR1345,Shanemouth Hub,DACH,Switzerland,South Luis,Large,2019-08-19,Curtis Dalton,1
STR1346,Davidfurt Hub,DACH,Switzerland,South Erica,Medium,2021-12-29,John Davis,1
STR1347,Shirleymouth Hub,DACH,Austria,South Morganville,Large,2021-01-30,John Martin DVM,1
STR1348,New Christopherville Store,DACH,Austria,Murraytown,Small,2015-11-22,John Gutierrez,1
STR1349,South Patriciafort Store,DACH,Austria,Lake Shawn,Large,2020-08-04,Laura Thompson,1
STR1350,Steelestad Retail,DACH,Switzerland,Port Brandon,Flagship,2018-01-17,Jordan Sanford,1
STR1351,East Jessica Hub,DACH,Austria,Angelaland,Small,2013-07-07,Carol Bean,1
STR1352,Port Kristi Outlet,DACH,Switzerland,Lake Parker,Medium,2023-04-06,Jason Turner,1
STR1353,Nancymouth Outlet,DACH,Germany,Port Zacharyville,Flagship,2017-01-21,Mallory Huffman,1
STR1354,Bradleybury Hub,DACH,Austria,Rachelbury,Medium,2014-12-31,Jeff Mason,1
STR1355,Webbborough Hub,DACH,Austria,South Carolmouth,Medium,2015-12-03,Francisco Montgomery,1
STR1356,Sheriland Hub,DACH,Switzerland,West Adam,Medium,2016-12-05,Brent Mcdonald,1
STR1357,Diazland Outlet,DACH,Austria,Rhondachester,Large,2023-10-07,Kimberly Vazquez,1
STR1358,Lake Joshuachester Retail,DACH,Germany,Millerhaven,Medium,2013-12-02,Jane Murphy MD,1
STR1359,Halestad Hub,DACH,Switzerland,Castrofurt,Flagship,2020-01-20,Justin Smith,1
STR1360,Lake Candice Hub,DACH,Germany,New David,Large,2013-06-27,Joseph Perez,1
STR1361,Martinport Retail,DACH,Switzerland,East Christine,Small,2013-05-18,Teresa Boone,1
STR1362,North Jessicahaven Retail,DACH,Austria,Hartshire,Large,2012-11-08,Christopher Nicholson,1
STR1363,Lake Jasonside Hub,DACH,Switzerland,South Sonia,Small,2021-06-28,Debra Gonzalez,1
STR1364,Port Samuelton Store,DACH,Germany,Sosaview,Flagship,2024-08-30,Grace Cisneros,1
STR1365,Mooremouth Outlet,Nordics,Finland,Hopkinsfurt,Large,2025-02-18,Cory Yang,1
STR1366,Lake Nicole Retail,Nordics,Denmark,Port Kevinport,Small,2021-04-24,Yolanda Lee,1
STR1367,Jessicaberg Store,Nordics,Sweden,New Juanburgh,Large,2012-06-26,Nicole Campbell,1
STR1368,Ramirezbury Retail,Nordics,Finland,Johnsonville,Medium,2020-07-26,Ronald Nelson,1
STR1369,New Keith Outlet,Nordics,Finland,West Sherrymouth,Small,2023-01-19,Christina Hansen,1
STR1370,Jenniferview Store,Nordics,Finland,Port Megan,Flagship,2023-01-03,Mary Perkins,1
STR1371,West Jennyview Retail,Nordics,Norway,Millerport,Flagship,2022-04-23,Vernon Lewis,1
STR1372,Amberchester Retail,Nordics,Norway,Olsonside,Flagship,2018-08-15,Kelly Meyers,1
STR1373,North Donald Outlet,Nordics,Denmark,Joelville,Medium,2013-02-04,Courtney Contreras,1
STR1374,West Katherine Retail,Nordics,Sweden,Port Ryan,Large,2018-06-30,Steven Freeman,1
STR1375,West Jesus Outlet,Nordics,Norway,Michellestad,Large,2013-10-03,Michael Williams,1
STR1376,Murrayton Store,Nordics,Sweden,Ericaview,Medium,2017-01-13,Sheila Anderson,1
STR1377,South Katie Outlet,Nordics,Sweden,Cervantesfort,Medium,2017-07-22,Catherine Flores,1
STR1378,North Johnmouth Retail,Nordics,Finland,Seanhaven,Medium,2023-11-12,Miranda Goodwin,1
STR1379,Brentland Retail,Nordics,Finland,Mataton,Medium,2022-05-25,Chelsea Terry,1
STR1380,North Debbietown Retail,Nordics,Norway,Lake Steven,Medium,2025-06-30,Sarah Bishop,1
STR1381,Jennifertown Outlet,Nordics,Sweden,Natalieview,Small,2020-08-19,Megan Cruz,1
STR1382,Lake Katherinechester Store,Nordics,Sweden,New Roberttown,Medium,2020-01-11,Amanda Cohen,1
STR1383,Port Jill Outlet,Nordics,Denmark,North Juliestad,Flagship,2018-12-10,Kimberly Lee,1
STR1384,Hallmouth Retail,Nordics,Finland,Jenniferland,Large,2022-02-18,John Scott,1
STR1385,Williamshire Outlet,Nordics,Sweden,Rodriguezburgh,Flagship,2015-02-11,Ashley Sawyer,1
STR1386,Port Joshua Outlet,Nordics,Finland,Wilsonview,Medium,2017-02-17,Joshua Richards,1
STR1387,Sullivanmouth Outlet,Nordics,Denmark,Dawnside,Flagship,2012-03-28,Heather Li,1
STR1388,New Scottview Store,Nordics,Sweden,South Kathrynton,Medium,2015-06-11,Anna Price,1
STR1389,Lake Cesar Outlet,Nordics,Denmark,New Steven,Flagship,2023-07-08,Victoria Alexander,1
STR1390,Lisamouth Hub,Nordics,Norway,North Eugenebury,Small,2013-10-11,Rebecca Dennis,1
STR1391,Walkerside Outlet,Nordics,Norway,West Robert,Large,2020-02-03,Grant Hill,1
STR1392,Archerbury Hub,Nordics,Norway,Woodsstad,Flagship,2021-09-11,Joshua Lynch,1
STR1393,East Nancyberg Store,Nordics,Denmark,Kingshire,Large,2015-12-09,Rebecca Wilson,1
STR1394,West Robert Outlet,Nordics,Sweden,South Taylormouth,Small,2011-09-10,David Farrell,1
STR1395,West Maryton Retail,Nordics,Sweden,Kimberlyshire,Medium,2020-08-22,Joseph Taylor,1
STR1396,East Ashleystad Retail,Nordics,Norway,Cynthiaborough,Small,2020-10-14,Joshua Gonzales,1
STR1397,Annahaven Retail,Nordics,Sweden,East Martin,Flagship,2022-08-05,Janet Hernandez,1
STR1398,Haleyfort Outlet,Nordics,Sweden,Nicholaschester,Large,2017-07-10,Sarah Rojas,1
STR1399,Chadshire Retail,Nordics,Sweden,Port Jennifer,Medium,2023-04-09,Morgan Cruz,1
STR1400,Sherryview Retail,Nordics,Finland,Jeremyshire,Small,2019-10-23,Jennifer Ramos,1
STR1401,South Rebecca Hub,Nordics,Denmark,Stephanieport,Small,2023-12-29,Mikayla White,1
STR1402,South Walter Outlet,Nordics,Sweden,Lake Joeltown,Small,2012-11-03,Miss Erika Jackson MD,1
STR1403,Sandraberg Retail,Nordics,Norway,Port Andrewtown,Small,2013-06-13,Lauren Richards,1
STR1404,Kimberlyland Store,Nordics,Finland,Amberhaven,Medium,2016-12-12,Troy Evans,1
STR1405,Morganfort Store,Nordics,Norway,Bairdborough,Flagship,2018-02-03,Diana Ellis,1
STR1406,East Scott Outlet,Nordics,Finland,Lake Shaunbury,Flagship,2013-12-25,Bradley Flores,1
STR1407,Austinshire Store,Nordics,Norway,Gibbsfurt,Flagship,2016-02-10,Justin Foster,1
STR1408,Lindahaven Store,Nordics,Finland,Yorkburgh,Large,2017-08-23,Michael Parker,1
STR1409,Smithfort Outlet,Nordics,Denmark,West Jessicaborough,Flagship,2022-11-07,Nathaniel Smith,1
STR1410,North Michelle Hub,Nordics,Denmark,Lake Lisa,Medium,2012-05-12,Robert Kennedy,1
STR1411,Wesleyside Store,Nordics,Finland,New Jerry,Large,2021-07-27,Jennifer Logan,1
STR1412,Robertofurt Hub,Nordics,Finland,North Gregory,Flagship,2024-07-28,Danny Banks,1
STR1413,Port Diana Retail,Nordics,Denmark,South Christina,Small,2023-10-09,James Watson,1
STR1414,Mitchellview Outlet,Nordics,Sweden,East Bryanhaven,Large,2024-03-04,Bruce Evans,0
STR1415,Joelbury Store,Nordics,Denmark,Jacquelineton,Small,2013-09-29,Rachel Gonzales,1
STR1416,Port Megan Outlet,Nordics,Norway,Port Jenniferton,Small,2013-07-09,Kim Welch,1
STR1417,New Mariaburgh Outlet,Nordics,Norway,North Lisaview,Medium,2015-03-10,Emily Austin,1
STR1418,New Michael Store,Nordics,Norway,Allisonfurt,Large,2016-05-11,Amanda Johnson,1
STR1419,Stewartview Retail,Nordics,Finland,Rodgersview,Medium,2012-12-28,Nicholas Ross,1
STR1420,Calvinton Outlet,Nordics,Finland,Mahoneyview,Medium,2018-10-29,Keith Griffith,1
STR1421,South Christina Retail,Nordics,Denmark,Tammyshire,Small,2013-07-29,Thomas Fernandez,1
STR1422,Port Tylerstad Hub,Nordics,Sweden,Allisonfort,Small,2016-10-10,Paul Fuller,1
STR1423,West Johnton Outlet,Nordics,Denmark,Tracymouth,Flagship,2021-10-10,Kyle Spencer,1
STR1424,Kevinfurt Retail,Nordics,Norway,Pachecoport,Small,2015-10-12,Kathleen Gentry,1
STR1425,Brentton Hub,Nordics,Sweden,Emmatown,Large,2011-12-15,Joshua Haynes,1
STR1426,Angelafort Outlet,Nordics,Norway,West Randall,Large,2024-02-20,Alyssa Cherry,1
STR1427,Sandraborough Store,Nordics,Norway,Boyerport,Small,2012-03-28,Mackenzie Wheeler,1
STR1428,Hicksfort Hub,Nordics,Finland,Jonesmouth,Small,2019-06-05,Donald Boyd,1
STR1429,Foxmouth Outlet,Nordics,Finland,Alyssafort,Medium,2025-05-10,Christopher Ware,1
STR1430,South Phillip Retail,Nordics,Finland,Mullenbury,Small,2021-03-31,Yolanda Mendez,1
STR1431,Torreschester Outlet,Nordics,Sweden,North Stevenbury,Flagship,2013-12-10,Jennifer Williams,1
STR1432,Christopherview Store,Nordics,Norway,Port Omarport,Flagship,2018-03-04,Joseph Morales,1
STR1433,Lake Christinahaven Hub,Nordics,Finland,Ronaldbury,Medium,2012-09-25,Nicolas Beck,1
STR1434,North Rebeccamouth Store,Nordics,Norway,New Sethberg,Small,2019-12-22,David Cox,1
STR1435,Vegabury Hub,Nordics,Denmark,Ralphside,Small,2018-11-14,Roger Watson,1
STR1436,Port Matthewchester Hub,Nordics,Finland,Warrenburgh,Large,2017-12-23,Teresa Gonzalez,1
STR1437,East Davidfort Outlet,Nordics,Denmark,Lake Adrianhaven,Small,2023-12-08,April Cunningham,1
STR1438,Jennifertown Store,Nordics,Denmark,Nguyenhaven,Flagship,2019-11-14,Amanda Peterson,1
STR1439,New Robert Hub,Nordics,Sweden,Leetown,Medium,2013-12-27,Jason Hale,1
STR1440,Lake Roseberg Outlet,Nordics,Norway,Mannfort,Small,2022-12-31,Sandra Alvarado,1
STR1441,Dannyburgh Retail,Nordics,Norway,Ryanshire,Medium,2013-06-28,Andrew Barr,1
STR1442,Rodriguezburgh Outlet,Nordics,Sweden,Lake Nathanton,Large,2015-06-20,Ricky Dominguez,1
STR1443,Lake Jeffrey Retail,Nordics,Denmark,Emilyport,Flagship,2012-01-06,Elizabeth Greene,1
STR1444,Whiteland Outlet,Nordics,Norway,Hernandezberg,Medium,2023-01-17,Lindsey Allen,1
STR1445,New Ronald Outlet,Nordics,Finland,Port Tammy,Medium,2021-06-13,Melissa Evans,1
STR1446,Woodsport Retail,Nordics,Finland,Smithport,Small,2017-03-30,Carrie Huang,1
STR1447,Aaronfurt Retail,Nordics,Denmark,Tinamouth,Medium,2022-04-10,Ian Shaw,1
STR1448,Robertsonbury Outlet,Nordics,Sweden,South Lisaberg,Flagship,2017-11-06,Seth Vance,1
STR1449,Port Annemouth Retail,Nordics,Sweden,Millerview,Flagship,2020-11-06,Michael Smith,1
STR1450,East Jameschester Outlet,Nordics,Sweden,Lake Kevin,Small,2016-02-16,Jennifer Sanders,1
STR1451,West Kellyburgh Hub,Nordics,Norway,Mccarthyton,Flagship,2015-03-20,Edward Salazar,1
STR1452,Smithville Retail,Nordics,Denmark,New Daniellebury,Flagship,2016-04-24,Rick Kidd,1
STR1453,East Thomasborough Retail,Nordics,Norway,Lake Jennifer,Medium,2015-02-28,Mr. James Leonard II,1
STR1454,Davidfort Hub,Nordics,Sweden,Port Linda,Small,2020-11-21,Travis Sanchez,1
STR1455,South Debrahaven Outlet,Nordics,Denmark,Roseburgh,Flagship,2018-07-17,Amanda Russell,1
STR1456,South Jessicaburgh Store,Nordics,Sweden,Johnsonland,Large,2017-10-30,Belinda Sullivan,1
STR1457,New Allisonport Outlet,Nordics,Denmark,Joneston,Medium,2016-07-13,Lisa Singh,0
STR1458,North Markfurt Outlet,Nordics,Sweden,Lake Suzanneport,Large,2015-10-29,Christine Jimenez DVM,1
STR1459,Port Mary Retail,Nordics,Denmark,Allenton,Medium,2016-01-05,Stephanie Delgado,1
STR1460,Cookburgh Hub,Nordics,Norway,Port Sally,Small,2011-12-27,Debra Gonzalez,1
STR1461,Richardhaven Store,Nordics,Finland,New Susanview,Medium,2016-09-05,Michael Vazquez,1
STR1462,Lake Keithfort Hub,Nordics,Denmark,South Jenniferberg,Large,2017-11-14,Jessica Morales,1
STR1463,Jenniferside Store,Nordics,Norway,East Anthony,Medium,2018-11-05,Tyler Thomas,1
STR1464,Kyleport Store,Nordics,Norway,South Shawnland,Large,2022-10-09,Judy Baker,1
STR1465,Jamesfort Store,Nordics,Finland,Edwardshire,Medium,2015-03-07,Hannah Soto,1
STR1466,Clarkport Store,Nordics,Denmark,Jenniferborough,Small,2015-09-13,Brandon Evans,1
STR1467,Fosterborough Retail,Nordics,Norway,Rachelburgh,Large,2013-04-04,Kevin Church,1
STR1468,Leetown Store,Nordics,Sweden,Andrewbury,Large,2023-03-02,Justin Mcguire,1
STR1469,South Adam Hub,Nordics,Finland,Leachbury,Large,2016-10-28,Charles May,1
STR1470,Cindyview Outlet,Nordics,Norway,Palmerview,Medium,2015-03-01,Cheryl Harris,1
STR1471,Vincentshire Retail,Southern Europe,Portugal,Hunterhaven,Large,2020-08-07,Lori Trevino,1
STR1472,East Brandy Store,Southern Europe,Portugal,Kathleenville,Medium,2014-07-08,Kenneth Anderson,1
STR1473,West Franciscoview Retail,Southern Europe,Italy,West Nicholasstad,Small,2012-06-24,Barbara Haley DDS,1
STR1474,East Robertberg Hub,Southern Europe,Spain,Brownburgh,Flagship,2016-11-20,Rachel Brown,1
STR1475,Port Jake Outlet,Southern Europe,Spain,Michaelton,Flagship,2020-04-23,Kenneth Torres,1
STR1476,East Jessicaton Store,Southern Europe,Spain,Hornfurt,Medium,2014-11-21,Jessica Steele,1
STR1477,East Anaberg Hub,Southern Europe,Spain,Port Candacemouth,Large,2012-04-30,Angel Baker,1
STR1478,West Sarahport Store,Southern Europe,Portugal,North Barry,Medium,2013-04-28,William Hardin,1
STR1479,Meganbury Retail,Southern Europe,Spain,East Jacquelineport,Flagship,2019-03-26,Erik Castro,1
STR1480,South Katherinefort Hub,Southern Europe,Portugal,North Luis,Large,2022-11-24,Mr. Jeremiah Henson,1
STR1481,Patrickland Store,Southern Europe,Italy,West Mary,Flagship,2015-04-26,Daniel Hale DDS,1
STR1482,Ronaldshire Hub,Southern Europe,Portugal,Parkerstad,Large,2014-11-03,Dennis Wright,1
STR1483,Annaland Retail,Southern Europe,Portugal,Newtonborough,Small,2014-11-13,Kelly Booker,1
STR1484,Lake Kathleen Retail,Southern Europe,Spain,Lake Sheenaberg,Flagship,2021-10-17,Christopher Russell,0
STR1485,New Cynthiaside Retail,Southern Europe,Portugal,Jackieland,Flagship,2020-09-09,Sherry Alexander,1
STR1486,Jesuschester Retail,Southern Europe,Spain,Port Lindaton,Large,2024-06-25,Joseph Jackson,1
STR1487,Bradleyport Outlet,Southern Europe,Italy,Stewartport,Flagship,2018-06-06,Heidi Manning,1
STR1488,New Thomas Outlet,Southern Europe,Portugal,Paulborough,Small,2015-02-10,Chad Daniels,1
STR1489,Randyburgh Store,Southern Europe,Italy,Amberbury,Flagship,2013-07-01,Kara Edwards DVM,1
STR1490,Lake Christopherburgh Retail,Southern Europe,Spain,South Mark,Medium,2023-12-01,Robert Carney,1
STR1491,Schultzfurt Outlet,Southern Europe,Italy,North Sean,Small,2015-04-26,Donald Huang,1
STR1492,North Matthew Store,Southern Europe,Italy,West Adam,Small,2022-02-07,Jason Bryant,1
STR1493,Porterstad Store,Southern Europe,Portugal,West Julie,Small,2015-08-03,Travis Jones DDS,1
STR1494,Brittanyville Hub,Southern Europe,Portugal,Mackenzieshire,Large,2023-02-04,Steven Williams,1
STR1495,Lake Kevinchester Hub,Southern Europe,Portugal,Wendymouth,Medium,2014-04-17,Melvin Johnson,1
STR1496,West Michaelview Hub,Southern Europe,Spain,South Claudiahaven,Medium,2021-01-26,Mary Baker,1
STR1497,Ramirezfort Store,Southern Europe,Spain,Lake Christinechester,Medium,2018-04-12,Brittany Frederick,1
STR1498,Muellerchester Retail,Southern Europe,Italy,West Danielville,Large,2021-12-19,Troy Smith,1
STR1499,North Joel Hub,Southern Europe,Italy,Ericville,Medium,2025-03-29,Amy Young,1
STR1500,Richardland Store,Southern Europe,Spain,West Sara,Small,2015-03-11,Lindsey Larson,1
STR1501,Port Craig Outlet,Southern Europe,Spain,Travisberg,Flagship,2023-03-02,Christopher Huffman,1
STR1502,East Brian Hub,Southern Europe,Portugal,Josephbury,Small,2022-02-01,Marilyn Davis,1
STR1503,Johnsonville Hub,Southern Europe,Spain,Curtisland,Medium,2019-09-01,Gary Foster,1
STR1504,Port Sophia Hub,Southern Europe,Italy,Port Matthew,Flagship,2014-02-07,Stephanie Jackson,1
STR1505,New Courtney Retail,Southern Europe,Spain,Scottmouth,Large,2024-04-06,Corey White,1
STR1506,New Brittneyland Store,Southern Europe,Spain,East Michael,Medium,2017-08-14,Sarah Cordova,1
STR1507,West Hailey Outlet,Southern Europe,Spain,Fullerport,Medium,2014-07-13,Richard Meyers,1
STR1508,Patriciafurt Outlet,Southern Europe,Italy,New Jasonland,Small,2011-08-17,Katherine Ramirez,1
STR1509,New Kari Hub,Southern Europe,Spain,West Michealhaven,Medium,2013-01-30,Larry Castillo,1
STR1510,Lake Amyfurt Store,Southern Europe,Italy,Curtisbury,Large,2019-03-18,Paul Taylor,1
STR1511,Barneshaven Retail,Southern Europe,Italy,Millerland,Large,2018-06-02,Tammy Anderson,1
STR1512,South Brandonshire Hub,Southern Europe,Spain,West Raymond,Flagship,2017-11-26,Sherry Madden,1
STR1513,North Jenniferberg Retail,Southern Europe,Italy,Salastown,Flagship,2019-08-31,Charles Chambers,1
STR1514,New Davidberg Outlet,Southern Europe,Italy,Jessicahaven,Flagship,2016-11-24,Kathryn Anderson,1
STR1515,Port Stephen Store,Southern Europe,Portugal,Jacksonport,Small,2014-10-18,Jennifer Jackson,1
STR1516,South Alexandriaberg Retail,Southern Europe,Italy,West Robert,Large,2021-04-05,Jordan Miller,1
STR1517,West Franciscochester Outlet,Southern Europe,Italy,Port Amystad,Large,2015-05-14,William Green,1
STR1518,North Oliviahaven Hub,Southern Europe,Portugal,South Julia,Flagship,2021-12-03,Anthony Mccarthy,1
STR1519,Lake Elizabeth Store,Southern Europe,Portugal,Nicolebury,Medium,2017-05-17,Anne Wright,1
STR1520,Michaelview Store,Southern Europe,Spain,Williamsberg,Small,2015-03-15,Dawn Hicks,1
STR1521,Anthonyburgh Retail,Southern Europe,Portugal,Lake Helenburgh,Medium,2024-11-06,Alyssa Lane,1
STR1522,North Williamfurt Hub,Southern Europe,Italy,South Cynthiachester,Small,2017-01-23,Wendy Miller,1
STR1523,North Kristinshire Store,Southern Europe,Spain,Cassandraside,Medium,2012-03-15,Monica Flores,1
STR1524,South Michele Outlet,Southern Europe,Spain,Lake Marieton,Large,2011-12-31,Scott Castillo,1
STR1525,New Marioshire Outlet,Southern Europe,Spain,North Jamesfort,Small,2017-04-30,Jordan Abbott,1
STR1526,Lake Lisa Outlet,Southern Europe,Italy,Larsenberg,Small,2020-12-31,Alice Levine,1
STR1527,Ayershaven Store,Southern Europe,Italy,Rachelfurt,Large,2015-06-28,George Kaiser,1
STR1528,West Davidfort Hub,Southern Europe,Italy,West Williamview,Small,2017-09-22,Heidi Mccormick,1
STR1529,Shepherdhaven Hub,Southern Europe,Spain,Annaberg,Flagship,2020-05-06,Dorothy Kramer,1
STR1530,Mariaport Outlet,Southern Europe,Italy,Port Karen,Flagship,2020-10-03,Tamara Wilson,1
STR1531,Joshuabury Retail,Southern Europe,Portugal,New Andrea,Large,2021-06-15,Kevin Burke,1
STR1532,Lake Kennethtown Outlet,Southern Europe,Portugal,East Lisaton,Small,2016-02-27,Anthony Archer,1
STR1533,East Amanda Outlet,Southern Europe,Italy,Robinsontown,Small,2021-01-31,Erik Owens,1
STR1534,Martinezmouth Outlet,Southern Europe,Spain,East Victor,Large,2013-12-30,Todd Bentley,0
STR1535,New Lauraview Store,Southern Europe,Portugal,Wilsonview,Flagship,2022-07-07,Brian Walsh,1
STR1536,Wesleyview Retail,Southern Europe,Italy,Port Rickyburgh,Large,2020-11-08,Heidi Davenport,1
STR1537,Port Kenneth Outlet,Southern Europe,Italy,Piercechester,Small,2014-04-25,Thomas Newman,1
STR1538,East Calebbury Store,Southern Europe,Italy,Jacksonport,Flagship,2015-04-26,Karen Hernandez,1
STR1539,Michelleton Outlet,Southern Europe,Spain,Gonzalezfurt,Large,2022-02-22,Robert Adams,1
STR1540,East Pennyborough Outlet,Southern Europe,Spain,New Martin,Medium,2017-03-01,Mary Barrett,1
STR1541,Hortonhaven Hub,Southern Europe,Portugal,North Rachaelview,Small,2016-08-03,Matthew Wood,1
STR1542,Quinnmouth Store,Southern Europe,Spain,Lake Elizabethport,Large,2020-12-22,Samantha Miles,1
STR1543,Sarahside Outlet,Southern Europe,Italy,Lake Vincent,Medium,2024-07-31,Patrick Anderson,1
STR1544,South Ronaldborough Retail,Southern Europe,Portugal,Port Zacharymouth,Medium,2019-04-30,Pamela Blair,1
STR1545,Navarrotown Retail,Southern Europe,Italy,Lake Jessica,Flagship,2018-06-29,William Boyd,1
STR1546,Port Sydney Retail,Southern Europe,Spain,Johnchester,Large,2015-07-20,David Figueroa,1
STR1547,Donaldton Retail,Southern Europe,Italy,Port Lynnshire,Flagship,2018-06-27,Cynthia Smith,1
STR1548,North Clinton Retail,Southern Europe,Portugal,Robinsonmouth,Large,2021-07-09,Paul Drake,1
STR1549,Port Edwardhaven Outlet,Southern Europe,Portugal,Mannstad,Medium,2018-08-15,Kyle Moreno,1
STR1550,Rogersborough Store,Southern Europe,Italy,West Michellehaven,Large,2013-09-29,Daniel Gonzales,1
STR1551,Bryantport Hub,Southern Europe,Portugal,Lake Loretta,Small,2018-01-06,Dawn Gordon,1
STR1552,Lake Sarah Store,Southern Europe,Italy,Lake Tanyatown,Small,2019-07-20,Michelle Dalton,1
STR1553,Lake Lauriebury Retail,Southern Europe,Spain,Johnview,Large,2023-09-29,Jessica Cook,1
STR1554,Lake Elizabeth Outlet,Southern Europe,Spain,New Jenniferbury,Large,2013-06-16,Jessica Williams,1
STR1555,West Rebecca Store,Southern Europe,Spain,Lake Stephaniemouth,Large,2021-09-07,Mary Burton,1
STR1556,Paulaview Outlet,Southern Europe,Portugal,West Kelsey,Flagship,2016-04-23,Angela Parsons,1
STR1557,Lyonsmouth Retail,Southern Europe,Italy,New Matthewmouth,Small,2018-02-28,Daniel Farmer,1
STR1558,Suzannehaven Retail,Southern Europe,Spain,East Nicholas,Flagship,2013-07-10,Barbara Powers,1
STR1559,Lake Alexisstad Hub,Southern Europe,Portugal,North Jo,Large,2022-08-22,David Sullivan,1
STR1560,Jaredbury Store,Southern Europe,Portugal,New Stephenmouth,Small,2020-11-21,Nicole Gibson,0
STR1561,West Joshua Hub,Southern Europe,Portugal,Lawrencetown,Medium,2023-02-20,Tonya Petty,1
STR1562,Nicolebury Hub,Eastern Europe,Poland,South Nicolestad,Flagship,2021-06-19,Donald Duncan,1
STR1563,East Andrewfurt Hub,Eastern Europe,Czech Republic,Parkerville,Medium,2014-09-29,Tiffany Ingram,1
STR1564,North Jerry Store,Eastern Europe,Hungary,Port Greg,Large,2014-10-13,William Cooper,1
STR1565,Lake Yvetteburgh Hub,Eastern Europe,Poland,West Kyle,Large,2017-09-02,Matthew Burke,1
STR1566,Port Sherryview Outlet,Eastern Europe,Czech Republic,Port Kaitlynville,Flagship,2024-05-23,Carlos Bryant,1
STR1567,West Andrea Hub,Eastern Europe,Poland,East Mirandatown,Large,2013-09-05,Rhonda Thomas,1
STR1568,Bentleyport Store,Eastern Europe,Czech Republic,Richardberg,Large,2016-10-22,Rebecca Clark,1
STR1569,New Jonathontown Store,Eastern Europe,Hungary,Maryton,Small,2013-04-10,Tricia Mcdonald MD,1
STR1570,West Curtis Retail,Eastern Europe,Czech Republic,Wareborough,Small,2014-11-02,Stephanie Flores,1
STR1571,New Jeantown Hub,Eastern Europe,Czech Republic,Anthonyside,Flagship,2017-10-05,Steven Lee,1
STR1572,Williamsville Store,Eastern Europe,Hungary,Port Brianhaven,Medium,2021-11-10,Andrea Chase,0
STR1573,East Williamton Hub,Eastern Europe,Poland,North Donna,Large,2018-05-01,Jill Lambert,1
STR1574,Lauraland Hub,Eastern Europe,Czech Republic,Dustintown,Large,2020-09-17,Theresa Moore,1
STR1575,New Jamesmouth Store,Eastern Europe,Poland,Janettown,Small,2025-06-21,Jane Clay,1
STR1576,Port Davidstad Hub,Eastern Europe,Poland,South Victoria,Flagship,2018-05-08,Timothy Rhodes,1
STR1577,New Brandon Retail,Eastern Europe,Czech Republic,Carrollhaven,Medium,2014-12-11,Tyler Watson,1
STR1578,Valenzuelashire Hub,Eastern Europe,Poland,East Cameron,Small,2020-07-30,Krystal Montoya,1
STR1579,East Carriemouth Hub,Eastern Europe,Czech Republic,Hannamouth,Flagship,2016-11-08,Michael Durham,1
STR1580,Lopezstad Retail,Eastern Europe,Poland,Port Danielle,Medium,2019-12-26,Anthony Dominguez,1
STR1581,New Josephview Retail,Eastern Europe,Poland,Villaville,Medium,2022-11-06,Brenda Myers,1
STR1582,Leahport Outlet,Eastern Europe,Czech Republic,Whiteville,Flagship,2019-08-24,Nicholas Daniel MD,1
STR1583,Gilbertview Outlet,Eastern Europe,Czech Republic,Jenniferton,Large,2014-09-20,Ms. Carmen Vasquez,1
STR1584,Morrisonton Hub,Eastern Europe,Hungary,West Richardchester,Large,2018-12-24,Stephen Wagner,0
STR1585,Conwayview Retail,Eastern Europe,Hungary,North Jeffreyfurt,Flagship,2019-10-01,Kelly Wallace,1
STR1586,Tammytown Outlet,Eastern Europe,Poland,Lake Loriside,Large,2018-10-31,Martha Booker,1
STR1587,North Williamfort Retail,Eastern Europe,Poland,Gutierrezstad,Large,2018-02-27,Jacqueline Hale,1
STR1588,Thomasborough Outlet,Eastern Europe,Poland,Elizabethland,Medium,2021-08-15,Jeremy Robinson,1
STR1589,East Sarah Hub,Eastern Europe,Hungary,Hancockborough,Large,2016-02-19,Joshua Silva,1
STR1590,East Mark Hub,Eastern Europe,Czech Republic,Lake Jamesborough,Flagship,2020-05-25,Donna Cooper,1
STR1591,Stevensontown Store,Eastern Europe,Czech Republic,Lake Charlesside,Medium,2022-04-02,Elizabeth Hall DDS,1
STR1592,East Diana Hub,Eastern Europe,Czech Republic,Lake Grantport,Flagship,2011-09-21,Emily Smith,1
STR1593,East Peter Store,Eastern Europe,Poland,North April,Small,2016-10-22,Amber Morrison,1
STR1594,Johnstad Retail,Eastern Europe,Poland,Petersonbury,Flagship,2021-10-02,Matthew Turner,1
STR1595,Berryton Store,Eastern Europe,Poland,Garciatown,Medium,2021-11-07,David Orr,1
STR1596,New Melissaburgh Hub,Eastern Europe,Czech Republic,South Victorhaven,Flagship,2017-05-18,Garrett Powell,1
STR1597,New Adrienneville Hub,Eastern Europe,Hungary,Millsshire,Flagship,2021-03-11,Brenda Hayes,1
STR1598,Adamsshire Hub,Eastern Europe,Czech Republic,South Stefaniemouth,Large,2019-07-08,Luis Lopez,1
STR1599,East Derrick Hub,Eastern Europe,Hungary,North Erica,Small,2021-02-28,Kyle Warner,1
STR1600,Petersonside Store,Eastern Europe,Hungary,Port Joseph,Large,2013-09-25,Felicia Huang,1
STR1601,Calebshire Outlet,Eastern Europe,Poland,Lake Krista,Small,2016-04-26,Megan Gross,1
STR1602,Ericaland Outlet,Eastern Europe,Poland,Port Ray,Flagship,2016-04-20,Samuel Hines,1
STR1603,East Mariashire Retail,Eastern Europe,Poland,North Jessica,Large,2019-04-19,Christopher Harris,1
STR1604,South Kathleenchester Retail,Eastern Europe,Hungary,West Alexander,Small,2023-06-04,James Adams,1
STR1605,New Kaylashire Retail,Eastern Europe,Hungary,Greenemouth,Large,2014-12-28,Jacob Mitchell,1
STR1606,North Jennifer Outlet,Eastern Europe,Hungary,East Janetborough,Small,2024-06-24,Stuart Green,1
STR1607,South Christopher Hub,Eastern Europe,Hungary,New Mark,Large,2019-06-27,Jessica Murphy,1
STR1608,North Josephborough Outlet,Eastern Europe,Czech Republic,Townsendmouth,Medium,2023-02-16,Bradley Harrison,1
STR1609,Port Adrian Outlet,Eastern Europe,Hungary,Garciamouth,Large,2018-03-19,Tyler Hunt,1
STR1610,New Jerome Hub,Eastern Europe,Hungary,Johnsonview,Medium,2018-11-25,Jessica Howard,1
STR1611,West Allen Outlet,Eastern Europe,Hungary,Kimberlychester,Small,2012-02-12,George Johnson,1
STR1612,West Jessica Retail,Eastern Europe,Poland,East Lisaburgh,Small,2022-12-31,Stephanie Crane,1
STR1613,Port Debra Outlet,Eastern Europe,Czech Republic,Richardshire,Medium,2020-10-04,Gary Moore,1
STR1614,Cherryshire Outlet,Eastern Europe,Czech Republic,Lake Jessicaville,Small,2024-06-17,Madeline Castillo,1
STR1615,Esteschester Store,Eastern Europe,Hungary,New Judyborough,Medium,2022-12-27,Angela Watson,1
STR1616,Port Sandraton Outlet,Eastern Europe,Poland,East Patrick,Large,2020-04-30,Richard Goodwin,1
STR1617,New Robin Store,Eastern Europe,Czech Republic,West Joseph,Medium,2025-03-17,David Rodriguez,1
STR1618,New David Retail,Eastern Europe,Czech Republic,Port Amy,Small,2017-06-06,Juan Leonard,1
STR1619,Larabury Store,Eastern Europe,Czech Republic,Kylestad,Flagship,2013-05-31,Michael Gonzalez,1
STR1620,East Brianstad Store,Eastern Europe,Hungary,Anthonyshire,Flagship,2024-10-30,Jacob White,1
STR1621,East Andrewland Store,Eastern Europe,Poland,Port Nicolehaven,Large,2023-06-21,Elizabeth Mccormick DVM,1
STR1622,Charlesbury Outlet,Eastern Europe,Poland,Port Zachary,Small,2023-02-14,Mary Green,1
STR1623,Hallmouth Hub,Eastern Europe,Czech Republic,Lake Johnberg,Large,2014-09-13,Randall Chavez,1
STR1624,Port Jasonfurt Store,Eastern Europe,Czech Republic,Port Cynthia,Flagship,2014-12-30,Samantha Robinson,1
STR1625,Heatherville Store,Eastern Europe,Hungary,South Zachary,Flagship,2021-03-22,Troy Murphy,1
STR1626,Charlesport Hub,Eastern Europe,Czech Republic,Jeffreyton,Large,2018-11-16,Lisa Silva,1
STR1627,East John Retail,Eastern Europe,Poland,Tonyafort,Large,2024-08-27,Desiree Henry,1
STR1628,North Melissa Hub,Eastern Europe,Hungary,Barrettborough,Large,2018-06-21,Randy Ryan,1
STR1629,New Anthonyton Outlet,Eastern Europe,Poland,Knightburgh,Large,2017-08-09,Kristi Brown PhD,1
STR1630,Newmanport Hub,Eastern Europe,Czech Republic,East Shane,Medium,2021-05-11,Corey Dunn,1
STR1631,Zacharyview Store,Eastern Europe,Hungary,Jennifermouth,Large,2016-04-11,Tabitha Miller,1
STR1632,North Steven Store,Eastern Europe,Czech Republic,Lake Tanyaberg,Small,2024-10-24,Scott Hunt,1
STR1633,Ashleyborough Retail,Eastern Europe,Poland,Moorefurt,Flagship,2024-11-01,Nicholas Weaver,1
STR1634,New Alicia Retail,Eastern Europe,Hungary,South Annette,Flagship,2024-08-18,Mary Delgado,1
STR1635,Jamesland Outlet,Eastern Europe,Czech Republic,New Dianahaven,Medium,2024-05-01,Michael Matthews,1
STR1636,Kennedyburgh Retail,Eastern Europe,Poland,Port Holly,Medium,2018-04-16,Brenda Padilla,1
STR1637,Port Ashleychester Retail,Eastern Europe,Hungary,Phillipmouth,Small,2022-08-03,Jennifer Kim,1
STR1638,Port Andrew Store,Eastern Europe,Czech Republic,Port Scott,Medium,2019-12-16,Marie Schneider,1
STR1639,Kendrafort Store,Eastern Europe,Czech Republic,Lauraland,Large,2024-06-06,Stephanie Thomas,1
STR1640,East Trevor Retail,Eastern Europe,Hungary,Port Jennifer,Flagship,2016-09-17,Casey Franklin,1
STR1641,New Anthony Outlet,Eastern Europe,Czech Republic,North Emilychester,Large,2024-12-21,Dustin Norris,1
STR1642,East Stephaniemouth Retail,Eastern Europe,Czech Republic,East Sarah,Small,2023-11-14,Tiffany Lee,1
STR1643,Thomasland Outlet,Eastern Europe,Poland,Tinaland,Large,2023-03-29,Carlos James,1
STR1644,South Craigmouth Outlet,Eastern Europe,Poland,Byrdfort,Flagship,2021-02-15,Jaime Wheeler,1
STR1645,East Matthew Store,Eastern Europe,Hungary,Gomezton,Flagship,2013-10-26,Dr. Daniel Montes,1
STR1646,Walkerfurt Hub,Eastern Europe,Poland,New Rebecca,Medium,2013-11-15,David Berry,1
STR1647,North Jamesbury Hub,Eastern Europe,Poland,Pruittview,Small,2013-08-24,Robert Griffith,1
STR1648,Bryantport Outlet,Eastern Europe,Poland,New Lisaborough,Small,2013-11-04,William Hernandez,1
STR1649,Elizabethborough Outlet,Eastern Europe,Czech Republic,Lake Roger,Small,2014-12-19,Jimmy Day,1
STR1650,South Jacqueline Store,Eastern Europe,Hungary,Port Feliciaburgh,Small,2023-08-23,Debra Cooper,1
STR1651,Baileyview Hub,Eastern Europe,Czech Republic,New Heatherland,Medium,2015-04-16,Virginia Vega,1
STR1652,Sherylton Hub,Eastern Europe,Hungary,Port Kellyborough,Small,2013-09-01,Travis Murphy,1
STR1653,Scottmouth Hub,Eastern Europe,Czech Republic,Lake Tylerfort,Flagship,2019-08-08,Brian Ray,1
STR1654,Christinaview Retail,Eastern Europe,Hungary,Lopeztown,Medium,2015-02-14,Renee Matthews,1
STR1655,Trevorville Hub,Eastern Europe,Poland,Williamtown,Large,2018-04-26,Denise Frost,1
STR1656,South Patrick Outlet,Eastern Europe,Czech Republic,Patriciabury,Small,2014-10-23,Jason Gomez,1
STR1657,Rebeccafort Retail,Eastern Europe,Czech Republic,Hubbardberg,Large,2016-03-31,Scott Ballard,1
STR1658,Grossside Hub,Eastern Europe,Czech Republic,West Johnhaven,Medium,2015-02-05,Jason Wolfe,1
STR1659,Samanthabury Retail,Eastern Europe,Czech Republic,North Sarahton,Medium,2015-11-11,Clayton Walters,1
STR1660,Ronaldport Hub,Eastern Europe,Poland,Susanchester,Large,2024-10-05,Katherine Delgado,1
STR1661,Marychester Hub,Eastern Europe,Hungary,North Rodneyberg,Medium,2024-02-26,Juan Ramirez,1
STR1662,Lake Kirstenville Store,Eastern Europe,Poland,West Kimberlymouth,Medium,2022-06-27,Zachary Moore,1
STR1663,Coleburgh Retail,Eastern Europe,Hungary,Lake Tammy,Large,2020-12-31,Vincent Pham,1
STR1664,Frankstad Hub,Eastern Europe,Poland,Lowestad,Small,2021-09-05,Jacob Moreno,1
STR1665,Taylorshire Outlet,Eastern Europe,Hungary,Gibbsburgh,Small,2024-10-06,Brittany Yates,1
STR1666,East Nicholasmouth Store,Eastern Europe,Hungary,Lake Travis,Flagship,2018-11-22,Elizabeth Waters,1
STR1667,Erikbury Store,Eastern Europe,Hungary,Garnerfort,Medium,2012-01-04,Ronnie Murphy,1
STR1668,Karenberg Retail,Eastern Europe,Hungary,North Angela,Medium,2013-10-16,Patricia Mcguire,1
STR1669,Matthewville Retail,Eastern Europe,Czech Republic,Port Nicholasville,Small,2012-12-05,Brianna Parks,1
STR1670,North Ruthside Store,Eastern Europe,Poland,New Kevin,Medium,2016-06-29,Antonio Rodriguez,1
STR1671,Saraside Outlet,Eastern Europe,Poland,Millerfurt,Flagship,2020-03-26,Kelly Everett,1
STR1672,New Janet Retail,Eastern Europe,Poland,South Jonathanland,Small,2020-04-26,Angela Baker,1
STR1673,Lindaton Store,Eastern Europe,Poland,Port Craigfort,Medium,2024-11-25,Andrea Buck,1
STR1674,Blanchardchester Hub,Eastern Europe,Czech Republic,Gloriaside,Small,2019-01-14,Melissa Walsh,0
STR1675,Geraldville Store,Eastern Europe,Czech Republic,New Kelli,Medium,2018-07-12,Luis Ramirez,1
STR1676,East Davidchester Store,Eastern Europe,Czech Republic,East Brenda,Small,2012-01-26,Megan Garcia,1
STR1677,East Jeffreyton Store,Eastern Europe,Czech Republic,Danielport,Medium,2022-06-04,Nina Lee,1
STR1678,Chadburgh Store,Eastern Europe,Czech Republic,Annestad,Medium,2022-07-12,Derrick Clay,1
STR1679,Moralesborough Retail,Eastern Europe,Poland,Kennethchester,Small,2014-02-18,Jacob Green,1
STR1680,North Michelle Hub,Eastern Europe,Poland,Kyleberg,Small,2025-01-08,Gary Anderson,1
STR1681,New Michael Retail,Eastern Europe,Poland,New Madisonport,Small,2018-10-19,John Hernandez,1
STR1682,Stephenburgh Retail,Eastern Europe,Hungary,West Julie,Large,2020-07-07,Michelle Morris,1
STR1683,Lake Paul Hub,Eastern Europe,Hungary,Port Trevorstad,Medium,2020-03-06,Christopher Wilson,1
STR1684,Reidmouth Outlet,Eastern Europe,Hungary,West Johnmouth,Flagship,2013-08-24,Sandra Lang,1
STR1685,Moorefort Store,Eastern Europe,Hungary,Greenefort,Small,2017-04-26,Bradley Orozco,1
