InventoryID,DateKey,StoreID,ProductID,StockOnHand,ReorderPoint,ReorderStatus,DaysOfSupply,LastRestockDate,WarehouseLocation
INV0000001,20241231,STR0001,PRD00001,103,50,Adequate,14.7,2026-05-08,A2
INV0000002,20241231,STR0001,PRD00002,153,17,Adequate,51.0,2026-06-16,A2
INV0000003,20241231,STR0001,PRD00003,63,44,Adequate,21.0,2026-06-04,D1
INV0000004,20241231,STR0001,PRD00004,22,27,Reorder Required,4.4,2026-06-29,C2
INV0000005,20241231,STR0001,PRD00005,98,40,Adequate,10.9,2026-06-28,C2
INV0000006,20241231,STR0001,PRD00006,179,33,Adequate,19.9,2026-07-03,A1
INV0000007,20241231,STR0001,PRD00007,159,39,Adequate,19.9,2026-06-07,A2
INV0000008,20241231,STR0001,PRD00008,107,20,Adequate,8.9,2026-05-08,C1
INV0000009,20241231,STR0001,PRD00009,150,38,Adequate,37.5,2026-06-03,D1
INV0000010,20241231,STR0001,PRD00010,95,30,Adequate,6.8,2026-06-08,B2
INV0000011,20241231,STR0001,PRD00011,174,36,Adequate,43.5,2026-06-16,A2
INV0000012,20241231,STR0001,PRD00012,118,13,Adequate,10.7,2026-06-09,A2
INV0000013,20241231,STR0001,PRD00013,145,34,Adequate,24.2,2026-06-15,A1
INV0000014,20241231,STR0001,PRD00014,183,27,Adequate,20.3,2026-05-10,C2
INV0000015,20241231,STR0001,PRD00015,198,27,Adequate,99.0,2026-06-16,B2
INV0000016,20241231,STR0001,PRD00016,80,31,Adequate,11.4,2026-05-23,A1
INV0000017,20241231,STR0001,PRD00017,68,50,Adequate,7.6,2026-05-25,A1
INV0000018,20241231,STR0001,PRD00018,108,24,Adequate,27.0,2026-06-22,B1
INV0000019,20241231,STR0001,PRD00019,136,23,Adequate,68.0,2026-06-02,B2
INV0000020,20241231,STR0001,PRD00020,132,37,Adequate,8.8,2026-05-26,A2
INV0000021,20241231,STR0001,PRD00021,155,24,Adequate,19.4,2026-05-29,A1
INV0000022,20241231,STR0001,PRD00022,91,12,Adequate,30.3,2026-06-10,A2
INV0000023,20241231,STR0001,PRD00023,183,37,Adequate,61.0,2026-06-29,C2
INV0000024,20241231,STR0001,PRD00024,113,16,Adequate,11.3,2026-06-15,A2
INV0000025,20241231,STR0001,PRD00025,128,36,Adequate,11.6,2026-06-07,A2
INV0000026,20241231,STR0001,PRD00026,9,15,Reorder Required,4.5,2026-05-26,A1
INV0000027,20241231,STR0001,PRD00027,43,46,Reorder Required,5.4,2026-07-04,C2
INV0000028,20241231,STR0001,PRD00028,107,18,Adequate,53.5,2026-06-10,B2
INV0000029,20241231,STR0001,PRD00029,161,10,Adequate,80.5,2026-05-31,A2
INV0000030,20241231,STR0001,PRD00030,79,12,Adequate,7.9,2026-05-31,A1
INV0000031,20241231,STR0001,PRD00031,97,44,Adequate,16.2,2026-06-17,A2
INV0000032,20241231,STR0001,PRD00032,133,31,Adequate,19.0,2026-05-22,A2
INV0000033,20241231,STR0001,PRD00033,14,33,Reorder Required,1.3,2026-05-25,A2
INV0000034,20241231,STR0001,PRD00034,113,33,Adequate,22.6,2026-05-16,C1
INV0000035,20241231,STR0001,PRD00035,103,23,Adequate,7.4,2026-05-28,D1
INV0000036,20241231,STR0001,PRD00036,32,40,Reorder Required,5.3,2026-06-19,C2
INV0000037,20241231,STR0001,PRD00037,121,23,Adequate,8.1,2026-05-25,A1
INV0000038,20241231,STR0001,PRD00038,33,27,Adequate,2.8,2026-06-21,D1
INV0000039,20241231,STR0001,PRD00039,183,38,Adequate,18.3,2026-05-19,D1
INV0000040,20241231,STR0001,PRD00040,191,44,Adequate,63.7,2026-05-23,C1
INV0000041,20241231,STR0001,PRD00041,104,33,Adequate,52.0,2026-07-01,A1
INV0000042,20241231,STR0001,PRD00042,30,14,Adequate,10.0,2026-06-15,B1
INV0000043,20241231,STR0001,PRD00043,44,21,Adequate,14.7,2026-05-20,B2
INV0000044,20241231,STR0001,PRD00044,37,19,Adequate,2.5,2026-07-06,A2
INV0000045,20241231,STR0001,PRD00045,143,11,Adequate,23.8,2026-06-27,D1
INV0000046,20241231,STR0001,PRD00046,127,40,Adequate,9.8,2026-05-08,A2
INV0000047,20241231,STR0001,PRD00047,65,14,Adequate,32.5,2026-07-06,D1
INV0000048,20241231,STR0001,PRD00048,92,31,Adequate,30.7,2026-07-01,C2
INV0000049,20241231,STR0001,PRD00049,18,41,Reorder Required,2.0,2026-06-05,B1
INV0000050,20241231,STR0001,PRD00050,2,39,Reorder Required,0.2,2026-06-17,D1
INV0000051,20241231,STR0001,PRD00051,12,26,Reorder Required,2.0,2026-06-20,A2
INV0000052,20241231,STR0001,PRD00052,96,13,Adequate,13.7,2026-06-05,B1
INV0000053,20241231,STR0001,PRD00053,102,20,Adequate,14.6,2026-06-07,B2
INV0000054,20241231,STR0001,PRD00054,94,19,Adequate,10.4,2026-05-13,A1
INV0000055,20241231,STR0001,PRD00055,46,38,Adequate,3.1,2026-05-28,A1
INV0000056,20241231,STR0001,PRD00056,95,30,Adequate,7.9,2026-07-01,D1
INV0000057,20241231,STR0001,PRD00057,102,44,Adequate,7.8,2026-05-29,B2
INV0000058,20241231,STR0001,PRD00058,58,19,Adequate,11.6,2026-06-29,D1
INV0000059,20241231,STR0001,PRD00059,167,44,Adequate,41.8,2026-06-06,C2
INV0000060,20241231,STR0001,PRD00060,184,28,Adequate,36.8,2026-06-09,A1
INV0000061,20241231,STR0001,PRD00061,176,38,Adequate,14.7,2026-05-15,B1
INV0000062,20241231,STR0001,PRD00062,55,18,Adequate,4.2,2026-06-24,D1
INV0000063,20241231,STR0001,PRD00063,182,24,Adequate,16.5,2026-05-29,C2
INV0000064,20241231,STR0001,PRD00064,63,22,Adequate,9.0,2026-06-10,B1
INV0000065,20241231,STR0001,PRD00065,112,22,Adequate,8.6,2026-05-10,A1
INV0000066,20241231,STR0001,PRD00066,112,15,Adequate,16.0,2026-05-31,B1
INV0000067,20241231,STR0001,PRD00067,17,42,Reorder Required,1.9,2026-07-04,B1
INV0000068,20241231,STR0001,PRD00068,175,37,Adequate,12.5,2026-05-18,B1
INV0000069,20241231,STR0001,PRD00069,122,29,Adequate,13.6,2026-06-04,A2
INV0000070,20241231,STR0001,PRD00070,65,38,Adequate,9.3,2026-05-27,B1
INV0000071,20241231,STR0001,PRD00071,104,37,Adequate,9.5,2026-05-28,D1
INV0000072,20241231,STR0001,PRD00072,156,15,Adequate,52.0,2026-06-15,B1
INV0000073,20241231,STR0001,PRD00073,97,31,Adequate,8.8,2026-07-02,C2
INV0000074,20241231,STR0001,PRD00074,154,10,Adequate,11.0,2026-05-30,C1
INV0000075,20241231,STR0001,PRD00075,170,39,Adequate,14.2,2026-05-29,B2
INV0000076,20241231,STR0001,PRD00076,49,34,Adequate,7.0,2026-06-11,B1
INV0000077,20241231,STR0001,PRD00077,50,47,Adequate,8.3,2026-07-01,A1
INV0000078,20241231,STR0001,PRD00078,170,10,Adequate,28.3,2026-05-31,C2
INV0000079,20241231,STR0001,PRD00079,75,28,Adequate,5.4,2026-06-17,A2
INV0000080,20241231,STR0001,PRD00080,170,11,Adequate,15.5,2026-06-13,A2
INV0000081,20241231,STR0002,PRD00001,163,50,Adequate,32.6,2026-06-11,C2
INV0000082,20241231,STR0002,PRD00002,106,17,Adequate,8.8,2026-05-20,D1
INV0000083,20241231,STR0002,PRD00003,180,44,Adequate,45.0,2026-06-15,B2
INV0000084,20241231,STR0002,PRD00004,88,27,Adequate,8.0,2026-05-08,B2
INV0000085,20241231,STR0002,PRD00005,0,40,Reorder Required,0.0,2026-06-24,C1
INV0000086,20241231,STR0002,PRD00006,136,33,Adequate,34.0,2026-06-06,A1
INV0000087,20241231,STR0002,PRD00007,133,39,Adequate,26.6,2026-05-20,C2
INV0000088,20241231,STR0002,PRD00008,191,20,Adequate,63.7,2026-06-29,C1
INV0000089,20241231,STR0002,PRD00009,200,38,Adequate,15.4,2026-06-14,B2
INV0000090,20241231,STR0002,PRD00010,52,30,Adequate,10.4,2026-06-19,C2
INV0000091,20241231,STR0002,PRD00011,189,36,Adequate,27.0,2026-06-04,B2
INV0000092,20241231,STR0002,PRD00012,143,13,Adequate,15.9,2026-06-25,C2
INV0000093,20241231,STR0002,PRD00013,158,34,Adequate,12.2,2026-06-02,C2
INV0000094,20241231,STR0002,PRD00014,195,27,Adequate,19.5,2026-05-24,D1
INV0000095,20241231,STR0002,PRD00015,73,27,Adequate,18.2,2026-05-26,C2
INV0000096,20241231,STR0002,PRD00016,5,31,Reorder Required,2.5,2026-05-22,D1
INV0000097,20241231,STR0002,PRD00017,78,50,Adequate,39.0,2026-06-09,C1
INV0000098,20241231,STR0002,PRD00018,8,24,Reorder Required,8.0,2026-06-15,B2
INV0000099,20241231,STR0002,PRD00019,76,23,Adequate,12.7,2026-06-07,C1
INV0000100,20241231,STR0002,PRD00020,160,37,Adequate,13.3,2026-05-24,C1
INV0000101,20241231,STR0002,PRD00021,147,24,Adequate,29.4,2026-06-10,A2
INV0000102,20241231,STR0002,PRD00022,193,12,Adequate,96.5,2026-06-06,D1
INV0000103,20241231,STR0002,PRD00023,101,37,Adequate,14.4,2026-06-27,D1
INV0000104,20241231,STR0002,PRD00024,44,16,Adequate,8.8,2026-06-18,B2
INV0000105,20241231,STR0002,PRD00025,84,36,Adequate,28.0,2026-06-28,A2
INV0000106,20241231,STR0002,PRD00026,114,15,Adequate,8.1,2026-05-19,D1
INV0000107,20241231,STR0002,PRD00027,177,46,Adequate,14.8,2026-07-03,B2
INV0000108,20241231,STR0002,PRD00028,107,18,Adequate,11.9,2026-06-03,C2
INV0000109,20241231,STR0002,PRD00029,45,10,Adequate,7.5,2026-05-15,B1
INV0000110,20241231,STR0002,PRD00030,53,12,Adequate,10.6,2026-06-17,B2
INV0000111,20241231,STR0002,PRD00031,146,44,Adequate,10.4,2026-06-14,C2
INV0000112,20241231,STR0002,PRD00032,97,31,Adequate,32.3,2026-05-26,D1
INV0000113,20241231,STR0002,PRD00033,122,33,Adequate,12.2,2026-05-25,C2
INV0000114,20241231,STR0002,PRD00034,121,33,Adequate,11.0,2026-07-01,A2
INV0000115,20241231,STR0002,PRD00035,19,23,Reorder Required,2.1,2026-05-15,A2
INV0000116,20241231,STR0002,PRD00036,117,40,Adequate,13.0,2026-06-08,A1
INV0000117,20241231,STR0002,PRD00037,29,23,Adequate,4.8,2026-06-16,D1
INV0000118,20241231,STR0002,PRD00038,126,27,Adequate,63.0,2026-05-14,B1
INV0000119,20241231,STR0002,PRD00039,167,38,Adequate,13.9,2026-05-18,A1
INV0000120,20241231,STR0002,PRD00040,145,44,Adequate,13.2,2026-05-30,C1
INV0000121,20241231,STR0002,PRD00041,70,33,Adequate,6.4,2026-06-04,A1
INV0000122,20241231,STR0002,PRD00042,149,14,Adequate,24.8,2026-06-04,B2
INV0000123,20241231,STR0002,PRD00043,66,21,Adequate,22.0,2026-06-27,A2
INV0000124,20241231,STR0002,PRD00044,150,19,Adequate,10.0,2026-07-02,A1
INV0000125,20241231,STR0002,PRD00045,101,11,Adequate,101.0,2026-06-01,A1
INV0000126,20241231,STR0002,PRD00046,87,40,Adequate,9.7,2026-06-02,A2
INV0000127,20241231,STR0002,PRD00047,142,14,Adequate,10.9,2026-05-22,B1
INV0000128,20241231,STR0002,PRD00048,40,31,Adequate,2.9,2026-05-18,B2
INV0000129,20241231,STR0002,PRD00049,14,41,Reorder Required,1.2,2026-06-23,D1
INV0000130,20241231,STR0002,PRD00050,106,39,Adequate,26.5,2026-06-18,D1
INV0000131,20241231,STR0002,PRD00051,48,26,Adequate,24.0,2026-06-14,B2
INV0000132,20241231,STR0002,PRD00052,43,13,Adequate,8.6,2026-06-23,B1
INV0000133,20241231,STR0002,PRD00053,168,20,Adequate,28.0,2026-05-22,A1
INV0000134,20241231,STR0002,PRD00054,143,19,Adequate,9.5,2026-06-11,A2
INV0000135,20241231,STR0002,PRD00055,198,38,Adequate,22.0,2026-05-25,A2
INV0000136,20241231,STR0002,PRD00056,179,30,Adequate,29.8,2026-06-12,C2
INV0000137,20241231,STR0002,PRD00057,136,44,Adequate,68.0,2026-06-09,C2
INV0000138,20241231,STR0002,PRD00058,173,19,Adequate,86.5,2026-05-30,C2
INV0000139,20241231,STR0002,PRD00059,32,44,Reorder Required,2.3,2026-05-13,A2
INV0000140,20241231,STR0002,PRD00060,38,28,Adequate,4.2,2026-06-11,A1
INV0000141,20241231,STR0002,PRD00061,8,38,Reorder Required,0.6,2026-06-24,C1
INV0000142,20241231,STR0002,PRD00062,165,18,Adequate,23.6,2026-05-25,A2
INV0000143,20241231,STR0002,PRD00063,90,24,Adequate,6.4,2026-06-10,D1
INV0000144,20241231,STR0002,PRD00064,183,22,Adequate,45.8,2026-06-06,C1
INV0000145,20241231,STR0002,PRD00065,155,22,Adequate,11.9,2026-06-14,C1
INV0000146,20241231,STR0002,PRD00066,41,15,Adequate,6.8,2026-06-23,D1
INV0000147,20241231,STR0002,PRD00067,13,42,Reorder Required,0.9,2026-06-23,B1
INV0000148,20241231,STR0002,PRD00068,160,37,Adequate,22.9,2026-06-09,A2
INV0000149,20241231,STR0002,PRD00069,78,29,Adequate,26.0,2026-06-17,C2
INV0000150,20241231,STR0002,PRD00070,28,38,Reorder Required,9.3,2026-06-27,B2
INV0000151,20241231,STR0002,PRD00071,164,37,Adequate,18.2,2026-06-14,C2
INV0000152,20241231,STR0002,PRD00072,3,15,Reorder Required,0.8,2026-06-30,B2
INV0000153,20241231,STR0002,PRD00073,174,31,Adequate,13.4,2026-05-24,A1
INV0000154,20241231,STR0002,PRD00074,200,10,Adequate,15.4,2026-06-27,A2
INV0000155,20241231,STR0002,PRD00075,145,39,Adequate,18.1,2026-05-13,C2
INV0000156,20241231,STR0002,PRD00076,154,34,Adequate,11.0,2026-06-09,A1
INV0000157,20241231,STR0002,PRD00077,41,47,Reorder Required,2.7,2026-06-11,D1
INV0000158,20241231,STR0002,PRD00078,42,10,Adequate,3.2,2026-05-30,B2
INV0000159,20241231,STR0002,PRD00079,95,28,Adequate,19.0,2026-06-13,B1
INV0000160,20241231,STR0002,PRD00080,150,11,Adequate,150.0,2026-07-04,C1
INV0000161,20241231,STR0003,PRD00001,101,50,Adequate,101.0,2026-06-05,B1
INV0000162,20241231,STR0003,PRD00002,40,17,Adequate,13.3,2026-05-20,A1
INV0000163,20241231,STR0003,PRD00003,73,44,Adequate,5.6,2026-05-15,C1
INV0000164,20241231,STR0003,PRD00004,75,27,Adequate,15.0,2026-05-09,A1
INV0000165,20241231,STR0003,PRD00005,126,40,Adequate,18.0,2026-06-30,D1
INV0000166,20241231,STR0003,PRD00006,18,33,Reorder Required,18.0,2026-06-02,B1
INV0000167,20241231,STR0003,PRD00007,41,39,Adequate,4.1,2026-05-22,C2
INV0000168,20241231,STR0003,PRD00008,81,20,Adequate,5.8,2026-06-18,B1
INV0000169,20241231,STR0003,PRD00009,169,38,Adequate,28.2,2026-05-14,D1
INV0000170,20241231,STR0003,PRD00010,8,30,Reorder Required,1.1,2026-06-11,D1
INV0000171,20241231,STR0003,PRD00011,69,36,Adequate,6.9,2026-06-30,A2
INV0000172,20241231,STR0003,PRD00012,140,13,Adequate,46.7,2026-05-15,C2
INV0000173,20241231,STR0003,PRD00013,172,34,Adequate,172.0,2026-07-05,D1
INV0000174,20241231,STR0003,PRD00014,73,27,Adequate,6.1,2026-06-25,B2
INV0000175,20241231,STR0003,PRD00015,107,27,Adequate,11.9,2026-05-26,C2
INV0000176,20241231,STR0003,PRD00016,198,31,Adequate,49.5,2026-06-01,A2
INV0000177,20241231,STR0003,PRD00017,134,50,Adequate,19.1,2026-06-07,A1
INV0000178,20241231,STR0003,PRD00018,54,24,Adequate,13.5,2026-06-22,C2
INV0000179,20241231,STR0003,PRD00019,66,23,Adequate,22.0,2026-06-16,D1
INV0000180,20241231,STR0003,PRD00020,145,37,Adequate,72.5,2026-05-08,B2
INV0000181,20241231,STR0003,PRD00021,1,24,Reorder Required,0.1,2026-05-14,A1
INV0000182,20241231,STR0003,PRD00022,51,12,Adequate,17.0,2026-06-15,A2
INV0000183,20241231,STR0003,PRD00023,161,37,Adequate,32.2,2026-06-23,A1
INV0000184,20241231,STR0003,PRD00024,65,16,Adequate,21.7,2026-05-24,C1
INV0000185,20241231,STR0003,PRD00025,195,36,Adequate,27.9,2026-05-30,A2
INV0000186,20241231,STR0003,PRD00026,0,15,Reorder Required,0.0,2026-05-30,C2
INV0000187,20241231,STR0003,PRD00027,9,46,Reorder Required,1.0,2026-05-27,B2
INV0000188,20241231,STR0003,PRD00028,114,18,Adequate,57.0,2026-05-27,A2
INV0000189,20241231,STR0003,PRD00029,150,10,Adequate,37.5,2026-07-02,B1
INV0000190,20241231,STR0003,PRD00030,111,12,Adequate,37.0,2026-05-25,B2
INV0000191,20241231,STR0003,PRD00031,156,44,Adequate,78.0,2026-05-31,B1
INV0000192,20241231,STR0003,PRD00032,128,31,Adequate,42.7,2026-05-24,A2
INV0000193,20241231,STR0003,PRD00033,187,33,Adequate,18.7,2026-05-08,B2
INV0000194,20241231,STR0003,PRD00034,53,33,Adequate,4.4,2026-06-10,D1
INV0000195,20241231,STR0003,PRD00035,25,23,Adequate,3.6,2026-05-11,C1
INV0000196,20241231,STR0003,PRD00036,51,40,Adequate,3.4,2026-07-05,D1
INV0000197,20241231,STR0003,PRD00037,44,23,Adequate,14.7,2026-06-11,B2
INV0000198,20241231,STR0003,PRD00038,188,27,Adequate,12.5,2026-06-30,A2
INV0000199,20241231,STR0003,PRD00039,44,38,Adequate,3.1,2026-05-27,C2
INV0000200,20241231,STR0003,PRD00040,65,44,Adequate,21.7,2026-06-08,C2
INV0000201,20241231,STR0003,PRD00041,132,33,Adequate,12.0,2026-06-16,D1
INV0000202,20241231,STR0003,PRD00042,129,14,Adequate,8.6,2026-05-21,D1
INV0000203,20241231,STR0003,PRD00043,139,21,Adequate,69.5,2026-05-10,A2
INV0000204,20241231,STR0003,PRD00044,61,19,Adequate,6.8,2026-06-06,A2
INV0000205,20241231,STR0003,PRD00045,175,11,Adequate,14.6,2026-06-25,B2
INV0000206,20241231,STR0003,PRD00046,101,40,Adequate,11.2,2026-06-24,C1
INV0000207,20241231,STR0003,PRD00047,18,14,Adequate,4.5,2026-05-20,B1
INV0000208,20241231,STR0003,PRD00048,82,31,Adequate,6.3,2026-05-22,C1
INV0000209,20241231,STR0003,PRD00049,85,41,Adequate,10.6,2026-06-01,A2
INV0000210,20241231,STR0003,PRD00050,24,39,Reorder Required,1.8,2026-05-17,C2
INV0000211,20241231,STR0003,PRD00051,7,26,Reorder Required,7.0,2026-06-07,B2
INV0000212,20241231,STR0003,PRD00052,15,13,Adequate,2.5,2026-05-29,A2
INV0000213,20241231,STR0003,PRD00053,12,20,Reorder Required,1.1,2026-05-31,B1
INV0000214,20241231,STR0003,PRD00054,47,19,Adequate,9.4,2026-07-06,C2
INV0000215,20241231,STR0003,PRD00055,65,38,Adequate,65.0,2026-06-27,C1
INV0000216,20241231,STR0003,PRD00056,135,30,Adequate,27.0,2026-06-21,A2
INV0000217,20241231,STR0003,PRD00057,185,44,Adequate,30.8,2026-05-13,A1
INV0000218,20241231,STR0003,PRD00058,40,19,Adequate,6.7,2026-05-22,B2
INV0000219,20241231,STR0003,PRD00059,36,44,Reorder Required,3.0,2026-06-19,B1
INV0000220,20241231,STR0003,PRD00060,135,28,Adequate,27.0,2026-06-21,A2
INV0000221,20241231,STR0003,PRD00061,115,38,Adequate,115.0,2026-06-09,A1
INV0000222,20241231,STR0003,PRD00062,90,18,Adequate,22.5,2026-06-28,A2
INV0000223,20241231,STR0003,PRD00063,155,24,Adequate,77.5,2026-06-21,D1
INV0000224,20241231,STR0003,PRD00064,97,22,Adequate,97.0,2026-05-10,B1
INV0000225,20241231,STR0003,PRD00065,81,22,Adequate,5.4,2026-05-12,B2
INV0000226,20241231,STR0003,PRD00066,62,15,Adequate,6.9,2026-07-06,A2
INV0000227,20241231,STR0003,PRD00067,199,42,Adequate,99.5,2026-07-05,A1
INV0000228,20241231,STR0003,PRD00068,7,37,Reorder Required,2.3,2026-06-04,A2
INV0000229,20241231,STR0003,PRD00069,56,29,Adequate,9.3,2026-05-14,C1
INV0000230,20241231,STR0003,PRD00070,65,38,Adequate,5.0,2026-05-29,A1
INV0000231,20241231,STR0003,PRD00071,165,37,Adequate,165.0,2026-05-09,B2
INV0000232,20241231,STR0003,PRD00072,29,15,Adequate,2.6,2026-05-08,B2
INV0000233,20241231,STR0003,PRD00073,20,31,Reorder Required,1.7,2026-06-17,D1
INV0000234,20241231,STR0003,PRD00074,186,10,Adequate,31.0,2026-05-15,B2
INV0000235,20241231,STR0003,PRD00075,108,39,Adequate,12.0,2026-05-09,B2
INV0000236,20241231,STR0003,PRD00076,196,34,Adequate,21.8,2026-05-15,C2
INV0000237,20241231,STR0003,PRD00077,67,47,Adequate,11.2,2026-06-06,C2
INV0000238,20241231,STR0003,PRD00078,88,10,Adequate,6.8,2026-07-05,A1
INV0000239,20241231,STR0003,PRD00079,69,28,Adequate,7.7,2026-06-30,A2
INV0000240,20241231,STR0003,PRD00080,16,11,Adequate,1.1,2026-06-13,A1
INV0000241,20241231,STR0004,PRD00001,56,50,Adequate,11.2,2026-07-05,B1
INV0000242,20241231,STR0004,PRD00002,158,17,Adequate,79.0,2026-05-10,B1
INV0000243,20241231,STR0004,PRD00003,78,44,Adequate,7.8,2026-05-11,C1
INV0000244,20241231,STR0004,PRD00004,62,27,Adequate,15.5,2026-06-09,B2
INV0000245,20241231,STR0004,PRD00005,170,40,Adequate,21.2,2026-06-27,C1
INV0000246,20241231,STR0004,PRD00006,4,33,Reorder Required,0.4,2026-05-18,C2
INV0000247,20241231,STR0004,PRD00007,67,39,Adequate,33.5,2026-06-27,D1
INV0000248,20241231,STR0004,PRD00008,98,20,Adequate,49.0,2026-06-14,C2
INV0000249,20241231,STR0004,PRD00009,4,38,Reorder Required,0.8,2026-06-06,B2
INV0000250,20241231,STR0004,PRD00010,195,30,Adequate,13.0,2026-05-28,D1
INV0000251,20241231,STR0004,PRD00011,180,36,Adequate,22.5,2026-06-20,B2
INV0000252,20241231,STR0004,PRD00012,193,13,Adequate,32.2,2026-06-11,C1
INV0000253,20241231,STR0004,PRD00013,60,34,Adequate,6.0,2026-06-21,C2
INV0000254,20241231,STR0004,PRD00014,136,27,Adequate,9.1,2026-05-18,D1
INV0000255,20241231,STR0004,PRD00015,27,27,Reorder Required,1.8,2026-05-28,B1
INV0000256,20241231,STR0004,PRD00016,101,31,Adequate,7.8,2026-05-18,A2
INV0000257,20241231,STR0004,PRD00017,17,50,Reorder Required,1.7,2026-07-04,B1
INV0000258,20241231,STR0004,PRD00018,116,24,Adequate,9.7,2026-06-16,B2
INV0000259,20241231,STR0004,PRD00019,86,23,Adequate,8.6,2026-05-27,A1
INV0000260,20241231,STR0004,PRD00020,178,37,Adequate,178.0,2026-05-19,A1
INV0000261,20241231,STR0004,PRD00021,144,24,Adequate,72.0,2026-07-05,C2
INV0000262,20241231,STR0004,PRD00022,33,12,Adequate,2.4,2026-06-10,B2
INV0000263,20241231,STR0004,PRD00023,49,37,Adequate,7.0,2026-06-11,C2
INV0000264,20241231,STR0004,PRD00024,168,16,Adequate,16.8,2026-06-24,C1
INV0000265,20241231,STR0004,PRD00025,4,36,Reorder Required,4.0,2026-06-15,A1
INV0000266,20241231,STR0004,PRD00026,82,15,Adequate,20.5,2026-06-22,A2
INV0000267,20241231,STR0004,PRD00027,170,46,Adequate,15.5,2026-05-11,A1
INV0000268,20241231,STR0004,PRD00028,3,18,Reorder Required,0.4,2026-05-17,D1
INV0000269,20241231,STR0004,PRD00029,73,10,Adequate,24.3,2026-05-08,D1
INV0000270,20241231,STR0004,PRD00030,34,12,Adequate,2.4,2026-06-20,D1
INV0000271,20241231,STR0004,PRD00031,176,44,Adequate,35.2,2026-06-13,A2
INV0000272,20241231,STR0004,PRD00032,180,31,Adequate,25.7,2026-06-01,A1
INV0000273,20241231,STR0004,PRD00033,79,33,Adequate,5.6,2026-06-21,A2
INV0000274,20241231,STR0004,PRD00034,192,33,Adequate,27.4,2026-06-05,B2
INV0000275,20241231,STR0004,PRD00035,161,23,Adequate,80.5,2026-07-04,A1
INV0000276,20241231,STR0004,PRD00036,68,40,Adequate,7.6,2026-05-27,B1
INV0000277,20241231,STR0004,PRD00037,64,23,Adequate,4.6,2026-06-24,C2
INV0000278,20241231,STR0004,PRD00038,40,27,Adequate,3.1,2026-06-09,B1
INV0000279,20241231,STR0004,PRD00039,186,38,Adequate,93.0,2026-06-25,A1
INV0000280,20241231,STR0004,PRD00040,191,44,Adequate,19.1,2026-07-04,D1
INV0000281,20241231,STR0004,PRD00041,17,33,Reorder Required,3.4,2026-06-11,B2
INV0000282,20241231,STR0004,PRD00042,100,14,Adequate,33.3,2026-07-02,B1
INV0000283,20241231,STR0004,PRD00043,153,21,Adequate,19.1,2026-06-11,A2
INV0000284,20241231,STR0004,PRD00044,197,19,Adequate,21.9,2026-06-30,B1
INV0000285,20241231,STR0004,PRD00045,114,11,Adequate,22.8,2026-06-09,C1
INV0000286,20241231,STR0004,PRD00046,64,40,Adequate,5.8,2026-05-12,A2
INV0000287,20241231,STR0004,PRD00047,117,14,Adequate,23.4,2026-05-24,A2
INV0000288,20241231,STR0004,PRD00048,48,31,Adequate,8.0,2026-06-26,C1
INV0000289,20241231,STR0004,PRD00049,32,41,Reorder Required,2.5,2026-05-22,C1
INV0000290,20241231,STR0004,PRD00050,58,39,Adequate,5.8,2026-05-29,B1
INV0000291,20241231,STR0004,PRD00051,154,26,Adequate,17.1,2026-05-21,A1
INV0000292,20241231,STR0004,PRD00052,58,13,Adequate,6.4,2026-05-09,B2
INV0000293,20241231,STR0004,PRD00053,200,20,Adequate,66.7,2026-07-04,C1
INV0000294,20241231,STR0004,PRD00054,0,19,Reorder Required,0.0,2026-05-12,C2
INV0000295,20241231,STR0004,PRD00055,187,38,Adequate,26.7,2026-07-02,C1
INV0000296,20241231,STR0004,PRD00056,21,30,Reorder Required,21.0,2026-05-14,B2
INV0000297,20241231,STR0004,PRD00057,22,44,Reorder Required,3.1,2026-06-11,B2
INV0000298,20241231,STR0004,PRD00058,27,19,Adequate,13.5,2026-06-28,A1
INV0000299,20241231,STR0004,PRD00059,49,44,Adequate,3.5,2026-06-14,A1
INV0000300,20241231,STR0004,PRD00060,198,28,Adequate,49.5,2026-06-15,B1
INV0000301,20241231,STR0004,PRD00061,49,38,Adequate,24.5,2026-06-17,A2
INV0000302,20241231,STR0004,PRD00062,187,18,Adequate,37.4,2026-06-30,C2
INV0000303,20241231,STR0004,PRD00063,79,24,Adequate,26.3,2026-05-14,D1
INV0000304,20241231,STR0004,PRD00064,142,22,Adequate,12.9,2026-05-27,C2
INV0000305,20241231,STR0004,PRD00065,48,22,Adequate,24.0,2026-05-24,C1
INV0000306,20241231,STR0004,PRD00066,28,15,Adequate,4.7,2026-07-05,A1
INV0000307,20241231,STR0004,PRD00067,55,42,Adequate,11.0,2026-05-27,B2
INV0000308,20241231,STR0004,PRD00068,85,37,Adequate,9.4,2026-05-25,A1
INV0000309,20241231,STR0004,PRD00069,113,29,Adequate,10.3,2026-06-18,B1
INV0000310,20241231,STR0004,PRD00070,122,38,Adequate,13.6,2026-06-05,C1
INV0000311,20241231,STR0004,PRD00071,89,37,Adequate,22.2,2026-06-11,B1
INV0000312,20241231,STR0004,PRD00072,33,15,Adequate,33.0,2026-06-01,C2
INV0000313,20241231,STR0004,PRD00073,83,31,Adequate,6.9,2026-05-23,C1
INV0000314,20241231,STR0004,PRD00074,172,10,Adequate,11.5,2026-06-28,A2
INV0000315,20241231,STR0004,PRD00075,53,39,Adequate,4.1,2026-05-11,D1
INV0000316,20241231,STR0004,PRD00076,160,34,Adequate,17.8,2026-06-15,C1
INV0000317,20241231,STR0004,PRD00077,108,47,Adequate,9.0,2026-06-19,B2
INV0000318,20241231,STR0004,PRD00078,41,10,Adequate,4.1,2026-06-25,B1
INV0000319,20241231,STR0004,PRD00079,142,28,Adequate,47.3,2026-06-05,C2
INV0000320,20241231,STR0004,PRD00080,132,11,Adequate,9.4,2026-05-18,D1
INV0000321,20241231,STR0005,PRD00001,136,50,Adequate,27.2,2026-06-11,A1
INV0000322,20241231,STR0005,PRD00002,4,17,Reorder Required,0.4,2026-06-08,C1
INV0000323,20241231,STR0005,PRD00003,88,44,Adequate,29.3,2026-06-06,A2
INV0000324,20241231,STR0005,PRD00004,111,27,Adequate,111.0,2026-05-28,A1
INV0000325,20241231,STR0005,PRD00005,136,40,Adequate,22.7,2026-05-23,C2
INV0000326,20241231,STR0005,PRD00006,142,33,Adequate,28.4,2026-05-27,D1
INV0000327,20241231,STR0005,PRD00007,92,39,Adequate,30.7,2026-06-18,C1
INV0000328,20241231,STR0005,PRD00008,84,20,Adequate,7.0,2026-05-29,D1
INV0000329,20241231,STR0005,PRD00009,176,38,Adequate,88.0,2026-06-16,C2
INV0000330,20241231,STR0005,PRD00010,140,30,Adequate,28.0,2026-06-26,A1
INV0000331,20241231,STR0005,PRD00011,170,36,Adequate,11.3,2026-05-18,B1
INV0000332,20241231,STR0005,PRD00012,108,13,Adequate,27.0,2026-06-06,C2
INV0000333,20241231,STR0005,PRD00013,40,34,Adequate,40.0,2026-05-11,A2
INV0000334,20241231,STR0005,PRD00014,160,27,Adequate,80.0,2026-06-30,B2
INV0000335,20241231,STR0005,PRD00015,100,27,Adequate,14.3,2026-05-12,D1
INV0000336,20241231,STR0005,PRD00016,139,31,Adequate,15.4,2026-05-25,B2
INV0000337,20241231,STR0005,PRD00017,95,50,Adequate,9.5,2026-07-06,C2
INV0000338,20241231,STR0005,PRD00018,96,24,Adequate,19.2,2026-06-20,A1
INV0000339,20241231,STR0005,PRD00019,52,23,Adequate,4.0,2026-07-04,B1
INV0000340,20241231,STR0005,PRD00020,34,37,Reorder Required,17.0,2026-06-03,B1
INV0000341,20241231,STR0005,PRD00021,174,24,Adequate,87.0,2026-05-16,A1
INV0000342,20241231,STR0005,PRD00022,94,12,Adequate,13.4,2026-06-19,B1
INV0000343,20241231,STR0005,PRD00023,151,37,Adequate,37.8,2026-05-26,C1
INV0000344,20241231,STR0005,PRD00024,31,16,Adequate,3.1,2026-06-15,C2
INV0000345,20241231,STR0005,PRD00025,74,36,Adequate,4.9,2026-06-04,B1
INV0000346,20241231,STR0005,PRD00026,104,15,Adequate,6.9,2026-05-22,A2
INV0000347,20241231,STR0005,PRD00027,34,46,Reorder Required,3.1,2026-06-02,D1
INV0000348,20241231,STR0005,PRD00028,33,18,Adequate,6.6,2026-05-12,C2
INV0000349,20241231,STR0005,PRD00029,169,10,Adequate,13.0,2026-05-13,D1
INV0000350,20241231,STR0005,PRD00030,6,12,Reorder Required,0.7,2026-05-31,C1
INV0000351,20241231,STR0005,PRD00031,136,44,Adequate,27.2,2026-05-11,A2
INV0000352,20241231,STR0005,PRD00032,63,31,Adequate,9.0,2026-05-09,C1
INV0000353,20241231,STR0005,PRD00033,141,33,Adequate,47.0,2026-05-18,B1
INV0000354,20241231,STR0005,PRD00034,77,33,Adequate,11.0,2026-06-26,C2
INV0000355,20241231,STR0005,PRD00035,98,23,Adequate,49.0,2026-05-31,D1
INV0000356,20241231,STR0005,PRD00036,88,40,Adequate,88.0,2026-06-17,B2
INV0000357,20241231,STR0005,PRD00037,58,23,Adequate,7.2,2026-06-15,C2
INV0000358,20241231,STR0005,PRD00038,16,27,Reorder Required,2.0,2026-05-29,B1
INV0000359,20241231,STR0005,PRD00039,61,38,Adequate,4.7,2026-05-17,C1
INV0000360,20241231,STR0005,PRD00040,9,44,Reorder Required,3.0,2026-06-21,B2
INV0000361,20241231,STR0005,PRD00041,17,33,Reorder Required,1.1,2026-06-05,B1
INV0000362,20241231,STR0005,PRD00042,143,14,Adequate,47.7,2026-06-03,C2
INV0000363,20241231,STR0005,PRD00043,90,21,Adequate,6.9,2026-06-22,C2
INV0000364,20241231,STR0005,PRD00044,137,19,Adequate,137.0,2026-06-04,A1
INV0000365,20241231,STR0005,PRD00045,3,11,Reorder Required,0.2,2026-06-12,A2
INV0000366,20241231,STR0005,PRD00046,185,40,Adequate,15.4,2026-05-28,A1
INV0000367,20241231,STR0005,PRD00047,115,14,Adequate,28.8,2026-06-24,C2
INV0000368,20241231,STR0005,PRD00048,134,31,Adequate,10.3,2026-06-08,B2
INV0000369,20241231,STR0005,PRD00049,127,41,Adequate,11.5,2026-06-15,C2
INV0000370,20241231,STR0005,PRD00050,0,39,Reorder Required,0.0,2026-06-30,C2
INV0000371,20241231,STR0005,PRD00051,11,26,Reorder Required,1.1,2026-05-30,A2
INV0000372,20241231,STR0005,PRD00052,39,13,Adequate,3.5,2026-05-28,B2
INV0000373,20241231,STR0005,PRD00053,47,20,Adequate,3.1,2026-06-02,A2
INV0000374,20241231,STR0005,PRD00054,140,19,Adequate,17.5,2026-06-05,B1
INV0000375,20241231,STR0005,PRD00055,155,38,Adequate,155.0,2026-06-26,D1
INV0000376,20241231,STR0005,PRD00056,184,30,Adequate,13.1,2026-06-30,A1
INV0000377,20241231,STR0005,PRD00057,77,44,Adequate,77.0,2026-06-12,C2
INV0000378,20241231,STR0005,PRD00058,8,19,Reorder Required,0.7,2026-05-16,A2
INV0000379,20241231,STR0005,PRD00059,145,44,Adequate,20.7,2026-06-23,D1
INV0000380,20241231,STR0005,PRD00060,95,28,Adequate,7.3,2026-06-22,B2
INV0000381,20241231,STR0005,PRD00061,195,38,Adequate,65.0,2026-06-11,B1
INV0000382,20241231,STR0005,PRD00062,146,18,Adequate,24.3,2026-06-28,C2
INV0000383,20241231,STR0005,PRD00063,38,24,Adequate,3.2,2026-05-13,A1
INV0000384,20241231,STR0005,PRD00064,84,22,Adequate,8.4,2026-06-12,D1
INV0000385,20241231,STR0005,PRD00065,95,22,Adequate,10.6,2026-06-01,D1
INV0000386,20241231,STR0005,PRD00066,51,15,Adequate,4.6,2026-06-04,B2
INV0000387,20241231,STR0005,PRD00067,173,42,Adequate,34.6,2026-05-22,A2
INV0000388,20241231,STR0005,PRD00068,131,37,Adequate,26.2,2026-05-21,B2
INV0000389,20241231,STR0005,PRD00069,20,29,Reorder Required,2.9,2026-06-03,C2
INV0000390,20241231,STR0005,PRD00070,105,38,Adequate,8.8,2026-06-15,B1
INV0000391,20241231,STR0005,PRD00071,155,37,Adequate,31.0,2026-06-02,B2
INV0000392,20241231,STR0005,PRD00072,0,15,Reorder Required,0.0,2026-07-01,A2
INV0000393,20241231,STR0005,PRD00073,197,31,Adequate,197.0,2026-06-07,C2
INV0000394,20241231,STR0005,PRD00074,64,10,Adequate,16.0,2026-07-02,A2
INV0000395,20241231,STR0005,PRD00075,172,39,Adequate,11.5,2026-06-28,C2
INV0000396,20241231,STR0005,PRD00076,4,34,Reorder Required,1.3,2026-06-20,C1
INV0000397,20241231,STR0005,PRD00077,56,47,Adequate,11.2,2026-05-26,B1
INV0000398,20241231,STR0005,PRD00078,82,10,Adequate,11.7,2026-06-16,B1
INV0000399,20241231,STR0005,PRD00079,102,28,Adequate,34.0,2026-07-05,B1
INV0000400,20241231,STR0005,PRD00080,95,11,Adequate,7.3,2026-05-24,A2
INV0000401,20241231,STR0006,PRD00001,1,50,Reorder Required,0.3,2026-05-17,C1
INV0000402,20241231,STR0006,PRD00002,118,17,Adequate,14.8,2026-05-09,B1
INV0000403,20241231,STR0006,PRD00003,188,44,Adequate,13.4,2026-05-20,B2
INV0000404,20241231,STR0006,PRD00004,161,27,Adequate,26.8,2026-05-13,C2
INV0000405,20241231,STR0006,PRD00005,161,40,Adequate,53.7,2026-06-01,B1
INV0000406,20241231,STR0006,PRD00006,145,33,Adequate,48.3,2026-06-16,C2
INV0000407,20241231,STR0006,PRD00007,157,39,Adequate,157.0,2026-06-23,C1
INV0000408,20241231,STR0006,PRD00008,102,20,Adequate,11.3,2026-06-05,C2
INV0000409,20241231,STR0006,PRD00009,150,38,Adequate,50.0,2026-06-23,D1
INV0000410,20241231,STR0006,PRD00010,119,30,Adequate,29.8,2026-06-09,C1
INV0000411,20241231,STR0006,PRD00011,30,36,Reorder Required,2.3,2026-07-04,C2
INV0000412,20241231,STR0006,PRD00012,101,13,Adequate,16.8,2026-06-04,D1
INV0000413,20241231,STR0006,PRD00013,108,34,Adequate,12.0,2026-06-20,B1
INV0000414,20241231,STR0006,PRD00014,84,27,Adequate,21.0,2026-06-20,C2
INV0000415,20241231,STR0006,PRD00015,16,27,Reorder Required,8.0,2026-06-04,A2
INV0000416,20241231,STR0006,PRD00016,160,31,Adequate,12.3,2026-06-06,A2
INV0000417,20241231,STR0006,PRD00017,98,50,Adequate,32.7,2026-05-12,A2
INV0000418,20241231,STR0006,PRD00018,182,24,Adequate,26.0,2026-06-19,A2
INV0000419,20241231,STR0006,PRD00019,87,23,Adequate,43.5,2026-05-27,A2
INV0000420,20241231,STR0006,PRD00020,15,37,Reorder Required,1.2,2026-06-26,A1
INV0000421,20241231,STR0006,PRD00021,22,24,Reorder Required,2.0,2026-06-09,B2
INV0000422,20241231,STR0006,PRD00022,97,12,Adequate,24.2,2026-06-17,C2
INV0000423,20241231,STR0006,PRD00023,67,37,Adequate,8.4,2026-05-24,B1
INV0000424,20241231,STR0006,PRD00024,129,16,Adequate,129.0,2026-06-12,A2
INV0000425,20241231,STR0006,PRD00025,167,36,Adequate,18.6,2026-06-07,C2
INV0000426,20241231,STR0006,PRD00026,109,15,Adequate,10.9,2026-06-27,D1
INV0000427,20241231,STR0006,PRD00027,164,46,Adequate,23.4,2026-06-12,B1
INV0000428,20241231,STR0006,PRD00028,70,18,Adequate,5.8,2026-05-15,A2
INV0000429,20241231,STR0006,PRD00029,159,10,Adequate,10.6,2026-06-04,A2
INV0000430,20241231,STR0006,PRD00030,123,12,Adequate,12.3,2026-05-15,B1
INV0000431,20241231,STR0006,PRD00031,176,44,Adequate,12.6,2026-07-05,A2
INV0000432,20241231,STR0006,PRD00032,123,31,Adequate,15.4,2026-06-04,B2
INV0000433,20241231,STR0006,PRD00033,46,33,Adequate,5.8,2026-07-04,C2
INV0000434,20241231,STR0006,PRD00034,132,33,Adequate,16.5,2026-06-13,C1
INV0000435,20241231,STR0006,PRD00035,152,23,Adequate,30.4,2026-06-02,C1
INV0000436,20241231,STR0006,PRD00036,114,40,Adequate,11.4,2026-06-30,B2
INV0000437,20241231,STR0006,PRD00037,199,23,Adequate,99.5,2026-05-13,B2
INV0000438,20241231,STR0006,PRD00038,8,27,Reorder Required,0.5,2026-06-03,C2
INV0000439,20241231,STR0006,PRD00039,116,38,Adequate,29.0,2026-06-18,A1
INV0000440,20241231,STR0006,PRD00040,88,44,Adequate,11.0,2026-05-25,A1
INV0000441,20241231,STR0006,PRD00041,97,33,Adequate,13.9,2026-06-26,B1
INV0000442,20241231,STR0006,PRD00042,15,14,Adequate,1.2,2026-07-03,A2
INV0000443,20241231,STR0006,PRD00043,32,21,Adequate,2.1,2026-05-10,D1
INV0000444,20241231,STR0006,PRD00044,31,19,Adequate,2.1,2026-06-02,C1
INV0000445,20241231,STR0006,PRD00045,109,11,Adequate,12.1,2026-06-02,D1
INV0000446,20241231,STR0006,PRD00046,0,40,Reorder Required,0.0,2026-06-16,A2
INV0000447,20241231,STR0006,PRD00047,150,14,Adequate,12.5,2026-07-03,A2
INV0000448,20241231,STR0006,PRD00048,34,31,Adequate,8.5,2026-05-08,D1
INV0000449,20241231,STR0006,PRD00049,196,41,Adequate,39.2,2026-06-02,A1
INV0000450,20241231,STR0006,PRD00050,88,39,Adequate,7.3,2026-05-24,A1
INV0000451,20241231,STR0006,PRD00051,11,26,Reorder Required,0.8,2026-07-03,A2
INV0000452,20241231,STR0006,PRD00052,9,13,Reorder Required,2.2,2026-06-17,A2
INV0000453,20241231,STR0006,PRD00053,154,20,Adequate,38.5,2026-06-13,A2
INV0000454,20241231,STR0006,PRD00054,132,19,Adequate,10.2,2026-05-08,A1
INV0000455,20241231,STR0006,PRD00055,47,38,Adequate,5.9,2026-05-26,B1
INV0000456,20241231,STR0006,PRD00056,121,30,Adequate,20.2,2026-05-30,D1
INV0000457,20241231,STR0006,PRD00057,93,44,Adequate,15.5,2026-05-28,B1
INV0000458,20241231,STR0006,PRD00058,62,19,Adequate,12.4,2026-05-24,A1
INV0000459,20241231,STR0006,PRD00059,165,44,Adequate,20.6,2026-05-12,A1
INV0000460,20241231,STR0006,PRD00060,42,28,Adequate,4.2,2026-05-19,A1
INV0000461,20241231,STR0006,PRD00061,54,38,Adequate,4.2,2026-05-24,D1
INV0000462,20241231,STR0006,PRD00062,102,18,Adequate,6.8,2026-06-12,D1
INV0000463,20241231,STR0006,PRD00063,72,24,Adequate,5.5,2026-06-08,D1
INV0000464,20241231,STR0006,PRD00064,94,22,Adequate,15.7,2026-05-12,A2
INV0000465,20241231,STR0006,PRD00065,181,22,Adequate,16.5,2026-06-30,B2
INV0000466,20241231,STR0006,PRD00066,85,15,Adequate,7.7,2026-05-28,B1
INV0000467,20241231,STR0006,PRD00067,165,42,Adequate,20.6,2026-05-12,C2
INV0000468,20241231,STR0006,PRD00068,126,37,Adequate,126.0,2026-05-21,B2
INV0000469,20241231,STR0006,PRD00069,7,29,Reorder Required,1.4,2026-06-17,C1
INV0000470,20241231,STR0006,PRD00070,154,38,Adequate,77.0,2026-05-29,B1
INV0000471,20241231,STR0006,PRD00071,27,37,Reorder Required,1.8,2026-07-05,A1
INV0000472,20241231,STR0006,PRD00072,108,15,Adequate,9.0,2026-06-05,B1
INV0000473,20241231,STR0006,PRD00073,176,31,Adequate,11.7,2026-06-16,C2
INV0000474,20241231,STR0006,PRD00074,0,10,Reorder Required,0.0,2026-06-05,B1
INV0000475,20241231,STR0006,PRD00075,91,39,Adequate,15.2,2026-05-18,C1
INV0000476,20241231,STR0006,PRD00076,86,34,Adequate,7.8,2026-05-22,B1
INV0000477,20241231,STR0006,PRD00077,81,47,Adequate,5.4,2026-06-29,C2
INV0000478,20241231,STR0006,PRD00078,67,10,Adequate,9.6,2026-07-05,A2
INV0000479,20241231,STR0006,PRD00079,154,28,Adequate,11.0,2026-06-07,A2
INV0000480,20241231,STR0006,PRD00080,170,11,Adequate,34.0,2026-06-07,D1
INV0000481,20241231,STR0007,PRD00001,137,50,Adequate,68.5,2026-07-03,A1
INV0000482,20241231,STR0007,PRD00002,171,17,Adequate,21.4,2026-06-24,A1
INV0000483,20241231,STR0007,PRD00003,20,44,Reorder Required,1.8,2026-06-09,A2
INV0000484,20241231,STR0007,PRD00004,28,27,Adequate,4.7,2026-06-30,B2
INV0000485,20241231,STR0007,PRD00005,82,40,Adequate,20.5,2026-06-22,D1
INV0000486,20241231,STR0007,PRD00006,62,33,Adequate,62.0,2026-05-24,D1
INV0000487,20241231,STR0007,PRD00007,33,39,Reorder Required,3.7,2026-06-11,B1
INV0000488,20241231,STR0007,PRD00008,143,20,Adequate,20.4,2026-06-18,A2
INV0000489,20241231,STR0007,PRD00009,166,38,Adequate,166.0,2026-05-09,D1
INV0000490,20241231,STR0007,PRD00010,87,30,Adequate,14.5,2026-05-19,A2
INV0000491,20241231,STR0007,PRD00011,96,36,Adequate,19.2,2026-06-28,B2
INV0000492,20241231,STR0007,PRD00012,188,13,Adequate,14.5,2026-06-10,A2
INV0000493,20241231,STR0007,PRD00013,43,34,Adequate,2.9,2026-05-12,C2
INV0000494,20241231,STR0007,PRD00014,148,27,Adequate,11.4,2026-06-08,C2
INV0000495,20241231,STR0007,PRD00015,5,27,Reorder Required,0.5,2026-06-05,A1
INV0000496,20241231,STR0007,PRD00016,39,31,Adequate,39.0,2026-06-05,B1
INV0000497,20241231,STR0007,PRD00017,90,50,Adequate,11.2,2026-05-14,A2
INV0000498,20241231,STR0007,PRD00018,15,24,Reorder Required,5.0,2026-05-18,B1
INV0000499,20241231,STR0007,PRD00019,166,23,Adequate,27.7,2026-07-05,C1
INV0000500,20241231,STR0007,PRD00020,66,37,Adequate,16.5,2026-06-10,B1
INV0000501,20241231,STR0007,PRD00021,61,24,Adequate,61.0,2026-05-18,A2
INV0000502,20241231,STR0007,PRD00022,64,12,Adequate,9.1,2026-06-30,A1
INV0000503,20241231,STR0007,PRD00023,153,37,Adequate,76.5,2026-06-09,D1
INV0000504,20241231,STR0007,PRD00024,143,16,Adequate,47.7,2026-05-18,A1
INV0000505,20241231,STR0007,PRD00025,163,36,Adequate,16.3,2026-05-14,C2
INV0000506,20241231,STR0007,PRD00026,49,15,Adequate,8.2,2026-05-08,B2
INV0000507,20241231,STR0007,PRD00027,98,46,Adequate,16.3,2026-06-14,A2
INV0000508,20241231,STR0007,PRD00028,157,18,Adequate,11.2,2026-06-02,D1
INV0000509,20241231,STR0007,PRD00029,198,10,Adequate,49.5,2026-05-15,A2
INV0000510,20241231,STR0007,PRD00030,109,12,Adequate,7.8,2026-06-21,C1
INV0000511,20241231,STR0007,PRD00031,116,44,Adequate,23.2,2026-06-23,B2
INV0000512,20241231,STR0007,PRD00032,50,31,Adequate,6.2,2026-05-11,A2
INV0000513,20241231,STR0007,PRD00033,192,33,Adequate,38.4,2026-05-14,C1
INV0000514,20241231,STR0007,PRD00034,9,33,Reorder Required,0.8,2026-06-06,A2
INV0000515,20241231,STR0007,PRD00035,87,23,Adequate,10.9,2026-05-27,D1
INV0000516,20241231,STR0007,PRD00036,188,40,Adequate,47.0,2026-06-24,A1
INV0000517,20241231,STR0007,PRD00037,141,23,Adequate,11.8,2026-07-01,C2
INV0000518,20241231,STR0007,PRD00038,9,27,Reorder Required,3.0,2026-06-15,A1
INV0000519,20241231,STR0007,PRD00039,50,38,Adequate,10.0,2026-06-25,D1
INV0000520,20241231,STR0007,PRD00040,111,44,Adequate,111.0,2026-06-22,A1
INV0000521,20241231,STR0007,PRD00041,22,33,Reorder Required,7.3,2026-06-30,A1
INV0000522,20241231,STR0007,PRD00042,63,14,Adequate,31.5,2026-06-07,A1
INV0000523,20241231,STR0007,PRD00043,19,21,Reorder Required,9.5,2026-06-09,A1
INV0000524,20241231,STR0007,PRD00044,4,19,Reorder Required,0.3,2026-05-13,D1
INV0000525,20241231,STR0007,PRD00045,68,11,Adequate,5.2,2026-05-21,D1
INV0000526,20241231,STR0007,PRD00046,95,40,Adequate,7.3,2026-07-05,B1
INV0000527,20241231,STR0007,PRD00047,44,14,Adequate,5.5,2026-06-17,B2
INV0000528,20241231,STR0007,PRD00048,153,31,Adequate,153.0,2026-05-31,B2
INV0000529,20241231,STR0007,PRD00049,46,41,Adequate,5.8,2026-05-29,A2
INV0000530,20241231,STR0007,PRD00050,131,39,Adequate,16.4,2026-05-27,B1
INV0000531,20241231,STR0007,PRD00051,19,26,Reorder Required,3.2,2026-05-12,A2
INV0000532,20241231,STR0007,PRD00052,176,13,Adequate,35.2,2026-07-03,C2
INV0000533,20241231,STR0007,PRD00053,78,20,Adequate,7.8,2026-07-04,A1
INV0000534,20241231,STR0007,PRD00054,163,19,Adequate,40.8,2026-07-06,C2
INV0000535,20241231,STR0007,PRD00055,51,38,Adequate,51.0,2026-06-15,C1
INV0000536,20241231,STR0007,PRD00056,141,30,Adequate,23.5,2026-06-12,C2
INV0000537,20241231,STR0007,PRD00057,166,44,Adequate,41.5,2026-07-05,C1
INV0000538,20241231,STR0007,PRD00058,119,19,Adequate,59.5,2026-06-08,B1
INV0000539,20241231,STR0007,PRD00059,141,44,Adequate,20.1,2026-07-06,C2
INV0000540,20241231,STR0007,PRD00060,54,28,Adequate,27.0,2026-06-17,A1
INV0000541,20241231,STR0007,PRD00061,41,38,Adequate,5.1,2026-06-17,D1
INV0000542,20241231,STR0007,PRD00062,30,18,Adequate,2.3,2026-05-22,D1
INV0000543,20241231,STR0007,PRD00063,46,24,Adequate,11.5,2026-05-10,A2
INV0000544,20241231,STR0007,PRD00064,43,22,Adequate,3.9,2026-06-01,B2
INV0000545,20241231,STR0007,PRD00065,19,22,Reorder Required,1.9,2026-06-21,D1
INV0000546,20241231,STR0007,PRD00066,67,15,Adequate,33.5,2026-06-15,D1
INV0000547,20241231,STR0007,PRD00067,61,42,Adequate,15.2,2026-07-02,D1
INV0000548,20241231,STR0007,PRD00068,132,37,Adequate,10.2,2026-05-15,C1
INV0000549,20241231,STR0007,PRD00069,4,29,Reorder Required,0.4,2026-05-28,C1
INV0000550,20241231,STR0007,PRD00070,112,38,Adequate,10.2,2026-05-17,C1
INV0000551,20241231,STR0007,PRD00071,116,37,Adequate,11.6,2026-06-04,B1
INV0000552,20241231,STR0007,PRD00072,190,15,Adequate,19.0,2026-05-12,B1
INV0000553,20241231,STR0007,PRD00073,132,31,Adequate,16.5,2026-05-20,A2
INV0000554,20241231,STR0007,PRD00074,143,10,Adequate,11.0,2026-06-19,C2
INV0000555,20241231,STR0007,PRD00075,118,39,Adequate,13.1,2026-07-01,B1
INV0000556,20241231,STR0007,PRD00076,192,34,Adequate,24.0,2026-06-11,D1
INV0000557,20241231,STR0007,PRD00077,62,47,Adequate,4.8,2026-05-09,C1
INV0000558,20241231,STR0007,PRD00078,155,10,Adequate,11.1,2026-06-06,A1
INV0000559,20241231,STR0007,PRD00079,34,28,Adequate,17.0,2026-06-07,D1
INV0000560,20241231,STR0007,PRD00080,164,11,Adequate,82.0,2026-06-01,A2
INV0000561,20241231,STR0008,PRD00001,154,50,Adequate,38.5,2026-05-08,D1
INV0000562,20241231,STR0008,PRD00002,135,17,Adequate,45.0,2026-05-21,C1
INV0000563,20241231,STR0008,PRD00003,149,44,Adequate,21.3,2026-06-28,D1
INV0000564,20241231,STR0008,PRD00004,168,27,Adequate,33.6,2026-06-27,D1
INV0000565,20241231,STR0008,PRD00005,4,40,Reorder Required,0.8,2026-07-02,B2
INV0000566,20241231,STR0008,PRD00006,47,33,Adequate,4.3,2026-05-14,B1
INV0000567,20241231,STR0008,PRD00007,153,39,Adequate,153.0,2026-06-07,A1
INV0000568,20241231,STR0008,PRD00008,153,20,Adequate,38.2,2026-06-22,D1
INV0000569,20241231,STR0008,PRD00009,130,38,Adequate,10.8,2026-06-26,B1
INV0000570,20241231,STR0008,PRD00010,92,30,Adequate,30.7,2026-05-10,A2
INV0000571,20241231,STR0008,PRD00011,161,36,Adequate,12.4,2026-07-05,B2
INV0000572,20241231,STR0008,PRD00012,89,13,Adequate,8.9,2026-05-30,D1
INV0000573,20241231,STR0008,PRD00013,118,34,Adequate,39.3,2026-06-24,B1
INV0000574,20241231,STR0008,PRD00014,95,27,Adequate,8.6,2026-05-15,A2
INV0000575,20241231,STR0008,PRD00015,53,27,Adequate,4.8,2026-06-23,B1
INV0000576,20241231,STR0008,PRD00016,71,31,Adequate,17.8,2026-06-15,C1
INV0000577,20241231,STR0008,PRD00017,129,50,Adequate,12.9,2026-06-10,A1
INV0000578,20241231,STR0008,PRD00018,187,24,Adequate,14.4,2026-07-01,B2
INV0000579,20241231,STR0008,PRD00019,178,23,Adequate,17.8,2026-06-08,A2
INV0000580,20241231,STR0008,PRD00020,121,37,Adequate,24.2,2026-06-03,C2
INV0000581,20241231,STR0008,PRD00021,65,24,Adequate,8.1,2026-06-11,D1
INV0000582,20241231,STR0008,PRD00022,44,12,Adequate,11.0,2026-07-03,C1
INV0000583,20241231,STR0008,PRD00023,77,37,Adequate,5.9,2026-05-31,A1
INV0000584,20241231,STR0008,PRD00024,133,16,Adequate,16.6,2026-07-01,B1
INV0000585,20241231,STR0008,PRD00025,4,36,Reorder Required,0.3,2026-06-28,B1
INV0000586,20241231,STR0008,PRD00026,3,15,Reorder Required,0.2,2026-07-02,B2
INV0000587,20241231,STR0008,PRD00027,192,46,Adequate,64.0,2026-06-26,C1
INV0000588,20241231,STR0008,PRD00028,137,18,Adequate,27.4,2026-06-23,C1
INV0000589,20241231,STR0008,PRD00029,23,10,Adequate,7.7,2026-05-17,B2
INV0000590,20241231,STR0008,PRD00030,194,12,Adequate,21.6,2026-06-07,D1
INV0000591,20241231,STR0008,PRD00031,146,44,Adequate,14.6,2026-06-04,A2
INV0000592,20241231,STR0008,PRD00032,137,31,Adequate,22.8,2026-06-24,A2
INV0000593,20241231,STR0008,PRD00033,39,33,Adequate,2.8,2026-05-23,A1
INV0000594,20241231,STR0008,PRD00034,131,33,Adequate,65.5,2026-06-22,B2
INV0000595,20241231,STR0008,PRD00035,26,23,Adequate,2.6,2026-07-06,B2
INV0000596,20241231,STR0008,PRD00036,78,40,Adequate,7.1,2026-05-25,C1
INV0000597,20241231,STR0008,PRD00037,102,23,Adequate,7.8,2026-05-17,C1
INV0000598,20241231,STR0008,PRD00038,133,27,Adequate,11.1,2026-06-15,B2
INV0000599,20241231,STR0008,PRD00039,0,38,Reorder Required,0.0,2026-06-08,A1
INV0000600,20241231,STR0008,PRD00040,116,44,Adequate,11.6,2026-06-24,D1
INV0000601,20241231,STR0008,PRD00041,150,33,Adequate,15.0,2026-06-28,B1
INV0000602,20241231,STR0008,PRD00042,62,14,Adequate,10.3,2026-05-20,B1
INV0000603,20241231,STR0008,PRD00043,26,21,Adequate,2.2,2026-06-05,C2
INV0000604,20241231,STR0008,PRD00044,6,19,Reorder Required,0.5,2026-05-21,A1
INV0000605,20241231,STR0008,PRD00045,41,11,Adequate,3.4,2026-05-14,A2
INV0000606,20241231,STR0008,PRD00046,180,40,Adequate,36.0,2026-06-22,C1
INV0000607,20241231,STR0008,PRD00047,53,14,Adequate,4.1,2026-05-08,A2
INV0000608,20241231,STR0008,PRD00048,144,31,Adequate,18.0,2026-05-13,D1
INV0000609,20241231,STR0008,PRD00049,11,41,Reorder Required,2.2,2026-06-26,A2
INV0000610,20241231,STR0008,PRD00050,97,39,Adequate,6.9,2026-06-13,C2
INV0000611,20241231,STR0008,PRD00051,118,26,Adequate,8.4,2026-07-03,B1
INV0000612,20241231,STR0008,PRD00052,184,13,Adequate,184.0,2026-06-13,A2
INV0000613,20241231,STR0008,PRD00053,52,20,Adequate,5.2,2026-06-01,A1
INV0000614,20241231,STR0008,PRD00054,21,19,Adequate,3.0,2026-06-28,A2
INV0000615,20241231,STR0008,PRD00055,136,38,Adequate,19.4,2026-05-23,C2
INV0000616,20241231,STR0008,PRD00056,159,30,Adequate,53.0,2026-05-22,A2
INV0000617,20241231,STR0008,PRD00057,145,44,Adequate,20.7,2026-06-12,B1
INV0000618,20241231,STR0008,PRD00058,27,19,Adequate,13.5,2026-06-24,A1
INV0000619,20241231,STR0008,PRD00059,84,44,Adequate,6.5,2026-05-11,B2
INV0000620,20241231,STR0008,PRD00060,36,28,Adequate,9.0,2026-05-28,D1
INV0000621,20241231,STR0008,PRD00061,129,38,Adequate,8.6,2026-06-26,A1
INV0000622,20241231,STR0008,PRD00062,17,18,Reorder Required,2.4,2026-06-15,A2
INV0000623,20241231,STR0008,PRD00063,131,24,Adequate,26.2,2026-06-17,B2
INV0000624,20241231,STR0008,PRD00064,50,22,Adequate,3.6,2026-06-27,C1
INV0000625,20241231,STR0008,PRD00065,187,22,Adequate,31.2,2026-06-06,C1
INV0000626,20241231,STR0008,PRD00066,110,15,Adequate,7.3,2026-06-07,C1
INV0000627,20241231,STR0008,PRD00067,154,42,Adequate,25.7,2026-06-07,C2
INV0000628,20241231,STR0008,PRD00068,43,37,Adequate,5.4,2026-06-27,A2
INV0000629,20241231,STR0008,PRD00069,190,29,Adequate,47.5,2026-06-03,A2
INV0000630,20241231,STR0008,PRD00070,104,38,Adequate,13.0,2026-06-14,B2
INV0000631,20241231,STR0008,PRD00071,64,37,Adequate,4.3,2026-05-28,B1
INV0000632,20241231,STR0008,PRD00072,177,15,Adequate,25.3,2026-05-24,B1
INV0000633,20241231,STR0008,PRD00073,19,31,Reorder Required,1.9,2026-06-04,C1
INV0000634,20241231,STR0008,PRD00074,11,10,Adequate,2.8,2026-05-23,B2
INV0000635,20241231,STR0008,PRD00075,133,39,Adequate,12.1,2026-06-22,C1
INV0000636,20241231,STR0008,PRD00076,5,34,Reorder Required,0.6,2026-06-23,C2
INV0000637,20241231,STR0008,PRD00077,109,47,Adequate,12.1,2026-05-29,A1
INV0000638,20241231,STR0008,PRD00078,172,10,Adequate,43.0,2026-05-13,A1
INV0000639,20241231,STR0008,PRD00079,113,28,Adequate,11.3,2026-06-02,D1
INV0000640,20241231,STR0008,PRD00080,160,11,Adequate,22.9,2026-05-23,B2
INV0000641,20241231,STR0009,PRD00001,4,50,Reorder Required,1.0,2026-06-24,A2
INV0000642,20241231,STR0009,PRD00002,19,17,Adequate,4.8,2026-06-29,C1
INV0000643,20241231,STR0009,PRD00003,165,44,Adequate,23.6,2026-05-11,A2
INV0000644,20241231,STR0009,PRD00004,35,27,Adequate,3.2,2026-07-05,A2
INV0000645,20241231,STR0009,PRD00005,80,40,Adequate,11.4,2026-06-16,C2
INV0000646,20241231,STR0009,PRD00006,191,33,Adequate,17.4,2026-06-04,B1
INV0000647,20241231,STR0009,PRD00007,178,39,Adequate,89.0,2026-05-10,C1
INV0000648,20241231,STR0009,PRD00008,196,20,Adequate,19.6,2026-07-02,C2
INV0000649,20241231,STR0009,PRD00009,122,38,Adequate,122.0,2026-07-03,D1
INV0000650,20241231,STR0009,PRD00010,50,30,Adequate,7.1,2026-06-18,C1
INV0000651,20241231,STR0009,PRD00011,103,36,Adequate,6.9,2026-07-04,D1
INV0000652,20241231,STR0009,PRD00012,191,13,Adequate,63.7,2026-07-03,A1
INV0000653,20241231,STR0009,PRD00013,80,34,Adequate,8.9,2026-06-26,B1
INV0000654,20241231,STR0009,PRD00014,49,27,Adequate,9.8,2026-06-13,B1
INV0000655,20241231,STR0009,PRD00015,31,27,Adequate,7.8,2026-05-27,B2
INV0000656,20241231,STR0009,PRD00016,75,31,Adequate,9.4,2026-05-28,B1
INV0000657,20241231,STR0009,PRD00017,159,50,Adequate,12.2,2026-06-28,B2
INV0000658,20241231,STR0009,PRD00018,173,24,Adequate,14.4,2026-06-19,A2
INV0000659,20241231,STR0009,PRD00019,7,23,Reorder Required,3.5,2026-05-31,D1
INV0000660,20241231,STR0009,PRD00020,149,37,Adequate,16.6,2026-06-20,A1
INV0000661,20241231,STR0009,PRD00021,133,24,Adequate,8.9,2026-06-14,C2
INV0000662,20241231,STR0009,PRD00022,81,12,Adequate,9.0,2026-05-22,D1
INV0000663,20241231,STR0009,PRD00023,74,37,Adequate,9.2,2026-06-23,A1
INV0000664,20241231,STR0009,PRD00024,188,16,Adequate,188.0,2026-06-24,B2
INV0000665,20241231,STR0009,PRD00025,47,36,Adequate,15.7,2026-05-21,D1
INV0000666,20241231,STR0009,PRD00026,73,15,Adequate,4.9,2026-06-01,C2
INV0000667,20241231,STR0009,PRD00027,96,46,Adequate,16.0,2026-05-28,A1
INV0000668,20241231,STR0009,PRD00028,49,18,Adequate,4.5,2026-07-05,B1
INV0000669,20241231,STR0009,PRD00029,146,10,Adequate,18.2,2026-06-16,C1
INV0000670,20241231,STR0009,PRD00030,148,12,Adequate,14.8,2026-05-11,C2
INV0000671,20241231,STR0009,PRD00031,101,44,Adequate,101.0,2026-05-27,A2
INV0000672,20241231,STR0009,PRD00032,153,31,Adequate,10.9,2026-05-09,A1
INV0000673,20241231,STR0009,PRD00033,127,33,Adequate,14.1,2026-06-01,A2
INV0000674,20241231,STR0009,PRD00034,55,33,Adequate,18.3,2026-06-12,C2
INV0000675,20241231,STR0009,PRD00035,199,23,Adequate,24.9,2026-06-17,B1
INV0000676,20241231,STR0009,PRD00036,30,40,Reorder Required,3.8,2026-06-14,C1
INV0000677,20241231,STR0009,PRD00037,28,23,Adequate,3.5,2026-06-05,C2
INV0000678,20241231,STR0009,PRD00038,153,27,Adequate,10.2,2026-07-02,C2
INV0000679,20241231,STR0009,PRD00039,159,38,Adequate,53.0,2026-05-22,A1
INV0000680,20241231,STR0009,PRD00040,192,44,Adequate,21.3,2026-06-14,A2
INV0000681,20241231,STR0009,PRD00041,100,33,Adequate,25.0,2026-05-26,D1
INV0000682,20241231,STR0009,PRD00042,57,14,Adequate,11.4,2026-06-22,C2
INV0000683,20241231,STR0009,PRD00043,34,21,Adequate,3.1,2026-05-28,A2
INV0000684,20241231,STR0009,PRD00044,5,19,Reorder Required,1.0,2026-06-19,B1
INV0000685,20241231,STR0009,PRD00045,88,11,Adequate,11.0,2026-07-02,D1
INV0000686,20241231,STR0009,PRD00046,50,40,Adequate,7.1,2026-06-11,B2
INV0000687,20241231,STR0009,PRD00047,145,14,Adequate,10.4,2026-05-31,D1
INV0000688,20241231,STR0009,PRD00048,79,31,Adequate,39.5,2026-06-20,C1
INV0000689,20241231,STR0009,PRD00049,127,41,Adequate,8.5,2026-05-28,C2
INV0000690,20241231,STR0009,PRD00050,184,39,Adequate,14.2,2026-06-29,A1
INV0000691,20241231,STR0009,PRD00051,172,26,Adequate,28.7,2026-05-22,A2
INV0000692,20241231,STR0009,PRD00052,165,13,Adequate,12.7,2026-06-24,A2
INV0000693,20241231,STR0009,PRD00053,81,20,Adequate,81.0,2026-06-16,A1
INV0000694,20241231,STR0009,PRD00054,176,19,Adequate,58.7,2026-05-22,B2
INV0000695,20241231,STR0009,PRD00055,131,38,Adequate,131.0,2026-07-04,B1
INV0000696,20241231,STR0009,PRD00056,133,30,Adequate,19.0,2026-05-09,D1
INV0000697,20241231,STR0009,PRD00057,199,44,Adequate,28.4,2026-06-24,C2
INV0000698,20241231,STR0009,PRD00058,95,19,Adequate,6.8,2026-06-10,A2
INV0000699,20241231,STR0009,PRD00059,196,44,Adequate,16.3,2026-06-21,A1
INV0000700,20241231,STR0009,PRD00060,88,28,Adequate,8.8,2026-06-05,C2
INV0000701,20241231,STR0009,PRD00061,42,38,Adequate,4.2,2026-05-25,A2
INV0000702,20241231,STR0009,PRD00062,195,18,Adequate,97.5,2026-06-09,D1
INV0000703,20241231,STR0009,PRD00063,9,24,Reorder Required,1.0,2026-06-21,B1
INV0000704,20241231,STR0009,PRD00064,102,22,Adequate,102.0,2026-05-27,B1
INV0000705,20241231,STR0009,PRD00065,176,22,Adequate,11.7,2026-07-06,B1
INV0000706,20241231,STR0009,PRD00066,65,15,Adequate,21.7,2026-06-12,C2
INV0000707,20241231,STR0009,PRD00067,19,42,Reorder Required,4.8,2026-05-29,C2
INV0000708,20241231,STR0009,PRD00068,13,37,Reorder Required,2.6,2026-05-28,A1
INV0000709,20241231,STR0009,PRD00069,136,29,Adequate,68.0,2026-05-20,C1
INV0000710,20241231,STR0009,PRD00070,111,38,Adequate,12.3,2026-05-16,A1
INV0000711,20241231,STR0009,PRD00071,77,37,Adequate,8.6,2026-06-21,A1
INV0000712,20241231,STR0009,PRD00072,118,15,Adequate,29.5,2026-05-17,A2
INV0000713,20241231,STR0009,PRD00073,190,31,Adequate,63.3,2026-06-05,D1
INV0000714,20241231,STR0009,PRD00074,92,10,Adequate,8.4,2026-06-04,A1
INV0000715,20241231,STR0009,PRD00075,83,39,Adequate,9.2,2026-06-22,B1
INV0000716,20241231,STR0009,PRD00076,110,34,Adequate,55.0,2026-05-31,A2
INV0000717,20241231,STR0009,PRD00077,150,47,Adequate,11.5,2026-05-27,B2
INV0000718,20241231,STR0009,PRD00078,177,10,Adequate,59.0,2026-06-19,B1
INV0000719,20241231,STR0009,PRD00079,164,28,Adequate,13.7,2026-05-12,C1
INV0000720,20241231,STR0009,PRD00080,149,11,Adequate,29.8,2026-05-24,D1
INV0000721,20241231,STR0010,PRD00001,124,50,Adequate,8.9,2026-06-23,C2
INV0000722,20241231,STR0010,PRD00002,31,17,Adequate,3.1,2026-05-18,A1
INV0000723,20241231,STR0010,PRD00003,41,44,Reorder Required,4.1,2026-06-25,A1
INV0000724,20241231,STR0010,PRD00004,17,27,Reorder Required,1.1,2026-06-18,A2
INV0000725,20241231,STR0010,PRD00005,88,40,Adequate,9.8,2026-06-24,B2
INV0000726,20241231,STR0010,PRD00006,134,33,Adequate,33.5,2026-05-16,C1
INV0000727,20241231,STR0010,PRD00007,163,39,Adequate,13.6,2026-05-29,D1
INV0000728,20241231,STR0010,PRD00008,98,20,Adequate,8.2,2026-05-10,B2
INV0000729,20241231,STR0010,PRD00009,45,38,Adequate,11.2,2026-06-11,B2
INV0000730,20241231,STR0010,PRD00010,154,30,Adequate,25.7,2026-05-15,B1
INV0000731,20241231,STR0010,PRD00011,114,36,Adequate,8.1,2026-06-09,A1
INV0000732,20241231,STR0010,PRD00012,0,13,Reorder Required,0.0,2026-05-23,A1
INV0000733,20241231,STR0010,PRD00013,86,34,Adequate,12.3,2026-06-07,B1
INV0000734,20241231,STR0010,PRD00014,61,27,Adequate,12.2,2026-06-10,B1
INV0000735,20241231,STR0010,PRD00015,185,27,Adequate,92.5,2026-06-30,A2
INV0000736,20241231,STR0010,PRD00016,148,31,Adequate,148.0,2026-05-15,A1
INV0000737,20241231,STR0010,PRD00017,83,50,Adequate,6.4,2026-05-14,C1
INV0000738,20241231,STR0010,PRD00018,86,24,Adequate,8.6,2026-05-18,D1
INV0000739,20241231,STR0010,PRD00019,49,23,Adequate,16.3,2026-05-08,A2
INV0000740,20241231,STR0010,PRD00020,182,37,Adequate,26.0,2026-05-26,A2
INV0000741,20241231,STR0010,PRD00021,53,24,Adequate,53.0,2026-06-01,C1
INV0000742,20241231,STR0010,PRD00022,11,12,Reorder Required,0.9,2026-05-18,D1
INV0000743,20241231,STR0010,PRD00023,0,37,Reorder Required,0.0,2026-06-11,A1
INV0000744,20241231,STR0010,PRD00024,110,16,Adequate,13.8,2026-06-29,B1
INV0000745,20241231,STR0010,PRD00025,181,36,Adequate,30.2,2026-05-21,A2
INV0000746,20241231,STR0010,PRD00026,137,15,Adequate,34.2,2026-05-09,D1
INV0000747,20241231,STR0010,PRD00027,107,46,Adequate,26.8,2026-05-10,C2
INV0000748,20241231,STR0010,PRD00028,148,18,Adequate,29.6,2026-06-02,C2
INV0000749,20241231,STR0010,PRD00029,59,10,Adequate,3.9,2026-06-21,D1
INV0000750,20241231,STR0010,PRD00030,27,12,Adequate,4.5,2026-07-03,A1
INV0000751,20241231,STR0010,PRD00031,0,44,Reorder Required,0.0,2026-05-23,A1
INV0000752,20241231,STR0010,PRD00032,19,31,Reorder Required,1.9,2026-06-26,C2
INV0000753,20241231,STR0010,PRD00033,155,33,Adequate,155.0,2026-06-27,D1
INV0000754,20241231,STR0010,PRD00034,169,33,Adequate,24.1,2026-05-10,A2
INV0000755,20241231,STR0010,PRD00035,57,23,Adequate,6.3,2026-06-23,C1
INV0000756,20241231,STR0010,PRD00036,22,40,Reorder Required,1.6,2026-06-01,C1
INV0000757,20241231,STR0010,PRD00037,182,23,Adequate,12.1,2026-06-06,A2
INV0000758,20241231,STR0010,PRD00038,89,27,Adequate,11.1,2026-05-24,C1
INV0000759,20241231,STR0010,PRD00039,104,38,Adequate,34.7,2026-05-25,B1
INV0000760,20241231,STR0010,PRD00040,103,44,Adequate,25.8,2026-05-13,B2
INV0000761,20241231,STR0010,PRD00041,78,33,Adequate,11.1,2026-05-23,B2
INV0000762,20241231,STR0010,PRD00042,197,14,Adequate,15.2,2026-06-29,B1
INV0000763,20241231,STR0010,PRD00043,89,21,Adequate,11.1,2026-06-04,D1
INV0000764,20241231,STR0010,PRD00044,154,19,Adequate,15.4,2026-06-10,C1
INV0000765,20241231,STR0010,PRD00045,56,11,Adequate,4.7,2026-06-30,B2
INV0000766,20241231,STR0010,PRD00046,178,40,Adequate,16.2,2026-05-18,C1
INV0000767,20241231,STR0010,PRD00047,35,14,Adequate,5.8,2026-06-15,A2
INV0000768,20241231,STR0010,PRD00048,148,31,Adequate,12.3,2026-05-11,C1
INV0000769,20241231,STR0010,PRD00049,107,41,Adequate,7.6,2026-06-01,C2
INV0000770,20241231,STR0010,PRD00050,67,39,Adequate,8.4,2026-06-25,C1
INV0000771,20241231,STR0010,PRD00051,75,26,Adequate,15.0,2026-07-04,D1
INV0000772,20241231,STR0010,PRD00052,78,13,Adequate,13.0,2026-06-28,A2
INV0000773,20241231,STR0010,PRD00053,66,20,Adequate,22.0,2026-05-11,B1
INV0000774,20241231,STR0010,PRD00054,24,19,Adequate,4.8,2026-06-09,A1
INV0000775,20241231,STR0010,PRD00055,75,38,Adequate,10.7,2026-06-25,C2
INV0000776,20241231,STR0010,PRD00056,149,30,Adequate,37.2,2026-06-21,D1
INV0000777,20241231,STR0010,PRD00057,114,44,Adequate,8.1,2026-05-28,D1
INV0000778,20241231,STR0010,PRD00058,31,19,Adequate,4.4,2026-06-22,A2
INV0000779,20241231,STR0010,PRD00059,100,44,Adequate,50.0,2026-05-30,B2
INV0000780,20241231,STR0010,PRD00060,152,28,Adequate,19.0,2026-05-30,A2
INV0000781,20241231,STR0010,PRD00061,13,38,Reorder Required,13.0,2026-06-16,C1
INV0000782,20241231,STR0010,PRD00062,126,18,Adequate,12.6,2026-06-08,C1
INV0000783,20241231,STR0010,PRD00063,175,24,Adequate,12.5,2026-06-18,C1
INV0000784,20241231,STR0010,PRD00064,55,22,Adequate,55.0,2026-05-25,A1
INV0000785,20241231,STR0010,PRD00065,14,22,Reorder Required,2.3,2026-06-09,B2
INV0000786,20241231,STR0010,PRD00066,133,15,Adequate,33.2,2026-06-29,C1
INV0000787,20241231,STR0010,PRD00067,78,42,Adequate,19.5,2026-06-14,C2
INV0000788,20241231,STR0010,PRD00068,66,37,Adequate,5.5,2026-05-15,B1
INV0000789,20241231,STR0010,PRD00069,148,29,Adequate,10.6,2026-06-29,B2
INV0000790,20241231,STR0010,PRD00070,30,38,Reorder Required,15.0,2026-06-07,A1
INV0000791,20241231,STR0010,PRD00071,117,37,Adequate,39.0,2026-05-08,A2
INV0000792,20241231,STR0010,PRD00072,141,15,Adequate,35.2,2026-05-26,C2
INV0000793,20241231,STR0010,PRD00073,160,31,Adequate,160.0,2026-06-10,A2
INV0000794,20241231,STR0010,PRD00074,141,10,Adequate,15.7,2026-06-20,D1
INV0000795,20241231,STR0010,PRD00075,129,39,Adequate,32.2,2026-05-26,C2
INV0000796,20241231,STR0010,PRD00076,88,34,Adequate,29.3,2026-05-21,B1
INV0000797,20241231,STR0010,PRD00077,47,47,Reorder Required,3.4,2026-06-12,D1
INV0000798,20241231,STR0010,PRD00078,195,10,Adequate,195.0,2026-06-24,B1
INV0000799,20241231,STR0010,PRD00079,86,28,Adequate,17.2,2026-05-08,A1
INV0000800,20241231,STR0010,PRD00080,16,11,Adequate,4.0,2026-05-20,C1
INV0000801,20241231,STR0011,PRD00001,93,50,Adequate,8.5,2026-06-12,B1
INV0000802,20241231,STR0011,PRD00002,103,17,Adequate,6.9,2026-05-14,C2
INV0000803,20241231,STR0011,PRD00003,48,44,Adequate,8.0,2026-05-24,B1
INV0000804,20241231,STR0011,PRD00004,98,27,Adequate,19.6,2026-06-26,C1
INV0000805,20241231,STR0011,PRD00005,22,40,Reorder Required,2.2,2026-06-01,B2
INV0000806,20241231,STR0011,PRD00006,164,33,Adequate,82.0,2026-06-13,B1
INV0000807,20241231,STR0011,PRD00007,157,39,Adequate,157.0,2026-06-23,B2
INV0000808,20241231,STR0011,PRD00008,142,20,Adequate,9.5,2026-06-20,A1
INV0000809,20241231,STR0011,PRD00009,90,38,Adequate,30.0,2026-06-25,A2
INV0000810,20241231,STR0011,PRD00010,110,30,Adequate,13.8,2026-05-21,B1
INV0000811,20241231,STR0011,PRD00011,16,36,Reorder Required,2.3,2026-06-23,A2
INV0000812,20241231,STR0011,PRD00012,123,13,Adequate,15.4,2026-05-16,B2
INV0000813,20241231,STR0011,PRD00013,82,34,Adequate,10.2,2026-05-14,C1
INV0000814,20241231,STR0011,PRD00014,194,27,Adequate,12.9,2026-05-08,B2
INV0000815,20241231,STR0011,PRD00015,48,27,Adequate,4.8,2026-07-03,B2
INV0000816,20241231,STR0011,PRD00016,66,31,Adequate,33.0,2026-07-06,D1
INV0000817,20241231,STR0011,PRD00017,30,50,Reorder Required,3.0,2026-07-03,C2
INV0000818,20241231,STR0011,PRD00018,39,24,Adequate,4.9,2026-06-23,D1
INV0000819,20241231,STR0011,PRD00019,75,23,Adequate,25.0,2026-06-22,D1
INV0000820,20241231,STR0011,PRD00020,113,37,Adequate,12.6,2026-06-10,B2
INV0000821,20241231,STR0011,PRD00021,30,24,Adequate,30.0,2026-06-02,C1
INV0000822,20241231,STR0011,PRD00022,79,12,Adequate,79.0,2026-06-07,A1
INV0000823,20241231,STR0011,PRD00023,17,37,Reorder Required,1.7,2026-05-29,A1
INV0000824,20241231,STR0011,PRD00024,13,16,Reorder Required,1.9,2026-05-10,B2
INV0000825,20241231,STR0011,PRD00025,79,36,Adequate,7.9,2026-06-17,B1
INV0000826,20241231,STR0011,PRD00026,168,15,Adequate,24.0,2026-06-09,A1
INV0000827,20241231,STR0011,PRD00027,137,46,Adequate,12.5,2026-06-16,A2
INV0000828,20241231,STR0011,PRD00028,112,18,Adequate,8.6,2026-06-30,A1
INV0000829,20241231,STR0011,PRD00029,109,10,Adequate,13.6,2026-05-22,A2
INV0000830,20241231,STR0011,PRD00030,33,12,Adequate,3.0,2026-06-08,A1
INV0000831,20241231,STR0011,PRD00031,123,44,Adequate,123.0,2026-06-20,B1
INV0000832,20241231,STR0011,PRD00032,9,31,Reorder Required,4.5,2026-06-04,A1
INV0000833,20241231,STR0011,PRD00033,100,33,Adequate,33.3,2026-05-21,A1
INV0000834,20241231,STR0011,PRD00034,102,33,Adequate,10.2,2026-06-23,A1
INV0000835,20241231,STR0011,PRD00035,82,23,Adequate,20.5,2026-05-31,C2
INV0000836,20241231,STR0011,PRD00036,57,40,Adequate,5.2,2026-05-09,B1
INV0000837,20241231,STR0011,PRD00037,169,23,Adequate,18.8,2026-05-26,C2
INV0000838,20241231,STR0011,PRD00038,71,27,Adequate,5.1,2026-05-08,C1
INV0000839,20241231,STR0011,PRD00039,30,38,Reorder Required,3.3,2026-05-12,B1
INV0000840,20241231,STR0011,PRD00040,181,44,Adequate,181.0,2026-07-04,A1
INV0000841,20241231,STR0011,PRD00041,85,33,Adequate,7.7,2026-05-10,A2
INV0000842,20241231,STR0011,PRD00042,91,14,Adequate,8.3,2026-05-23,C1
INV0000843,20241231,STR0011,PRD00043,176,21,Adequate,176.0,2026-06-18,B2
INV0000844,20241231,STR0011,PRD00044,121,19,Adequate,12.1,2026-07-05,C2
INV0000845,20241231,STR0011,PRD00045,139,11,Adequate,46.3,2026-06-10,B2
INV0000846,20241231,STR0011,PRD00046,24,40,Reorder Required,12.0,2026-06-18,A1
INV0000847,20241231,STR0011,PRD00047,100,14,Adequate,20.0,2026-05-22,D1
INV0000848,20241231,STR0011,PRD00048,43,31,Adequate,3.6,2026-05-13,A1
INV0000849,20241231,STR0011,PRD00049,198,41,Adequate,13.2,2026-06-06,D1
INV0000850,20241231,STR0011,PRD00050,117,39,Adequate,16.7,2026-06-05,A2
INV0000851,20241231,STR0011,PRD00051,191,26,Adequate,31.8,2026-06-04,D1
INV0000852,20241231,STR0011,PRD00052,83,13,Adequate,83.0,2026-07-01,A2
INV0000853,20241231,STR0011,PRD00053,77,20,Adequate,19.2,2026-05-28,C1
INV0000854,20241231,STR0011,PRD00054,178,19,Adequate,25.4,2026-06-06,D1
INV0000855,20241231,STR0011,PRD00055,14,38,Reorder Required,14.0,2026-07-01,D1
INV0000856,20241231,STR0011,PRD00056,155,30,Adequate,10.3,2026-05-25,D1
INV0000857,20241231,STR0011,PRD00057,141,44,Adequate,11.8,2026-06-05,A1
INV0000858,20241231,STR0011,PRD00058,135,19,Adequate,13.5,2026-05-24,B1
INV0000859,20241231,STR0011,PRD00059,162,44,Adequate,16.2,2026-07-06,C1
INV0000860,20241231,STR0011,PRD00060,2,28,Reorder Required,0.1,2026-05-30,A1
INV0000861,20241231,STR0011,PRD00061,39,38,Adequate,6.5,2026-05-14,B1
INV0000862,20241231,STR0011,PRD00062,73,18,Adequate,24.3,2026-06-03,D1
INV0000863,20241231,STR0011,PRD00063,95,24,Adequate,47.5,2026-05-28,A1
INV0000864,20241231,STR0011,PRD00064,34,22,Adequate,2.8,2026-06-06,C2
INV0000865,20241231,STR0011,PRD00065,96,22,Adequate,8.0,2026-06-10,B1
INV0000866,20241231,STR0011,PRD00066,51,15,Adequate,4.6,2026-06-13,C1
INV0000867,20241231,STR0011,PRD00067,50,42,Adequate,3.3,2026-06-02,B1
INV0000868,20241231,STR0011,PRD00068,124,37,Adequate,10.3,2026-06-16,C2
INV0000869,20241231,STR0011,PRD00069,129,29,Adequate,129.0,2026-06-17,A2
INV0000870,20241231,STR0011,PRD00070,143,38,Adequate,47.7,2026-06-07,B2
INV0000871,20241231,STR0011,PRD00071,77,37,Adequate,6.4,2026-05-14,B1
INV0000872,20241231,STR0011,PRD00072,6,15,Reorder Required,0.9,2026-05-27,C1
INV0000873,20241231,STR0011,PRD00073,173,31,Adequate,11.5,2026-06-05,A2
INV0000874,20241231,STR0011,PRD00074,137,10,Adequate,19.6,2026-07-04,B2
INV0000875,20241231,STR0011,PRD00075,99,39,Adequate,24.8,2026-06-03,A1
INV0000876,20241231,STR0011,PRD00076,34,34,Reorder Required,6.8,2026-05-22,B2
INV0000877,20241231,STR0011,PRD00077,135,47,Adequate,19.3,2026-05-19,C1
INV0000878,20241231,STR0011,PRD00078,146,10,Adequate,13.3,2026-06-06,A1
INV0000879,20241231,STR0011,PRD00079,62,28,Adequate,10.3,2026-05-10,B2
INV0000880,20241231,STR0011,PRD00080,1,11,Reorder Required,0.5,2026-06-21,B1
INV0000881,20241231,STR0012,PRD00001,58,50,Adequate,4.8,2026-06-11,D1
INV0000882,20241231,STR0012,PRD00002,173,17,Adequate,43.2,2026-05-26,C1
INV0000883,20241231,STR0012,PRD00003,100,44,Adequate,10.0,2026-05-23,C1
INV0000884,20241231,STR0012,PRD00004,122,27,Adequate,8.1,2026-06-18,C1
INV0000885,20241231,STR0012,PRD00005,107,40,Adequate,107.0,2026-05-22,C1
INV0000886,20241231,STR0012,PRD00006,134,33,Adequate,10.3,2026-06-15,B1
INV0000887,20241231,STR0012,PRD00007,53,39,Adequate,4.4,2026-05-28,D1
INV0000888,20241231,STR0012,PRD00008,10,20,Reorder Required,5.0,2026-06-19,C2
INV0000889,20241231,STR0012,PRD00009,46,38,Adequate,46.0,2026-06-26,C1
INV0000890,20241231,STR0012,PRD00010,81,30,Adequate,81.0,2026-05-26,B1
INV0000891,20241231,STR0012,PRD00011,196,36,Adequate,16.3,2026-05-21,A2
INV0000892,20241231,STR0012,PRD00012,64,13,Adequate,9.1,2026-05-17,A2
INV0000893,20241231,STR0012,PRD00013,116,34,Adequate,29.0,2026-07-06,A1
INV0000894,20241231,STR0012,PRD00014,197,27,Adequate,17.9,2026-06-30,C2
INV0000895,20241231,STR0012,PRD00015,46,27,Adequate,6.6,2026-05-28,A1
INV0000896,20241231,STR0012,PRD00016,181,31,Adequate,12.1,2026-05-18,A2
INV0000897,20241231,STR0012,PRD00017,124,50,Adequate,20.7,2026-05-24,A2
INV0000898,20241231,STR0012,PRD00018,164,24,Adequate,23.4,2026-05-29,B1
INV0000899,20241231,STR0012,PRD00019,128,23,Adequate,18.3,2026-05-15,D1
INV0000900,20241231,STR0012,PRD00020,60,37,Adequate,5.0,2026-05-26,A2
INV0000901,20241231,STR0012,PRD00021,34,24,Adequate,2.6,2026-06-25,A1
INV0000902,20241231,STR0012,PRD00022,176,12,Adequate,35.2,2026-05-08,B2
INV0000903,20241231,STR0012,PRD00023,172,37,Adequate,13.2,2026-06-23,C2
INV0000904,20241231,STR0012,PRD00024,65,16,Adequate,32.5,2026-06-21,C1
INV0000905,20241231,STR0012,PRD00025,61,36,Adequate,5.5,2026-06-02,B1
INV0000906,20241231,STR0012,PRD00026,164,15,Adequate,12.6,2026-06-04,A1
INV0000907,20241231,STR0012,PRD00027,140,46,Adequate,10.0,2026-06-28,C2
INV0000908,20241231,STR0012,PRD00028,61,18,Adequate,8.7,2026-05-22,A2
INV0000909,20241231,STR0012,PRD00029,189,10,Adequate,13.5,2026-05-18,A1
INV0000910,20241231,STR0012,PRD00030,117,12,Adequate,8.4,2026-05-08,A2
INV0000911,20241231,STR0012,PRD00031,135,44,Adequate,16.9,2026-06-08,A2
INV0000912,20241231,STR0012,PRD00032,28,31,Reorder Required,7.0,2026-06-04,C2
INV0000913,20241231,STR0012,PRD00033,191,33,Adequate,21.2,2026-07-05,D1
INV0000914,20241231,STR0012,PRD00034,112,33,Adequate,7.5,2026-05-23,A1
INV0000915,20241231,STR0012,PRD00035,96,23,Adequate,24.0,2026-05-15,C1
INV0000916,20241231,STR0012,PRD00036,95,40,Adequate,15.8,2026-06-28,B2
INV0000917,20241231,STR0012,PRD00037,28,23,Adequate,14.0,2026-05-18,D1
INV0000918,20241231,STR0012,PRD00038,43,27,Adequate,7.2,2026-05-20,B1
INV0000919,20241231,STR0012,PRD00039,5,38,Reorder Required,0.4,2026-06-25,B2
INV0000920,20241231,STR0012,PRD00040,114,44,Adequate,19.0,2026-05-29,A2
INV0000921,20241231,STR0012,PRD00041,186,33,Adequate,16.9,2026-07-02,B2
INV0000922,20241231,STR0012,PRD00042,63,14,Adequate,7.9,2026-05-09,B2
INV0000923,20241231,STR0012,PRD00043,98,21,Adequate,49.0,2026-05-26,B1
INV0000924,20241231,STR0012,PRD00044,137,19,Adequate,68.5,2026-06-19,A2
INV0000925,20241231,STR0012,PRD00045,18,11,Adequate,9.0,2026-07-02,C2
INV0000926,20241231,STR0012,PRD00046,171,40,Adequate,17.1,2026-07-06,A2
INV0000927,20241231,STR0012,PRD00047,82,14,Adequate,6.8,2026-05-19,B1
INV0000928,20241231,STR0012,PRD00048,156,31,Adequate,12.0,2026-06-08,C2
INV0000929,20241231,STR0012,PRD00049,88,41,Adequate,6.3,2026-06-14,A1
INV0000930,20241231,STR0012,PRD00050,87,39,Adequate,43.5,2026-05-10,A2
INV0000931,20241231,STR0012,PRD00051,132,26,Adequate,33.0,2026-05-10,A2
INV0000932,20241231,STR0012,PRD00052,3,13,Reorder Required,3.0,2026-05-25,B1
INV0000933,20241231,STR0012,PRD00053,122,20,Adequate,12.2,2026-06-14,C2
INV0000934,20241231,STR0012,PRD00054,105,19,Adequate,35.0,2026-06-09,B2
INV0000935,20241231,STR0012,PRD00055,167,38,Adequate,12.8,2026-06-01,B2
INV0000936,20241231,STR0012,PRD00056,146,30,Adequate,36.5,2026-06-06,B1
INV0000937,20241231,STR0012,PRD00057,178,44,Adequate,16.2,2026-05-18,C2
INV0000938,20241231,STR0012,PRD00058,165,19,Adequate,33.0,2026-05-20,D1
INV0000939,20241231,STR0012,PRD00059,18,44,Reorder Required,18.0,2026-05-10,D1
INV0000940,20241231,STR0012,PRD00060,25,28,Reorder Required,6.2,2026-07-03,D1
INV0000941,20241231,STR0012,PRD00061,113,38,Adequate,8.7,2026-06-26,B2
INV0000942,20241231,STR0012,PRD00062,186,18,Adequate,12.4,2026-06-14,C1
INV0000943,20241231,STR0012,PRD00063,186,24,Adequate,18.6,2026-05-22,C2
INV0000944,20241231,STR0012,PRD00064,80,22,Adequate,80.0,2026-05-22,C2
INV0000945,20241231,STR0012,PRD00065,184,22,Adequate,26.3,2026-05-17,D1
INV0000946,20241231,STR0012,PRD00066,99,15,Adequate,99.0,2026-05-23,B1
INV0000947,20241231,STR0012,PRD00067,95,42,Adequate,7.9,2026-06-01,A1
INV0000948,20241231,STR0012,PRD00068,194,37,Adequate,27.7,2026-05-13,B2
INV0000949,20241231,STR0012,PRD00069,53,29,Adequate,10.6,2026-05-30,B2
INV0000950,20241231,STR0012,PRD00070,84,38,Adequate,84.0,2026-05-18,A2
INV0000951,20241231,STR0012,PRD00071,79,37,Adequate,5.3,2026-06-29,B1
INV0000952,20241231,STR0012,PRD00072,158,15,Adequate,10.5,2026-05-22,B2
INV0000953,20241231,STR0012,PRD00073,100,31,Adequate,33.3,2026-06-08,D1
INV0000954,20241231,STR0012,PRD00074,50,10,Adequate,7.1,2026-05-20,C2
INV0000955,20241231,STR0012,PRD00075,123,39,Adequate,61.5,2026-06-28,B1
INV0000956,20241231,STR0012,PRD00076,111,34,Adequate,10.1,2026-06-16,B2
INV0000957,20241231,STR0012,PRD00077,43,47,Reorder Required,4.8,2026-06-04,B1
INV0000958,20241231,STR0012,PRD00078,93,10,Adequate,11.6,2026-07-01,A2
INV0000959,20241231,STR0012,PRD00079,184,28,Adequate,184.0,2026-06-27,A2
INV0000960,20241231,STR0012,PRD00080,8,11,Reorder Required,0.5,2026-06-20,C2
INV0000961,20241231,STR0013,PRD00001,191,50,Adequate,19.1,2026-05-12,B1
INV0000962,20241231,STR0013,PRD00002,61,17,Adequate,8.7,2026-06-16,A1
INV0000963,20241231,STR0013,PRD00003,79,44,Adequate,39.5,2026-06-22,B1
INV0000964,20241231,STR0013,PRD00004,67,27,Adequate,33.5,2026-05-20,A1
INV0000965,20241231,STR0013,PRD00005,67,40,Adequate,4.5,2026-07-01,A2
INV0000966,20241231,STR0013,PRD00006,68,33,Adequate,6.8,2026-05-24,B1
INV0000967,20241231,STR0013,PRD00007,116,39,Adequate,58.0,2026-06-28,B2
INV0000968,20241231,STR0013,PRD00008,148,20,Adequate,14.8,2026-05-11,D1
INV0000969,20241231,STR0013,PRD00009,197,38,Adequate,39.4,2026-05-17,A2
INV0000970,20241231,STR0013,PRD00010,101,30,Adequate,11.2,2026-05-09,A1
INV0000971,20241231,STR0013,PRD00011,33,36,Reorder Required,2.8,2026-05-19,C2
INV0000972,20241231,STR0013,PRD00012,169,13,Adequate,169.0,2026-05-12,D1
INV0000973,20241231,STR0013,PRD00013,88,34,Adequate,11.0,2026-06-25,A2
INV0000974,20241231,STR0013,PRD00014,28,27,Adequate,7.0,2026-06-25,A1
INV0000975,20241231,STR0013,PRD00015,123,27,Adequate,123.0,2026-05-11,C1
INV0000976,20241231,STR0013,PRD00016,46,31,Adequate,4.6,2026-06-03,C2
INV0000977,20241231,STR0013,PRD00017,71,50,Adequate,6.5,2026-06-17,D1
INV0000978,20241231,STR0013,PRD00018,140,24,Adequate,70.0,2026-06-18,A1
INV0000979,20241231,STR0013,PRD00019,24,23,Adequate,1.6,2026-05-23,B1
INV0000980,20241231,STR0013,PRD00020,80,37,Adequate,5.7,2026-06-17,C1
INV0000981,20241231,STR0013,PRD00021,43,24,Adequate,2.9,2026-06-01,C2
INV0000982,20241231,STR0013,PRD00022,55,12,Adequate,11.0,2026-06-15,C2
INV0000983,20241231,STR0013,PRD00023,44,37,Adequate,3.4,2026-05-11,C2
INV0000984,20241231,STR0013,PRD00024,151,16,Adequate,75.5,2026-06-15,B1
INV0000985,20241231,STR0013,PRD00025,115,36,Adequate,8.2,2026-06-24,C1
INV0000986,20241231,STR0013,PRD00026,186,15,Adequate,186.0,2026-06-12,A2
INV0000987,20241231,STR0013,PRD00027,128,46,Adequate,9.8,2026-05-13,A1
INV0000988,20241231,STR0013,PRD00028,134,18,Adequate,44.7,2026-05-23,A1
INV0000989,20241231,STR0013,PRD00029,92,10,Adequate,6.6,2026-06-20,C2
INV0000990,20241231,STR0013,PRD00030,11,12,Reorder Required,1.0,2026-06-26,A2
INV0000991,20241231,STR0013,PRD00031,23,44,Reorder Required,3.3,2026-05-21,A1
INV0000992,20241231,STR0013,PRD00032,137,31,Adequate,68.5,2026-06-29,B1
INV0000993,20241231,STR0013,PRD00033,200,33,Adequate,28.6,2026-05-16,A1
INV0000994,20241231,STR0013,PRD00034,122,33,Adequate,61.0,2026-05-15,B1
INV0000995,20241231,STR0013,PRD00035,24,23,Adequate,1.7,2026-06-06,A1
INV0000996,20241231,STR0013,PRD00036,118,40,Adequate,59.0,2026-05-25,D1
INV0000997,20241231,STR0013,PRD00037,124,23,Adequate,31.0,2026-05-27,D1
INV0000998,20241231,STR0013,PRD00038,172,27,Adequate,43.0,2026-06-15,D1
INV0000999,20241231,STR0013,PRD00039,88,38,Adequate,22.0,2026-05-31,A2
INV0001000,20241231,STR0013,PRD00040,139,44,Adequate,9.3,2026-05-23,A1
INV0001001,20241231,STR0013,PRD00041,75,33,Adequate,8.3,2026-06-11,A2
INV0001002,20241231,STR0013,PRD00042,45,14,Adequate,3.8,2026-05-10,D1
INV0001003,20241231,STR0013,PRD00043,162,21,Adequate,20.2,2026-06-04,D1
INV0001004,20241231,STR0013,PRD00044,158,19,Adequate,19.8,2026-06-09,C1
INV0001005,20241231,STR0013,PRD00045,169,11,Adequate,11.3,2026-06-24,A1
INV0001006,20241231,STR0013,PRD00046,165,40,Adequate,11.8,2026-06-27,C2
INV0001007,20241231,STR0013,PRD00047,30,14,Adequate,3.0,2026-06-23,D1
INV0001008,20241231,STR0013,PRD00048,89,31,Adequate,9.9,2026-06-02,A2
INV0001009,20241231,STR0013,PRD00049,193,41,Adequate,14.8,2026-06-16,A2
INV0001010,20241231,STR0013,PRD00050,88,39,Adequate,12.6,2026-06-23,B2
INV0001011,20241231,STR0013,PRD00051,182,26,Adequate,15.2,2026-05-26,A2
INV0001012,20241231,STR0013,PRD00052,28,13,Adequate,28.0,2026-06-16,C1
INV0001013,20241231,STR0013,PRD00053,94,20,Adequate,47.0,2026-06-08,B1
INV0001014,20241231,STR0013,PRD00054,45,19,Adequate,3.8,2026-06-21,C1
INV0001015,20241231,STR0013,PRD00055,95,38,Adequate,8.6,2026-05-20,C1
INV0001016,20241231,STR0013,PRD00056,93,30,Adequate,7.2,2026-06-27,B1
INV0001017,20241231,STR0013,PRD00057,167,44,Adequate,16.7,2026-06-09,C1
INV0001018,20241231,STR0013,PRD00058,170,19,Adequate,11.3,2026-06-27,A1
INV0001019,20241231,STR0013,PRD00059,40,44,Reorder Required,10.0,2026-05-30,A1
INV0001020,20241231,STR0013,PRD00060,166,28,Adequate,41.5,2026-05-27,C1
INV0001021,20241231,STR0013,PRD00061,173,38,Adequate,15.7,2026-06-05,B1
INV0001022,20241231,STR0013,PRD00062,60,18,Adequate,6.7,2026-05-22,C2
INV0001023,20241231,STR0013,PRD00063,154,24,Adequate,17.1,2026-06-14,A1
INV0001024,20241231,STR0013,PRD00064,165,22,Adequate,41.2,2026-07-01,B2
INV0001025,20241231,STR0013,PRD00065,121,22,Adequate,24.2,2026-07-03,C1
INV0001026,20241231,STR0013,PRD00066,85,15,Adequate,17.0,2026-05-17,B2
INV0001027,20241231,STR0013,PRD00067,66,42,Adequate,9.4,2026-06-14,B2
INV0001028,20241231,STR0013,PRD00068,139,37,Adequate,23.2,2026-05-15,C2
INV0001029,20241231,STR0013,PRD00069,65,29,Adequate,6.5,2026-05-18,A2
INV0001030,20241231,STR0013,PRD00070,57,38,Adequate,11.4,2026-05-15,D1
INV0001031,20241231,STR0013,PRD00071,156,37,Adequate,13.0,2026-06-23,B2
INV0001032,20241231,STR0013,PRD00072,12,15,Reorder Required,1.5,2026-05-11,B1
INV0001033,20241231,STR0013,PRD00073,102,31,Adequate,7.3,2026-05-31,B2
INV0001034,20241231,STR0013,PRD00074,2,10,Reorder Required,0.2,2026-06-26,A2
INV0001035,20241231,STR0013,PRD00075,120,39,Adequate,30.0,2026-06-11,B2
INV0001036,20241231,STR0013,PRD00076,141,34,Adequate,35.2,2026-05-15,C2
INV0001037,20241231,STR0013,PRD00077,124,47,Adequate,13.8,2026-06-11,D1
INV0001038,20241231,STR0013,PRD00078,65,10,Adequate,10.8,2026-05-19,B2
INV0001039,20241231,STR0013,PRD00079,111,28,Adequate,7.4,2026-06-30,B1
INV0001040,20241231,STR0013,PRD00080,182,11,Adequate,30.3,2026-06-18,A2
INV0001041,20241231,STR0014,PRD00001,49,50,Reorder Required,3.3,2026-06-06,A2
INV0001042,20241231,STR0014,PRD00002,137,17,Adequate,19.6,2026-05-11,C1
INV0001043,20241231,STR0014,PRD00003,119,44,Adequate,11.9,2026-06-04,C1
INV0001044,20241231,STR0014,PRD00004,176,27,Adequate,58.7,2026-05-22,B2
INV0001045,20241231,STR0014,PRD00005,29,40,Reorder Required,2.2,2026-06-01,A2
INV0001046,20241231,STR0014,PRD00006,142,33,Adequate,17.8,2026-06-14,B1
INV0001047,20241231,STR0014,PRD00007,27,39,Reorder Required,2.7,2026-05-14,A1
INV0001048,20241231,STR0014,PRD00008,105,20,Adequate,10.5,2026-06-12,B2
INV0001049,20241231,STR0014,PRD00009,165,38,Adequate,12.7,2026-05-21,C2
INV0001050,20241231,STR0014,PRD00010,141,30,Adequate,11.8,2026-05-11,B2
INV0001051,20241231,STR0014,PRD00011,134,36,Adequate,13.4,2026-06-24,C2
INV0001052,20241231,STR0014,PRD00012,124,13,Adequate,62.0,2026-06-17,C1
INV0001053,20241231,STR0014,PRD00013,44,34,Adequate,8.8,2026-05-10,A1
INV0001054,20241231,STR0014,PRD00014,151,27,Adequate,16.8,2026-05-09,D1
INV0001055,20241231,STR0014,PRD00015,36,27,Adequate,6.0,2026-05-27,B1
INV0001056,20241231,STR0014,PRD00016,89,31,Adequate,22.2,2026-05-27,A1
INV0001057,20241231,STR0014,PRD00017,166,50,Adequate,41.5,2026-05-22,C2
INV0001058,20241231,STR0014,PRD00018,37,24,Adequate,5.3,2026-05-18,A2
INV0001059,20241231,STR0014,PRD00019,147,23,Adequate,10.5,2026-05-22,D1
INV0001060,20241231,STR0014,PRD00020,88,37,Adequate,14.7,2026-06-02,B2
INV0001061,20241231,STR0014,PRD00021,146,24,Adequate,9.7,2026-06-09,C1
INV0001062,20241231,STR0014,PRD00022,47,12,Adequate,4.7,2026-06-13,A1
INV0001063,20241231,STR0014,PRD00023,18,37,Reorder Required,2.6,2026-06-15,D1
INV0001064,20241231,STR0014,PRD00024,103,16,Adequate,17.2,2026-05-18,B1
INV0001065,20241231,STR0014,PRD00025,34,36,Reorder Required,34.0,2026-06-22,B2
INV0001066,20241231,STR0014,PRD00026,84,15,Adequate,21.0,2026-05-20,A1
INV0001067,20241231,STR0014,PRD00027,69,46,Adequate,11.5,2026-05-23,A2
INV0001068,20241231,STR0014,PRD00028,4,18,Reorder Required,0.8,2026-06-21,A2
INV0001069,20241231,STR0014,PRD00029,134,10,Adequate,16.8,2026-06-17,C1
INV0001070,20241231,STR0014,PRD00030,94,12,Adequate,31.3,2026-06-28,A1
INV0001071,20241231,STR0014,PRD00031,127,44,Adequate,9.8,2026-07-02,A2
INV0001072,20241231,STR0014,PRD00032,142,31,Adequate,47.3,2026-06-01,A1
INV0001073,20241231,STR0014,PRD00033,98,33,Adequate,14.0,2026-06-17,D1
INV0001074,20241231,STR0014,PRD00034,22,33,Reorder Required,7.3,2026-06-24,C2
INV0001075,20241231,STR0014,PRD00035,22,23,Reorder Required,2.8,2026-05-27,A1
INV0001076,20241231,STR0014,PRD00036,37,40,Reorder Required,4.6,2026-06-12,C1
INV0001077,20241231,STR0014,PRD00037,195,23,Adequate,39.0,2026-05-21,C1
INV0001078,20241231,STR0014,PRD00038,72,27,Adequate,6.0,2026-07-03,D1
INV0001079,20241231,STR0014,PRD00039,132,38,Adequate,14.7,2026-07-04,D1
INV0001080,20241231,STR0014,PRD00040,149,44,Adequate,21.3,2026-06-07,B2
INV0001081,20241231,STR0014,PRD00041,93,33,Adequate,13.3,2026-05-14,A2
INV0001082,20241231,STR0014,PRD00042,26,14,Adequate,8.7,2026-07-02,B2
INV0001083,20241231,STR0014,PRD00043,192,21,Adequate,21.3,2026-06-01,C1
INV0001084,20241231,STR0014,PRD00044,28,19,Adequate,7.0,2026-06-30,C1
INV0001085,20241231,STR0014,PRD00045,154,11,Adequate,38.5,2026-06-04,B1
INV0001086,20241231,STR0014,PRD00046,76,40,Adequate,5.4,2026-05-16,B2
INV0001087,20241231,STR0014,PRD00047,167,14,Adequate,13.9,2026-06-08,C2
INV0001088,20241231,STR0014,PRD00048,43,31,Adequate,8.6,2026-05-19,A2
INV0001089,20241231,STR0014,PRD00049,192,41,Adequate,14.8,2026-07-04,C1
INV0001090,20241231,STR0014,PRD00050,123,39,Adequate,15.4,2026-05-23,B1
INV0001091,20241231,STR0014,PRD00051,9,26,Reorder Required,1.8,2026-06-24,A2
INV0001092,20241231,STR0014,PRD00052,28,13,Adequate,4.0,2026-06-10,D1
INV0001093,20241231,STR0014,PRD00053,26,20,Adequate,1.7,2026-05-27,C2
INV0001094,20241231,STR0014,PRD00054,172,19,Adequate,14.3,2026-06-04,A2
INV0001095,20241231,STR0014,PRD00055,99,38,Adequate,7.6,2026-05-19,A1
INV0001096,20241231,STR0014,PRD00056,52,30,Adequate,6.5,2026-05-24,B2
INV0001097,20241231,STR0014,PRD00057,176,44,Adequate,12.6,2026-06-13,C1
INV0001098,20241231,STR0014,PRD00058,66,19,Adequate,4.4,2026-06-26,C2
INV0001099,20241231,STR0014,PRD00059,9,44,Reorder Required,1.0,2026-05-27,A2
INV0001100,20241231,STR0014,PRD00060,120,28,Adequate,60.0,2026-07-03,D1
INV0001101,20241231,STR0014,PRD00061,36,38,Reorder Required,12.0,2026-05-18,A1
INV0001102,20241231,STR0014,PRD00062,133,18,Adequate,13.3,2026-07-06,A2
INV0001103,20241231,STR0014,PRD00063,32,24,Adequate,6.4,2026-07-02,C2
INV0001104,20241231,STR0014,PRD00064,77,22,Adequate,6.4,2026-07-03,C1
INV0001105,20241231,STR0014,PRD00065,83,22,Adequate,83.0,2026-05-30,B2
INV0001106,20241231,STR0014,PRD00066,142,15,Adequate,28.4,2026-05-22,B1
INV0001107,20241231,STR0014,PRD00067,116,42,Adequate,38.7,2026-05-19,C2
INV0001108,20241231,STR0014,PRD00068,127,37,Adequate,11.5,2026-05-30,A2
INV0001109,20241231,STR0014,PRD00069,146,29,Adequate,48.7,2026-05-25,D1
INV0001110,20241231,STR0014,PRD00070,69,38,Adequate,6.9,2026-06-18,B2
INV0001111,20241231,STR0014,PRD00071,194,37,Adequate,12.9,2026-05-11,A1
INV0001112,20241231,STR0014,PRD00072,170,15,Adequate,21.2,2026-05-10,C2
INV0001113,20241231,STR0014,PRD00073,136,31,Adequate,10.5,2026-05-29,A1
INV0001114,20241231,STR0014,PRD00074,174,10,Adequate,58.0,2026-06-18,A2
INV0001115,20241231,STR0014,PRD00075,125,39,Adequate,25.0,2026-05-29,C2
INV0001116,20241231,STR0014,PRD00076,134,34,Adequate,14.9,2026-05-28,B1
INV0001117,20241231,STR0014,PRD00077,141,47,Adequate,35.2,2026-05-14,C1
INV0001118,20241231,STR0014,PRD00078,105,10,Adequate,105.0,2026-07-02,B2
INV0001119,20241231,STR0014,PRD00079,177,28,Adequate,44.2,2026-05-18,D1
INV0001120,20241231,STR0014,PRD00080,188,11,Adequate,188.0,2026-06-02,C1
INV0001121,20241231,STR0015,PRD00001,63,50,Adequate,63.0,2026-06-27,D1
INV0001122,20241231,STR0015,PRD00002,2,17,Reorder Required,0.1,2026-06-20,A1
INV0001123,20241231,STR0015,PRD00003,26,44,Reorder Required,3.2,2026-05-23,D1
INV0001124,20241231,STR0015,PRD00004,51,27,Adequate,7.3,2026-06-11,D1
INV0001125,20241231,STR0015,PRD00005,155,40,Adequate,19.4,2026-07-01,C2
INV0001126,20241231,STR0015,PRD00006,17,33,Reorder Required,8.5,2026-06-17,A1
INV0001127,20241231,STR0015,PRD00007,26,39,Reorder Required,13.0,2026-05-10,B2
INV0001128,20241231,STR0015,PRD00008,152,20,Adequate,10.9,2026-06-30,C1
INV0001129,20241231,STR0015,PRD00009,138,38,Adequate,27.6,2026-05-17,B1
INV0001130,20241231,STR0015,PRD00010,124,30,Adequate,9.5,2026-06-20,B1
INV0001131,20241231,STR0015,PRD00011,85,36,Adequate,12.1,2026-06-27,C1
INV0001132,20241231,STR0015,PRD00012,65,13,Adequate,5.9,2026-05-16,C1
INV0001133,20241231,STR0015,PRD00013,106,34,Adequate,13.2,2026-05-31,B1
INV0001134,20241231,STR0015,PRD00014,10,27,Reorder Required,10.0,2026-06-07,A1
INV0001135,20241231,STR0015,PRD00015,143,27,Adequate,28.6,2026-06-25,C2
INV0001136,20241231,STR0015,PRD00016,104,31,Adequate,10.4,2026-06-16,D1
INV0001137,20241231,STR0015,PRD00017,22,50,Reorder Required,1.8,2026-05-31,B2
INV0001138,20241231,STR0015,PRD00018,160,24,Adequate,16.0,2026-06-20,D1
INV0001139,20241231,STR0015,PRD00019,139,23,Adequate,13.9,2026-05-19,A2
INV0001140,20241231,STR0015,PRD00020,52,37,Adequate,4.3,2026-05-23,A1
INV0001141,20241231,STR0015,PRD00021,139,24,Adequate,11.6,2026-06-16,C2
INV0001142,20241231,STR0015,PRD00022,157,12,Adequate,78.5,2026-06-14,A2
INV0001143,20241231,STR0015,PRD00023,178,37,Adequate,25.4,2026-05-12,C1
INV0001144,20241231,STR0015,PRD00024,24,16,Adequate,2.4,2026-05-13,C1
INV0001145,20241231,STR0015,PRD00025,84,36,Adequate,5.6,2026-06-04,B1
INV0001146,20241231,STR0015,PRD00026,88,15,Adequate,11.0,2026-06-24,A1
INV0001147,20241231,STR0015,PRD00027,192,46,Adequate,17.5,2026-05-25,A2
INV0001148,20241231,STR0015,PRD00028,194,18,Adequate,194.0,2026-07-02,A2
INV0001149,20241231,STR0015,PRD00029,23,10,Adequate,1.6,2026-05-31,B1
INV0001150,20241231,STR0015,PRD00030,19,12,Adequate,1.5,2026-05-19,C1
INV0001151,20241231,STR0015,PRD00031,149,44,Adequate,21.3,2026-05-10,C2
INV0001152,20241231,STR0015,PRD00032,95,31,Adequate,7.9,2026-07-05,C2
INV0001153,20241231,STR0015,PRD00033,192,33,Adequate,21.3,2026-05-30,D1
INV0001154,20241231,STR0015,PRD00034,73,33,Adequate,12.2,2026-06-07,C1
INV0001155,20241231,STR0015,PRD00035,170,23,Adequate,17.0,2026-06-12,A2
INV0001156,20241231,STR0015,PRD00036,115,40,Adequate,10.5,2026-06-20,D1
INV0001157,20241231,STR0015,PRD00037,10,23,Reorder Required,0.7,2026-06-12,B2
INV0001158,20241231,STR0015,PRD00038,76,27,Adequate,25.3,2026-06-20,A1
INV0001159,20241231,STR0015,PRD00039,176,38,Adequate,16.0,2026-06-02,A2
INV0001160,20241231,STR0015,PRD00040,175,44,Adequate,58.3,2026-07-02,D1
INV0001161,20241231,STR0015,PRD00041,192,33,Adequate,192.0,2026-06-18,B2
INV0001162,20241231,STR0015,PRD00042,14,14,Reorder Required,1.3,2026-06-27,C1
INV0001163,20241231,STR0015,PRD00043,20,21,Reorder Required,4.0,2026-06-07,B2
INV0001164,20241231,STR0015,PRD00044,127,19,Adequate,10.6,2026-05-30,D1
INV0001165,20241231,STR0015,PRD00045,26,11,Adequate,2.4,2026-05-27,A2
INV0001166,20241231,STR0015,PRD00046,167,40,Adequate,13.9,2026-06-30,D1
INV0001167,20241231,STR0015,PRD00047,24,14,Adequate,2.0,2026-05-20,A1
INV0001168,20241231,STR0015,PRD00048,179,31,Adequate,19.9,2026-06-03,B2
INV0001169,20241231,STR0015,PRD00049,154,41,Adequate,11.0,2026-07-03,B1
INV0001170,20241231,STR0015,PRD00050,48,39,Adequate,8.0,2026-07-03,D1
INV0001171,20241231,STR0015,PRD00051,51,26,Adequate,25.5,2026-07-04,C1
INV0001172,20241231,STR0015,PRD00052,90,13,Adequate,8.2,2026-06-01,B1
INV0001173,20241231,STR0015,PRD00053,183,20,Adequate,13.1,2026-06-12,D1
INV0001174,20241231,STR0015,PRD00054,76,19,Adequate,6.3,2026-06-22,A2
INV0001175,20241231,STR0015,PRD00055,110,38,Adequate,36.7,2026-06-23,C1
INV0001176,20241231,STR0015,PRD00056,159,30,Adequate,12.2,2026-06-29,A2
INV0001177,20241231,STR0015,PRD00057,182,44,Adequate,26.0,2026-05-13,C1
INV0001178,20241231,STR0015,PRD00058,169,19,Adequate,11.3,2026-05-31,D1
INV0001179,20241231,STR0015,PRD00059,12,44,Reorder Required,1.0,2026-06-23,C2
INV0001180,20241231,STR0015,PRD00060,183,28,Adequate,13.1,2026-06-18,C2
INV0001181,20241231,STR0015,PRD00061,52,38,Adequate,3.5,2026-05-23,B2
INV0001182,20241231,STR0015,PRD00062,24,18,Adequate,24.0,2026-06-05,D1
INV0001183,20241231,STR0015,PRD00063,85,24,Adequate,17.0,2026-07-02,A2
INV0001184,20241231,STR0015,PRD00064,64,22,Adequate,4.3,2026-06-07,A1
INV0001185,20241231,STR0015,PRD00065,56,22,Adequate,28.0,2026-05-10,C2
INV0001186,20241231,STR0015,PRD00066,117,15,Adequate,23.4,2026-06-16,A1
INV0001187,20241231,STR0015,PRD00067,111,42,Adequate,37.0,2026-06-25,A1
INV0001188,20241231,STR0015,PRD00068,24,37,Reorder Required,1.7,2026-06-30,A2
INV0001189,20241231,STR0015,PRD00069,144,29,Adequate,14.4,2026-06-30,C1
INV0001190,20241231,STR0015,PRD00070,4,38,Reorder Required,0.5,2026-05-23,A1
INV0001191,20241231,STR0015,PRD00071,18,37,Reorder Required,9.0,2026-06-16,B1
INV0001192,20241231,STR0015,PRD00072,146,15,Adequate,146.0,2026-06-17,B2
INV0001193,20241231,STR0015,PRD00073,168,31,Adequate,168.0,2026-06-13,C1
INV0001194,20241231,STR0015,PRD00074,175,10,Adequate,25.0,2026-06-27,A2
INV0001195,20241231,STR0015,PRD00075,66,39,Adequate,16.5,2026-05-11,A1
INV0001196,20241231,STR0015,PRD00076,24,34,Reorder Required,1.8,2026-07-01,A1
INV0001197,20241231,STR0015,PRD00077,93,47,Adequate,8.5,2026-06-10,C2
INV0001198,20241231,STR0015,PRD00078,156,10,Adequate,52.0,2026-06-06,A1
INV0001199,20241231,STR0015,PRD00079,117,28,Adequate,7.8,2026-06-14,B2
INV0001200,20241231,STR0015,PRD00080,106,11,Adequate,26.5,2026-06-11,B1
INV0001201,20241231,STR0016,PRD00001,171,50,Adequate,12.2,2026-06-03,A2
INV0001202,20241231,STR0016,PRD00002,174,17,Adequate,11.6,2026-06-18,B2
INV0001203,20241231,STR0016,PRD00003,45,44,Adequate,22.5,2026-06-15,B2
INV0001204,20241231,STR0016,PRD00004,178,27,Adequate,13.7,2026-05-13,C2
INV0001205,20241231,STR0016,PRD00005,175,40,Adequate,175.0,2026-07-01,C2
INV0001206,20241231,STR0016,PRD00006,10,33,Reorder Required,0.8,2026-07-05,B1
INV0001207,20241231,STR0016,PRD00007,44,39,Adequate,4.4,2026-05-11,B1
INV0001208,20241231,STR0016,PRD00008,146,20,Adequate,36.5,2026-06-11,A1
INV0001209,20241231,STR0016,PRD00009,66,38,Adequate,7.3,2026-07-01,B2
INV0001210,20241231,STR0016,PRD00010,156,30,Adequate,11.1,2026-06-26,A2
INV0001211,20241231,STR0016,PRD00011,162,36,Adequate,27.0,2026-06-06,C1
INV0001212,20241231,STR0016,PRD00012,54,13,Adequate,10.8,2026-07-03,A1
INV0001213,20241231,STR0016,PRD00013,167,34,Adequate,167.0,2026-06-03,A2
INV0001214,20241231,STR0016,PRD00014,118,27,Adequate,9.8,2026-05-11,C1
INV0001215,20241231,STR0016,PRD00015,172,27,Adequate,12.3,2026-05-17,B2
INV0001216,20241231,STR0016,PRD00016,169,31,Adequate,169.0,2026-07-03,A1
INV0001217,20241231,STR0016,PRD00017,19,50,Reorder Required,1.6,2026-05-30,D1
INV0001218,20241231,STR0016,PRD00018,154,24,Adequate,51.3,2026-06-09,B1
INV0001219,20241231,STR0016,PRD00019,170,23,Adequate,21.2,2026-05-24,D1
INV0001220,20241231,STR0016,PRD00020,195,37,Adequate,19.5,2026-06-26,A1
INV0001221,20241231,STR0016,PRD00021,72,24,Adequate,7.2,2026-06-10,B1
INV0001222,20241231,STR0016,PRD00022,36,12,Adequate,36.0,2026-06-25,A2
INV0001223,20241231,STR0016,PRD00023,162,37,Adequate,13.5,2026-05-10,C1
INV0001224,20241231,STR0016,PRD00024,151,16,Adequate,11.6,2026-06-14,B2
INV0001225,20241231,STR0016,PRD00025,197,36,Adequate,19.7,2026-05-30,A2
INV0001226,20241231,STR0016,PRD00026,195,15,Adequate,24.4,2026-05-29,A2
INV0001227,20241231,STR0016,PRD00027,112,46,Adequate,28.0,2026-05-10,B1
INV0001228,20241231,STR0016,PRD00028,10,18,Reorder Required,1.0,2026-06-06,B1
INV0001229,20241231,STR0016,PRD00029,46,10,Adequate,3.3,2026-06-27,D1
INV0001230,20241231,STR0016,PRD00030,168,12,Adequate,168.0,2026-06-22,D1
INV0001231,20241231,STR0016,PRD00031,67,44,Adequate,6.1,2026-05-30,C2
INV0001232,20241231,STR0016,PRD00032,183,31,Adequate,13.1,2026-07-02,D1
INV0001233,20241231,STR0016,PRD00033,106,33,Adequate,8.2,2026-06-11,C1
INV0001234,20241231,STR0016,PRD00034,83,33,Adequate,6.9,2026-06-12,A2
INV0001235,20241231,STR0016,PRD00035,97,23,Adequate,6.5,2026-05-25,A1
INV0001236,20241231,STR0016,PRD00036,115,40,Adequate,38.3,2026-05-17,B2
INV0001237,20241231,STR0016,PRD00037,146,23,Adequate,36.5,2026-06-01,A1
INV0001238,20241231,STR0016,PRD00038,196,27,Adequate,32.7,2026-06-03,B2
INV0001239,20241231,STR0016,PRD00039,99,38,Adequate,12.4,2026-05-25,A2
INV0001240,20241231,STR0016,PRD00040,10,44,Reorder Required,0.9,2026-06-18,D1
INV0001241,20241231,STR0016,PRD00041,119,33,Adequate,9.2,2026-06-13,A2
INV0001242,20241231,STR0016,PRD00042,57,14,Adequate,14.2,2026-05-09,C2
INV0001243,20241231,STR0016,PRD00043,93,21,Adequate,10.3,2026-06-27,C1
INV0001244,20241231,STR0016,PRD00044,45,19,Adequate,11.2,2026-06-08,B2
INV0001245,20241231,STR0016,PRD00045,120,11,Adequate,13.3,2026-06-28,A2
INV0001246,20241231,STR0016,PRD00046,0,40,Reorder Required,0.0,2026-06-11,C1
INV0001247,20241231,STR0016,PRD00047,49,14,Adequate,9.8,2026-06-11,D1
INV0001248,20241231,STR0016,PRD00048,140,31,Adequate,70.0,2026-05-27,C2
INV0001249,20241231,STR0016,PRD00049,16,41,Reorder Required,5.3,2026-05-12,C2
INV0001250,20241231,STR0016,PRD00050,97,39,Adequate,10.8,2026-06-06,B2
INV0001251,20241231,STR0016,PRD00051,3,26,Reorder Required,0.2,2026-06-27,C2
INV0001252,20241231,STR0016,PRD00052,137,13,Adequate,68.5,2026-07-02,D1
INV0001253,20241231,STR0016,PRD00053,129,20,Adequate,10.8,2026-05-26,B1
INV0001254,20241231,STR0016,PRD00054,25,19,Adequate,2.8,2026-05-09,A1
INV0001255,20241231,STR0016,PRD00055,131,38,Adequate,26.2,2026-06-13,D1
INV0001256,20241231,STR0016,PRD00056,106,30,Adequate,53.0,2026-06-06,C1
INV0001257,20241231,STR0016,PRD00057,172,44,Adequate,28.7,2026-05-31,C1
INV0001258,20241231,STR0016,PRD00058,174,19,Adequate,12.4,2026-06-22,C2
INV0001259,20241231,STR0016,PRD00059,5,44,Reorder Required,0.8,2026-05-12,C2
INV0001260,20241231,STR0016,PRD00060,198,28,Adequate,22.0,2026-05-18,C2
INV0001261,20241231,STR0016,PRD00061,114,38,Adequate,19.0,2026-07-05,D1
INV0001262,20241231,STR0016,PRD00062,183,18,Adequate,15.2,2026-05-21,D1
INV0001263,20241231,STR0016,PRD00063,195,24,Adequate,39.0,2026-06-06,B1
INV0001264,20241231,STR0016,PRD00064,17,22,Reorder Required,1.2,2026-07-02,B2
INV0001265,20241231,STR0016,PRD00065,4,22,Reorder Required,0.4,2026-06-16,C1
INV0001266,20241231,STR0016,PRD00066,55,15,Adequate,18.3,2026-06-06,C2
INV0001267,20241231,STR0016,PRD00067,157,42,Adequate,10.5,2026-05-20,D1
INV0001268,20241231,STR0016,PRD00068,145,37,Adequate,24.2,2026-06-01,A1
INV0001269,20241231,STR0016,PRD00069,10,29,Reorder Required,10.0,2026-05-30,D1
INV0001270,20241231,STR0016,PRD00070,138,38,Adequate,11.5,2026-06-26,B2
INV0001271,20241231,STR0016,PRD00071,1,37,Reorder Required,0.1,2026-06-04,D1
INV0001272,20241231,STR0016,PRD00072,15,15,Reorder Required,1.7,2026-05-14,C1
INV0001273,20241231,STR0016,PRD00073,111,31,Adequate,37.0,2026-06-13,A1
INV0001274,20241231,STR0016,PRD00074,165,10,Adequate,27.5,2026-05-21,B1
INV0001275,20241231,STR0016,PRD00075,186,39,Adequate,16.9,2026-06-06,B2
INV0001276,20241231,STR0016,PRD00076,107,34,Adequate,7.6,2026-05-27,A1
INV0001277,20241231,STR0016,PRD00077,4,47,Reorder Required,0.3,2026-06-17,B2
INV0001278,20241231,STR0016,PRD00078,79,10,Adequate,6.6,2026-06-21,A2
INV0001279,20241231,STR0016,PRD00079,60,28,Adequate,4.6,2026-06-21,A1
INV0001280,20241231,STR0016,PRD00080,82,11,Adequate,13.7,2026-05-13,A2
INV0001281,20241231,STR0017,PRD00001,30,50,Reorder Required,30.0,2026-06-29,D1
INV0001282,20241231,STR0017,PRD00002,128,17,Adequate,10.7,2026-06-27,D1
INV0001283,20241231,STR0017,PRD00003,165,44,Adequate,11.8,2026-05-20,C2
INV0001284,20241231,STR0017,PRD00004,139,27,Adequate,27.8,2026-07-06,A2
INV0001285,20241231,STR0017,PRD00005,48,40,Adequate,3.7,2026-07-01,B1
INV0001286,20241231,STR0017,PRD00006,141,33,Adequate,20.1,2026-06-04,A2
INV0001287,20241231,STR0017,PRD00007,122,39,Adequate,8.7,2026-06-10,C1
INV0001288,20241231,STR0017,PRD00008,46,20,Adequate,11.5,2026-06-30,C2
INV0001289,20241231,STR0017,PRD00009,147,38,Adequate,16.3,2026-06-21,C1
INV0001290,20241231,STR0017,PRD00010,81,30,Adequate,8.1,2026-06-29,C1
INV0001291,20241231,STR0017,PRD00011,112,36,Adequate,14.0,2026-07-04,D1
INV0001292,20241231,STR0017,PRD00012,84,13,Adequate,5.6,2026-05-31,C1
INV0001293,20241231,STR0017,PRD00013,0,34,Reorder Required,0.0,2026-06-08,B2
INV0001294,20241231,STR0017,PRD00014,50,27,Adequate,6.2,2026-06-16,B2
INV0001295,20241231,STR0017,PRD00015,28,27,Adequate,28.0,2026-05-13,C2
INV0001296,20241231,STR0017,PRD00016,136,31,Adequate,136.0,2026-06-04,A1
INV0001297,20241231,STR0017,PRD00017,182,50,Adequate,22.8,2026-06-10,C2
INV0001298,20241231,STR0017,PRD00018,181,24,Adequate,45.2,2026-06-23,C2
INV0001299,20241231,STR0017,PRD00019,190,23,Adequate,27.1,2026-06-27,B1
INV0001300,20241231,STR0017,PRD00020,10,37,Reorder Required,1.1,2026-06-08,C1
INV0001301,20241231,STR0017,PRD00021,31,24,Adequate,2.2,2026-07-06,B1
INV0001302,20241231,STR0017,PRD00022,58,12,Adequate,3.9,2026-07-01,D1
INV0001303,20241231,STR0017,PRD00023,40,37,Adequate,2.7,2026-06-28,A2
INV0001304,20241231,STR0017,PRD00024,90,16,Adequate,22.5,2026-06-04,D1
INV0001305,20241231,STR0017,PRD00025,86,36,Adequate,12.3,2026-05-21,B2
INV0001306,20241231,STR0017,PRD00026,136,15,Adequate,27.2,2026-07-03,C2
INV0001307,20241231,STR0017,PRD00027,79,46,Adequate,13.2,2026-06-25,A2
INV0001308,20241231,STR0017,PRD00028,123,18,Adequate,9.5,2026-06-03,D1
INV0001309,20241231,STR0017,PRD00029,133,10,Adequate,22.2,2026-06-05,B1
INV0001310,20241231,STR0017,PRD00030,5,12,Reorder Required,0.6,2026-05-29,B2
INV0001311,20241231,STR0017,PRD00031,102,44,Adequate,14.6,2026-05-08,C2
INV0001312,20241231,STR0017,PRD00032,85,31,Adequate,7.7,2026-07-03,A2
INV0001313,20241231,STR0017,PRD00033,16,33,Reorder Required,1.2,2026-05-12,C2
INV0001314,20241231,STR0017,PRD00034,98,33,Adequate,19.6,2026-06-21,C1
INV0001315,20241231,STR0017,PRD00035,89,23,Adequate,89.0,2026-06-25,C2
INV0001316,20241231,STR0017,PRD00036,99,40,Adequate,9.9,2026-07-03,B2
INV0001317,20241231,STR0017,PRD00037,81,23,Adequate,13.5,2026-05-08,B2
INV0001318,20241231,STR0017,PRD00038,74,27,Adequate,6.2,2026-06-06,B1
INV0001319,20241231,STR0017,PRD00039,149,38,Adequate,18.6,2026-06-16,B1
INV0001320,20241231,STR0017,PRD00040,58,44,Adequate,5.3,2026-06-10,B1
INV0001321,20241231,STR0017,PRD00041,31,33,Reorder Required,31.0,2026-06-14,A1
INV0001322,20241231,STR0017,PRD00042,63,14,Adequate,15.8,2026-05-21,D1
INV0001323,20241231,STR0017,PRD00043,14,21,Reorder Required,1.4,2026-05-14,B2
INV0001324,20241231,STR0017,PRD00044,104,19,Adequate,6.9,2026-05-11,D1
INV0001325,20241231,STR0017,PRD00045,124,11,Adequate,17.7,2026-06-02,B2
INV0001326,20241231,STR0017,PRD00046,117,40,Adequate,23.4,2026-06-12,B1
INV0001327,20241231,STR0017,PRD00047,32,14,Adequate,3.6,2026-05-13,B2
INV0001328,20241231,STR0017,PRD00048,122,31,Adequate,30.5,2026-05-28,A2
INV0001329,20241231,STR0017,PRD00049,180,41,Adequate,12.0,2026-06-30,A1
INV0001330,20241231,STR0017,PRD00050,157,39,Adequate,12.1,2026-05-16,D1
INV0001331,20241231,STR0017,PRD00051,104,26,Adequate,34.7,2026-07-05,A2
INV0001332,20241231,STR0017,PRD00052,153,13,Adequate,17.0,2026-07-06,A1
INV0001333,20241231,STR0017,PRD00053,155,20,Adequate,38.8,2026-07-06,C2
INV0001334,20241231,STR0017,PRD00054,137,19,Adequate,10.5,2026-06-28,C1
INV0001335,20241231,STR0017,PRD00055,146,38,Adequate,29.2,2026-05-27,C2
INV0001336,20241231,STR0017,PRD00056,78,30,Adequate,11.1,2026-06-25,C1
INV0001337,20241231,STR0017,PRD00057,13,44,Reorder Required,0.9,2026-06-07,A1
INV0001338,20241231,STR0017,PRD00058,1,19,Reorder Required,0.1,2026-06-08,B1
INV0001339,20241231,STR0017,PRD00059,145,44,Adequate,12.1,2026-06-23,C1
INV0001340,20241231,STR0017,PRD00060,51,28,Adequate,3.6,2026-06-15,C2
INV0001341,20241231,STR0017,PRD00061,177,38,Adequate,22.1,2026-05-25,D1
INV0001342,20241231,STR0017,PRD00062,199,18,Adequate,28.4,2026-05-16,A2
INV0001343,20241231,STR0017,PRD00063,153,24,Adequate,38.2,2026-05-09,B1
INV0001344,20241231,STR0017,PRD00064,108,22,Adequate,18.0,2026-05-29,A1
INV0001345,20241231,STR0017,PRD00065,135,22,Adequate,67.5,2026-06-20,D1
INV0001346,20241231,STR0017,PRD00066,174,15,Adequate,87.0,2026-05-25,C2
INV0001347,20241231,STR0017,PRD00067,109,42,Adequate,7.8,2026-06-08,A2
INV0001348,20241231,STR0017,PRD00068,153,37,Adequate,11.8,2026-07-06,B2
INV0001349,20241231,STR0017,PRD00069,185,29,Adequate,37.0,2026-06-29,B1
INV0001350,20241231,STR0017,PRD00070,27,38,Reorder Required,2.2,2026-06-07,A1
INV0001351,20241231,STR0017,PRD00071,86,37,Adequate,6.6,2026-05-12,C2
INV0001352,20241231,STR0017,PRD00072,139,15,Adequate,69.5,2026-05-22,A2
INV0001353,20241231,STR0017,PRD00073,177,31,Adequate,35.4,2026-07-05,A2
INV0001354,20241231,STR0017,PRD00074,104,10,Adequate,8.7,2026-05-26,C2
INV0001355,20241231,STR0017,PRD00075,102,39,Adequate,10.2,2026-07-02,D1
INV0001356,20241231,STR0017,PRD00076,127,34,Adequate,12.7,2026-05-28,A2
INV0001357,20241231,STR0017,PRD00077,140,47,Adequate,20.0,2026-05-17,C1
INV0001358,20241231,STR0017,PRD00078,197,10,Adequate,16.4,2026-05-11,A1
INV0001359,20241231,STR0017,PRD00079,50,28,Adequate,5.6,2026-05-12,C1
INV0001360,20241231,STR0017,PRD00080,153,11,Adequate,15.3,2026-05-17,C1
INV0001361,20241231,STR0018,PRD00001,126,50,Adequate,31.5,2026-06-02,B1
INV0001362,20241231,STR0018,PRD00002,148,17,Adequate,13.5,2026-06-04,D1
INV0001363,20241231,STR0018,PRD00003,4,44,Reorder Required,0.5,2026-06-26,B2
INV0001364,20241231,STR0018,PRD00004,112,27,Adequate,112.0,2026-07-06,A2
INV0001365,20241231,STR0018,PRD00005,93,40,Adequate,7.8,2026-06-28,A1
INV0001366,20241231,STR0018,PRD00006,97,33,Adequate,10.8,2026-06-18,A2
INV0001367,20241231,STR0018,PRD00007,113,39,Adequate,11.3,2026-06-07,C2
INV0001368,20241231,STR0018,PRD00008,61,20,Adequate,6.8,2026-06-05,B1
INV0001369,20241231,STR0018,PRD00009,199,38,Adequate,18.1,2026-05-15,B2
INV0001370,20241231,STR0018,PRD00010,177,30,Adequate,11.8,2026-06-09,C1
INV0001371,20241231,STR0018,PRD00011,130,36,Adequate,26.0,2026-05-23,A2
INV0001372,20241231,STR0018,PRD00012,44,13,Adequate,22.0,2026-05-11,A2
INV0001373,20241231,STR0018,PRD00013,26,34,Reorder Required,13.0,2026-06-03,A2
INV0001374,20241231,STR0018,PRD00014,0,27,Reorder Required,0.0,2026-06-22,C1
INV0001375,20241231,STR0018,PRD00015,100,27,Adequate,10.0,2026-06-04,A2
INV0001376,20241231,STR0018,PRD00016,80,31,Adequate,5.7,2026-07-03,C2
INV0001377,20241231,STR0018,PRD00017,31,50,Reorder Required,15.5,2026-06-14,C1
INV0001378,20241231,STR0018,PRD00018,131,24,Adequate,43.7,2026-05-15,C1
INV0001379,20241231,STR0018,PRD00019,196,23,Adequate,39.2,2026-07-03,B1
INV0001380,20241231,STR0018,PRD00020,162,37,Adequate,54.0,2026-05-12,A2
INV0001381,20241231,STR0018,PRD00021,133,24,Adequate,26.6,2026-05-28,C2
INV0001382,20241231,STR0018,PRD00022,147,12,Adequate,29.4,2026-06-11,B2
INV0001383,20241231,STR0018,PRD00023,24,37,Reorder Required,3.4,2026-05-31,C2
INV0001384,20241231,STR0018,PRD00024,64,16,Adequate,64.0,2026-05-13,C1
INV0001385,20241231,STR0018,PRD00025,171,36,Adequate,12.2,2026-05-11,A2
INV0001386,20241231,STR0018,PRD00026,114,15,Adequate,9.5,2026-07-03,D1
INV0001387,20241231,STR0018,PRD00027,76,46,Adequate,76.0,2026-05-10,B1
INV0001388,20241231,STR0018,PRD00028,2,18,Reorder Required,0.2,2026-05-31,B2
INV0001389,20241231,STR0018,PRD00029,27,10,Adequate,5.4,2026-06-05,C2
INV0001390,20241231,STR0018,PRD00030,75,12,Adequate,25.0,2026-06-05,B2
INV0001391,20241231,STR0018,PRD00031,87,44,Adequate,87.0,2026-06-19,C1
INV0001392,20241231,STR0018,PRD00032,4,31,Reorder Required,0.6,2026-06-06,D1
INV0001393,20241231,STR0018,PRD00033,43,33,Adequate,3.3,2026-05-20,A1
INV0001394,20241231,STR0018,PRD00034,197,33,Adequate,16.4,2026-05-12,D1
INV0001395,20241231,STR0018,PRD00035,168,23,Adequate,12.9,2026-06-05,C1
INV0001396,20241231,STR0018,PRD00036,8,40,Reorder Required,2.0,2026-06-28,D1
INV0001397,20241231,STR0018,PRD00037,182,23,Adequate,36.4,2026-05-11,C2
INV0001398,20241231,STR0018,PRD00038,84,27,Adequate,21.0,2026-06-12,A1
INV0001399,20241231,STR0018,PRD00039,78,38,Adequate,5.6,2026-06-12,B1
INV0001400,20241231,STR0018,PRD00040,31,44,Reorder Required,6.2,2026-05-11,A2
INV0001401,20241231,STR0018,PRD00041,18,33,Reorder Required,1.8,2026-05-28,C2
INV0001402,20241231,STR0018,PRD00042,164,14,Adequate,18.2,2026-05-22,C1
INV0001403,20241231,STR0018,PRD00043,87,21,Adequate,6.2,2026-05-09,A2
INV0001404,20241231,STR0018,PRD00044,43,19,Adequate,3.6,2026-07-04,C1
INV0001405,20241231,STR0018,PRD00045,150,11,Adequate,18.8,2026-06-12,B2
INV0001406,20241231,STR0018,PRD00046,66,40,Adequate,33.0,2026-06-15,C1
INV0001407,20241231,STR0018,PRD00047,134,14,Adequate,33.5,2026-06-01,C1
INV0001408,20241231,STR0018,PRD00048,90,31,Adequate,9.0,2026-05-20,A2
INV0001409,20241231,STR0018,PRD00049,148,41,Adequate,12.3,2026-05-11,B2
INV0001410,20241231,STR0018,PRD00050,98,39,Adequate,9.8,2026-06-11,B1
INV0001411,20241231,STR0018,PRD00051,183,26,Adequate,30.5,2026-07-03,B2
INV0001412,20241231,STR0018,PRD00052,139,13,Adequate,9.9,2026-05-27,C2
INV0001413,20241231,STR0018,PRD00053,184,20,Adequate,46.0,2026-05-22,D1
INV0001414,20241231,STR0018,PRD00054,173,19,Adequate,86.5,2026-06-21,D1
INV0001415,20241231,STR0018,PRD00055,164,38,Adequate,16.4,2026-07-02,B1
INV0001416,20241231,STR0018,PRD00056,90,30,Adequate,9.0,2026-06-21,A1
INV0001417,20241231,STR0018,PRD00057,11,44,Reorder Required,11.0,2026-06-08,B2
INV0001418,20241231,STR0018,PRD00058,184,19,Adequate,20.4,2026-06-07,A2
INV0001419,20241231,STR0018,PRD00059,150,44,Adequate,150.0,2026-06-07,B1
INV0001420,20241231,STR0018,PRD00060,44,28,Adequate,44.0,2026-05-15,B1
INV0001421,20241231,STR0018,PRD00061,8,38,Reorder Required,0.7,2026-06-09,C2
INV0001422,20241231,STR0018,PRD00062,105,18,Adequate,7.5,2026-05-29,C1
INV0001423,20241231,STR0018,PRD00063,112,24,Adequate,112.0,2026-06-10,B1
INV0001424,20241231,STR0018,PRD00064,130,22,Adequate,9.3,2026-06-08,B1
INV0001425,20241231,STR0018,PRD00065,105,22,Adequate,8.1,2026-05-14,C2
INV0001426,20241231,STR0018,PRD00066,162,15,Adequate,13.5,2026-05-23,C2
INV0001427,20241231,STR0018,PRD00067,112,42,Adequate,12.4,2026-07-01,B1
INV0001428,20241231,STR0018,PRD00068,80,37,Adequate,11.4,2026-06-15,A2
INV0001429,20241231,STR0018,PRD00069,165,29,Adequate,11.8,2026-06-06,B2
INV0001430,20241231,STR0018,PRD00070,28,38,Reorder Required,14.0,2026-05-17,C1
INV0001431,20241231,STR0018,PRD00071,13,37,Reorder Required,13.0,2026-06-13,D1
INV0001432,20241231,STR0018,PRD00072,112,15,Adequate,14.0,2026-05-29,A2
INV0001433,20241231,STR0018,PRD00073,78,31,Adequate,6.5,2026-06-03,C2
INV0001434,20241231,STR0018,PRD00074,145,10,Adequate,24.2,2026-05-17,C2
INV0001435,20241231,STR0018,PRD00075,12,39,Reorder Required,6.0,2026-07-04,A2
INV0001436,20241231,STR0018,PRD00076,180,34,Adequate,45.0,2026-06-22,A2
INV0001437,20241231,STR0018,PRD00077,8,47,Reorder Required,0.8,2026-05-27,C1
INV0001438,20241231,STR0018,PRD00078,93,10,Adequate,11.6,2026-06-24,B1
INV0001439,20241231,STR0018,PRD00079,113,28,Adequate,9.4,2026-05-28,A2
INV0001440,20241231,STR0018,PRD00080,79,11,Adequate,5.6,2026-06-06,C1
INV0001441,20241231,STR0019,PRD00001,105,50,Adequate,8.8,2026-05-24,B1
INV0001442,20241231,STR0019,PRD00002,88,17,Adequate,11.0,2026-06-06,D1
INV0001443,20241231,STR0019,PRD00003,56,44,Adequate,6.2,2026-06-17,C2
INV0001444,20241231,STR0019,PRD00004,103,27,Adequate,25.8,2026-05-20,C1
INV0001445,20241231,STR0019,PRD00005,126,40,Adequate,9.7,2026-06-01,D1
INV0001446,20241231,STR0019,PRD00006,24,33,Reorder Required,8.0,2026-05-10,C2
INV0001447,20241231,STR0019,PRD00007,119,39,Adequate,17.0,2026-06-11,B1
INV0001448,20241231,STR0019,PRD00008,13,20,Reorder Required,2.6,2026-05-12,D1
INV0001449,20241231,STR0019,PRD00009,53,38,Adequate,4.1,2026-06-04,C2
INV0001450,20241231,STR0019,PRD00010,76,30,Adequate,6.3,2026-07-01,B2
INV0001451,20241231,STR0019,PRD00011,59,36,Adequate,4.2,2026-06-04,C2
INV0001452,20241231,STR0019,PRD00012,136,13,Adequate,19.4,2026-06-05,C2
INV0001453,20241231,STR0019,PRD00013,7,34,Reorder Required,1.8,2026-06-04,B2
INV0001454,20241231,STR0019,PRD00014,9,27,Reorder Required,9.0,2026-06-09,A1
INV0001455,20241231,STR0019,PRD00015,51,27,Adequate,4.6,2026-06-14,A2
INV0001456,20241231,STR0019,PRD00016,110,31,Adequate,15.7,2026-06-27,C1
INV0001457,20241231,STR0019,PRD00017,192,50,Adequate,16.0,2026-07-02,B2
INV0001458,20241231,STR0019,PRD00018,116,24,Adequate,8.3,2026-06-01,B1
INV0001459,20241231,STR0019,PRD00019,191,23,Adequate,12.7,2026-05-31,D1
INV0001460,20241231,STR0019,PRD00020,65,37,Adequate,8.1,2026-07-01,A1
INV0001461,20241231,STR0019,PRD00021,101,24,Adequate,6.7,2026-06-02,D1
INV0001462,20241231,STR0019,PRD00022,12,12,Reorder Required,1.5,2026-05-28,C2
INV0001463,20241231,STR0019,PRD00023,124,37,Adequate,124.0,2026-06-17,C2
INV0001464,20241231,STR0019,PRD00024,34,16,Adequate,3.8,2026-06-25,B1
INV0001465,20241231,STR0019,PRD00025,146,36,Adequate,146.0,2026-06-09,D1
INV0001466,20241231,STR0019,PRD00026,197,15,Adequate,32.8,2026-06-13,C1
INV0001467,20241231,STR0019,PRD00027,63,46,Adequate,63.0,2026-06-16,A2
INV0001468,20241231,STR0019,PRD00028,99,18,Adequate,14.1,2026-05-20,A2
INV0001469,20241231,STR0019,PRD00029,54,10,Adequate,3.6,2026-06-10,C1
INV0001470,20241231,STR0019,PRD00030,66,12,Adequate,4.7,2026-05-25,A2
INV0001471,20241231,STR0019,PRD00031,15,44,Reorder Required,1.1,2026-06-01,B1
INV0001472,20241231,STR0019,PRD00032,189,31,Adequate,47.2,2026-06-08,A1
INV0001473,20241231,STR0019,PRD00033,29,33,Reorder Required,9.7,2026-06-12,B2
INV0001474,20241231,STR0019,PRD00034,94,33,Adequate,7.8,2026-05-27,B1
INV0001475,20241231,STR0019,PRD00035,151,23,Adequate,16.8,2026-06-09,A1
INV0001476,20241231,STR0019,PRD00036,68,40,Adequate,6.2,2026-05-19,A1
INV0001477,20241231,STR0019,PRD00037,108,23,Adequate,9.8,2026-06-03,C1
INV0001478,20241231,STR0019,PRD00038,160,27,Adequate,80.0,2026-07-05,A1
INV0001479,20241231,STR0019,PRD00039,16,38,Reorder Required,1.2,2026-06-06,A2
INV0001480,20241231,STR0019,PRD00040,4,44,Reorder Required,0.4,2026-05-26,C2
INV0001481,20241231,STR0019,PRD00041,79,33,Adequate,11.3,2026-06-14,C1
INV0001482,20241231,STR0019,PRD00042,50,14,Adequate,12.5,2026-07-06,A1
INV0001483,20241231,STR0019,PRD00043,78,21,Adequate,39.0,2026-06-20,B2
INV0001484,20241231,STR0019,PRD00044,133,19,Adequate,16.6,2026-06-14,C2
INV0001485,20241231,STR0019,PRD00045,187,11,Adequate,93.5,2026-06-07,A1
INV0001486,20241231,STR0019,PRD00046,146,40,Adequate,146.0,2026-07-01,B1
INV0001487,20241231,STR0019,PRD00047,54,14,Adequate,10.8,2026-06-20,B1
INV0001488,20241231,STR0019,PRD00048,150,31,Adequate,75.0,2026-05-29,C1
INV0001489,20241231,STR0019,PRD00049,164,41,Adequate,16.4,2026-06-04,C1
INV0001490,20241231,STR0019,PRD00050,153,39,Adequate,10.9,2026-06-11,A1
INV0001491,20241231,STR0019,PRD00051,83,26,Adequate,13.8,2026-05-21,B2
INV0001492,20241231,STR0019,PRD00052,12,13,Reorder Required,2.0,2026-05-25,A1
INV0001493,20241231,STR0019,PRD00053,121,20,Adequate,15.1,2026-05-14,C2
INV0001494,20241231,STR0019,PRD00054,103,19,Adequate,17.2,2026-06-26,B1
INV0001495,20241231,STR0019,PRD00055,198,38,Adequate,19.8,2026-06-03,D1
INV0001496,20241231,STR0019,PRD00056,66,30,Adequate,33.0,2026-07-06,A2
INV0001497,20241231,STR0019,PRD00057,159,44,Adequate,14.5,2026-06-18,C1
INV0001498,20241231,STR0019,PRD00058,69,19,Adequate,7.7,2026-07-03,B2
INV0001499,20241231,STR0019,PRD00059,71,44,Adequate,11.8,2026-05-13,B2
INV0001500,20241231,STR0019,PRD00060,199,28,Adequate,99.5,2026-06-16,A1
INV0001501,20241231,STR0019,PRD00061,113,38,Adequate,8.7,2026-06-20,C1
INV0001502,20241231,STR0019,PRD00062,46,18,Adequate,3.8,2026-06-01,A2
INV0001503,20241231,STR0019,PRD00063,114,24,Adequate,10.4,2026-06-02,A2
INV0001504,20241231,STR0019,PRD00064,175,22,Adequate,13.5,2026-05-09,C1
INV0001505,20241231,STR0019,PRD00065,183,22,Adequate,30.5,2026-06-17,D1
INV0001506,20241231,STR0019,PRD00066,143,15,Adequate,71.5,2026-06-01,A2
INV0001507,20241231,STR0019,PRD00067,131,42,Adequate,32.8,2026-06-01,C2
INV0001508,20241231,STR0019,PRD00068,27,37,Reorder Required,5.4,2026-05-19,B2
INV0001509,20241231,STR0019,PRD00069,182,29,Adequate,26.0,2026-05-08,C2
INV0001510,20241231,STR0019,PRD00070,147,38,Adequate,11.3,2026-06-19,C2
INV0001511,20241231,STR0019,PRD00071,123,37,Adequate,20.5,2026-05-11,C1
INV0001512,20241231,STR0019,PRD00072,15,15,Reorder Required,1.7,2026-06-18,C2
INV0001513,20241231,STR0019,PRD00073,125,31,Adequate,10.4,2026-07-02,A2
INV0001514,20241231,STR0019,PRD00074,186,10,Adequate,12.4,2026-05-18,B2
INV0001515,20241231,STR0019,PRD00075,47,39,Adequate,5.9,2026-05-08,C2
INV0001516,20241231,STR0019,PRD00076,51,34,Adequate,5.1,2026-05-24,A2
INV0001517,20241231,STR0019,PRD00077,37,47,Reorder Required,4.6,2026-05-30,A1
INV0001518,20241231,STR0019,PRD00078,152,10,Adequate,12.7,2026-06-26,B1
INV0001519,20241231,STR0019,PRD00079,48,28,Adequate,6.0,2026-05-17,B1
INV0001520,20241231,STR0019,PRD00080,171,11,Adequate,11.4,2026-06-07,C2
INV0001521,20241231,STR0020,PRD00001,133,50,Adequate,66.5,2026-06-18,A2
INV0001522,20241231,STR0020,PRD00002,101,17,Adequate,6.7,2026-06-17,C2
INV0001523,20241231,STR0020,PRD00003,176,44,Adequate,17.6,2026-06-27,C1
INV0001524,20241231,STR0020,PRD00004,29,27,Adequate,2.9,2026-07-02,C1
INV0001525,20241231,STR0020,PRD00005,59,40,Adequate,9.8,2026-07-04,B2
INV0001526,20241231,STR0020,PRD00006,37,33,Adequate,2.8,2026-05-28,C2
INV0001527,20241231,STR0020,PRD00007,58,39,Adequate,19.3,2026-06-04,A1
INV0001528,20241231,STR0020,PRD00008,185,20,Adequate,30.8,2026-06-13,A2
INV0001529,20241231,STR0020,PRD00009,80,38,Adequate,6.7,2026-05-12,B1
INV0001530,20241231,STR0020,PRD00010,72,30,Adequate,5.1,2026-05-21,A2
INV0001531,20241231,STR0020,PRD00011,158,36,Adequate,19.8,2026-06-03,C1
INV0001532,20241231,STR0020,PRD00012,69,13,Adequate,4.9,2026-06-20,B2
INV0001533,20241231,STR0020,PRD00013,84,34,Adequate,7.0,2026-06-12,C1
INV0001534,20241231,STR0020,PRD00014,54,27,Adequate,7.7,2026-06-14,B2
INV0001535,20241231,STR0020,PRD00015,67,27,Adequate,33.5,2026-06-22,C1
INV0001536,20241231,STR0020,PRD00016,7,31,Reorder Required,1.8,2026-05-10,A1
INV0001537,20241231,STR0020,PRD00017,190,50,Adequate,27.1,2026-06-16,A1
INV0001538,20241231,STR0020,PRD00018,81,24,Adequate,9.0,2026-06-02,B1
INV0001539,20241231,STR0020,PRD00019,132,23,Adequate,11.0,2026-06-04,C2
INV0001540,20241231,STR0020,PRD00020,95,37,Adequate,6.3,2026-05-17,B1
INV0001541,20241231,STR0020,PRD00021,64,24,Adequate,8.0,2026-05-29,A1
INV0001542,20241231,STR0020,PRD00022,89,12,Adequate,44.5,2026-06-12,A2
INV0001543,20241231,STR0020,PRD00023,24,37,Reorder Required,1.8,2026-05-24,A2
INV0001544,20241231,STR0020,PRD00024,65,16,Adequate,13.0,2026-05-24,C1
INV0001545,20241231,STR0020,PRD00025,148,36,Adequate,24.7,2026-06-16,C1
INV0001546,20241231,STR0020,PRD00026,120,15,Adequate,30.0,2026-05-25,D1
INV0001547,20241231,STR0020,PRD00027,65,46,Adequate,5.0,2026-06-04,B1
INV0001548,20241231,STR0020,PRD00028,132,18,Adequate,9.4,2026-06-03,C2
INV0001549,20241231,STR0020,PRD00029,80,10,Adequate,13.3,2026-06-19,C1
INV0001550,20241231,STR0020,PRD00030,94,12,Adequate,11.8,2026-06-11,C2
INV0001551,20241231,STR0020,PRD00031,57,44,Adequate,5.2,2026-07-03,B1
INV0001552,20241231,STR0020,PRD00032,149,31,Adequate,21.3,2026-05-31,B1
INV0001553,20241231,STR0020,PRD00033,167,33,Adequate,11.9,2026-06-16,B1
INV0001554,20241231,STR0020,PRD00034,67,33,Adequate,33.5,2026-06-22,B1
INV0001555,20241231,STR0020,PRD00035,119,23,Adequate,29.8,2026-05-28,B2
INV0001556,20241231,STR0020,PRD00036,8,40,Reorder Required,1.0,2026-05-15,B1
INV0001557,20241231,STR0020,PRD00037,144,23,Adequate,18.0,2026-06-23,A2
INV0001558,20241231,STR0020,PRD00038,108,27,Adequate,21.6,2026-05-11,B1
INV0001559,20241231,STR0020,PRD00039,46,38,Adequate,5.8,2026-05-30,A1
INV0001560,20241231,STR0020,PRD00040,148,44,Adequate,37.0,2026-06-16,A2
INV0001561,20241231,STR0020,PRD00041,120,33,Adequate,8.6,2026-05-09,A1
INV0001562,20241231,STR0020,PRD00042,131,14,Adequate,18.7,2026-05-14,B1
INV0001563,20241231,STR0020,PRD00043,13,21,Reorder Required,1.4,2026-05-08,B2
INV0001564,20241231,STR0020,PRD00044,158,19,Adequate,52.7,2026-05-23,B1
INV0001565,20241231,STR0020,PRD00045,17,11,Adequate,3.4,2026-06-18,B2
INV0001566,20241231,STR0020,PRD00046,36,40,Reorder Required,12.0,2026-05-28,C2
INV0001567,20241231,STR0020,PRD00047,122,14,Adequate,40.7,2026-05-21,C2
INV0001568,20241231,STR0020,PRD00048,5,31,Reorder Required,0.6,2026-06-19,A1
INV0001569,20241231,STR0020,PRD00049,122,41,Adequate,8.1,2026-06-24,C2
INV0001570,20241231,STR0020,PRD00050,29,39,Reorder Required,14.5,2026-06-11,A1
INV0001571,20241231,STR0020,PRD00051,89,26,Adequate,11.1,2026-05-09,C1
INV0001572,20241231,STR0020,PRD00052,173,13,Adequate,19.2,2026-06-03,D1
INV0001573,20241231,STR0020,PRD00053,114,20,Adequate,16.3,2026-07-04,B1
INV0001574,20241231,STR0020,PRD00054,112,19,Adequate,7.5,2026-06-03,C2
INV0001575,20241231,STR0020,PRD00055,55,38,Adequate,5.0,2026-07-02,B2
INV0001576,20241231,STR0020,PRD00056,156,30,Adequate,19.5,2026-06-25,A1
INV0001577,20241231,STR0020,PRD00057,107,44,Adequate,8.9,2026-06-19,A1
INV0001578,20241231,STR0020,PRD00058,176,19,Adequate,88.0,2026-06-07,B2
INV0001579,20241231,STR0020,PRD00059,168,44,Adequate,33.6,2026-06-18,C2
INV0001580,20241231,STR0020,PRD00060,135,28,Adequate,13.5,2026-06-07,B2
INV0001581,20241231,STR0020,PRD00061,158,38,Adequate,22.6,2026-05-15,A2
INV0001582,20241231,STR0020,PRD00062,117,18,Adequate,117.0,2026-06-02,B2
INV0001583,20241231,STR0020,PRD00063,67,24,Adequate,67.0,2026-06-17,A2
INV0001584,20241231,STR0020,PRD00064,1,22,Reorder Required,0.2,2026-06-24,B1
INV0001585,20241231,STR0020,PRD00065,59,22,Adequate,19.7,2026-06-01,C2
INV0001586,20241231,STR0020,PRD00066,194,15,Adequate,27.7,2026-05-31,A2
INV0001587,20241231,STR0020,PRD00067,139,42,Adequate,13.9,2026-06-25,C1
INV0001588,20241231,STR0020,PRD00068,0,37,Reorder Required,0.0,2026-07-04,B1
INV0001589,20241231,STR0020,PRD00069,165,29,Adequate,11.0,2026-06-04,D1
INV0001590,20241231,STR0020,PRD00070,30,38,Reorder Required,2.0,2026-05-16,C1
INV0001591,20241231,STR0020,PRD00071,197,37,Adequate,49.2,2026-06-05,A2
INV0001592,20241231,STR0020,PRD00072,129,15,Adequate,11.7,2026-05-22,C2
INV0001593,20241231,STR0020,PRD00073,74,31,Adequate,4.9,2026-05-23,C2
INV0001594,20241231,STR0020,PRD00074,194,10,Adequate,14.9,2026-06-06,B1
INV0001595,20241231,STR0020,PRD00075,43,39,Adequate,3.3,2026-06-30,B1
INV0001596,20241231,STR0020,PRD00076,45,34,Adequate,7.5,2026-06-30,D1
INV0001597,20241231,STR0020,PRD00077,38,47,Reorder Required,3.2,2026-05-09,C2
INV0001598,20241231,STR0020,PRD00078,168,10,Adequate,168.0,2026-07-06,A2
INV0001599,20241231,STR0020,PRD00079,155,28,Adequate,17.2,2026-06-06,C1
INV0001600,20241231,STR0020,PRD00080,84,11,Adequate,12.0,2026-06-30,D1
INV0001601,20241231,STR0021,PRD00001,179,50,Adequate,14.9,2026-06-17,B1
INV0001602,20241231,STR0021,PRD00002,68,17,Adequate,68.0,2026-06-01,C1
INV0001603,20241231,STR0021,PRD00003,19,44,Reorder Required,1.9,2026-05-27,A2
INV0001604,20241231,STR0021,PRD00004,100,27,Adequate,14.3,2026-06-21,C1
INV0001605,20241231,STR0021,PRD00005,191,40,Adequate,95.5,2026-06-01,A1
INV0001606,20241231,STR0021,PRD00006,53,33,Adequate,4.4,2026-06-29,D1
INV0001607,20241231,STR0021,PRD00007,169,39,Adequate,13.0,2026-05-26,C1
INV0001608,20241231,STR0021,PRD00008,155,20,Adequate,38.8,2026-06-24,C1
INV0001609,20241231,STR0021,PRD00009,192,38,Adequate,17.5,2026-06-07,C2
INV0001610,20241231,STR0021,PRD00010,36,30,Adequate,9.0,2026-06-30,B2
INV0001611,20241231,STR0021,PRD00011,70,36,Adequate,4.7,2026-06-14,D1
INV0001612,20241231,STR0021,PRD00012,0,13,Reorder Required,0.0,2026-06-19,B1
INV0001613,20241231,STR0021,PRD00013,93,34,Adequate,15.5,2026-06-10,B1
INV0001614,20241231,STR0021,PRD00014,43,27,Adequate,3.3,2026-07-02,B2
INV0001615,20241231,STR0021,PRD00015,181,27,Adequate,25.9,2026-06-11,D1
INV0001616,20241231,STR0021,PRD00016,58,31,Adequate,9.7,2026-07-01,A2
INV0001617,20241231,STR0021,PRD00017,53,50,Adequate,53.0,2026-05-08,C2
INV0001618,20241231,STR0021,PRD00018,72,24,Adequate,6.0,2026-06-24,D1
INV0001619,20241231,STR0021,PRD00019,84,23,Adequate,84.0,2026-05-09,C1
INV0001620,20241231,STR0021,PRD00020,85,37,Adequate,6.1,2026-06-30,D1
INV0001621,20241231,STR0021,PRD00021,129,24,Adequate,10.8,2026-05-13,A2
INV0001622,20241231,STR0021,PRD00022,124,12,Adequate,10.3,2026-06-04,B2
INV0001623,20241231,STR0021,PRD00023,92,37,Adequate,18.4,2026-06-27,D1
INV0001624,20241231,STR0021,PRD00024,72,16,Adequate,18.0,2026-06-25,C1
INV0001625,20241231,STR0021,PRD00025,95,36,Adequate,47.5,2026-06-13,D1
INV0001626,20241231,STR0021,PRD00026,163,15,Adequate,16.3,2026-05-26,A2
INV0001627,20241231,STR0021,PRD00027,193,46,Adequate,24.1,2026-05-08,B2
INV0001628,20241231,STR0021,PRD00028,126,18,Adequate,15.8,2026-05-10,D1
INV0001629,20241231,STR0021,PRD00029,38,10,Adequate,3.5,2026-06-24,B2
INV0001630,20241231,STR0021,PRD00030,169,12,Adequate,13.0,2026-05-08,C1
INV0001631,20241231,STR0021,PRD00031,186,44,Adequate,62.0,2026-06-02,C1
INV0001632,20241231,STR0021,PRD00032,83,31,Adequate,6.9,2026-05-12,B2
INV0001633,20241231,STR0021,PRD00033,42,33,Adequate,42.0,2026-06-18,C1
INV0001634,20241231,STR0021,PRD00034,5,33,Reorder Required,0.4,2026-06-22,A2
INV0001635,20241231,STR0021,PRD00035,150,23,Adequate,15.0,2026-05-12,C1
INV0001636,20241231,STR0021,PRD00036,97,40,Adequate,19.4,2026-06-01,B1
INV0001637,20241231,STR0021,PRD00037,47,23,Adequate,4.7,2026-05-13,A1
INV0001638,20241231,STR0021,PRD00038,119,27,Adequate,11.9,2026-05-25,B2
INV0001639,20241231,STR0021,PRD00039,156,38,Adequate,12.0,2026-05-08,B2
INV0001640,20241231,STR0021,PRD00040,170,44,Adequate,15.5,2026-05-30,C2
INV0001641,20241231,STR0021,PRD00041,44,33,Adequate,7.3,2026-06-15,A1
INV0001642,20241231,STR0021,PRD00042,38,14,Adequate,4.2,2026-05-10,D1
INV0001643,20241231,STR0021,PRD00043,102,21,Adequate,12.8,2026-05-14,C2
INV0001644,20241231,STR0021,PRD00044,39,19,Adequate,13.0,2026-05-13,C2
INV0001645,20241231,STR0021,PRD00045,176,11,Adequate,17.6,2026-05-14,A2
INV0001646,20241231,STR0021,PRD00046,85,40,Adequate,17.0,2026-05-29,B1
INV0001647,20241231,STR0021,PRD00047,173,14,Adequate,43.2,2026-06-13,A1
INV0001648,20241231,STR0021,PRD00048,156,31,Adequate,12.0,2026-06-17,A2
INV0001649,20241231,STR0021,PRD00049,160,41,Adequate,17.8,2026-06-10,B2
INV0001650,20241231,STR0021,PRD00050,65,39,Adequate,7.2,2026-05-14,D1
INV0001651,20241231,STR0021,PRD00051,89,26,Adequate,6.8,2026-06-01,C2
INV0001652,20241231,STR0021,PRD00052,78,13,Adequate,8.7,2026-06-30,A2
INV0001653,20241231,STR0021,PRD00053,141,20,Adequate,9.4,2026-05-27,C2
INV0001654,20241231,STR0021,PRD00054,97,19,Adequate,6.9,2026-06-22,D1
INV0001655,20241231,STR0021,PRD00055,3,38,Reorder Required,3.0,2026-06-23,A1
INV0001656,20241231,STR0021,PRD00056,171,30,Adequate,24.4,2026-06-02,D1
INV0001657,20241231,STR0021,PRD00057,181,44,Adequate,30.2,2026-06-28,A1
INV0001658,20241231,STR0021,PRD00058,81,19,Adequate,7.4,2026-06-09,C2
INV0001659,20241231,STR0021,PRD00059,56,44,Adequate,4.7,2026-05-10,B1
INV0001660,20241231,STR0021,PRD00060,44,28,Adequate,11.0,2026-05-08,C2
INV0001661,20241231,STR0021,PRD00061,151,38,Adequate,11.6,2026-06-04,C2
INV0001662,20241231,STR0021,PRD00062,152,18,Adequate,19.0,2026-06-15,A2
INV0001663,20241231,STR0021,PRD00063,125,24,Adequate,62.5,2026-05-12,B1
INV0001664,20241231,STR0021,PRD00064,104,22,Adequate,6.9,2026-05-15,B1
INV0001665,20241231,STR0021,PRD00065,91,22,Adequate,13.0,2026-07-05,B2
INV0001666,20241231,STR0021,PRD00066,185,15,Adequate,92.5,2026-05-11,A2
INV0001667,20241231,STR0021,PRD00067,18,42,Reorder Required,3.0,2026-06-04,B2
INV0001668,20241231,STR0021,PRD00068,139,37,Adequate,139.0,2026-05-23,A1
INV0001669,20241231,STR0021,PRD00069,156,29,Adequate,13.0,2026-06-04,D1
INV0001670,20241231,STR0021,PRD00070,26,38,Reorder Required,1.7,2026-06-18,B1
INV0001671,20241231,STR0021,PRD00071,103,37,Adequate,103.0,2026-05-15,A2
INV0001672,20241231,STR0021,PRD00072,56,15,Adequate,14.0,2026-06-14,A1
INV0001673,20241231,STR0021,PRD00073,20,31,Reorder Required,2.5,2026-06-25,A1
INV0001674,20241231,STR0021,PRD00074,194,10,Adequate,97.0,2026-05-19,A1
INV0001675,20241231,STR0021,PRD00075,15,39,Reorder Required,1.7,2026-05-11,C2
INV0001676,20241231,STR0021,PRD00076,18,34,Reorder Required,4.5,2026-06-19,B2
INV0001677,20241231,STR0021,PRD00077,184,47,Adequate,30.7,2026-05-14,C2
INV0001678,20241231,STR0021,PRD00078,176,10,Adequate,29.3,2026-06-29,A1
INV0001679,20241231,STR0021,PRD00079,92,28,Adequate,23.0,2026-05-29,B1
INV0001680,20241231,STR0021,PRD00080,79,11,Adequate,8.8,2026-07-02,C1
INV0001681,20241231,STR0022,PRD00001,62,50,Adequate,10.3,2026-05-29,B2
INV0001682,20241231,STR0022,PRD00002,198,17,Adequate,24.8,2026-06-10,D1
INV0001683,20241231,STR0022,PRD00003,9,44,Reorder Required,9.0,2026-06-03,D1
INV0001684,20241231,STR0022,PRD00004,182,27,Adequate,45.5,2026-05-28,C2
INV0001685,20241231,STR0022,PRD00005,47,40,Adequate,15.7,2026-06-04,A1
INV0001686,20241231,STR0022,PRD00006,93,33,Adequate,9.3,2026-06-29,B1
INV0001687,20241231,STR0022,PRD00007,134,39,Adequate,14.9,2026-06-01,B2
INV0001688,20241231,STR0022,PRD00008,138,20,Adequate,34.5,2026-05-31,D1
INV0001689,20241231,STR0022,PRD00009,178,38,Adequate,22.2,2026-06-12,B1
INV0001690,20241231,STR0022,PRD00010,49,30,Adequate,6.1,2026-06-13,C2
INV0001691,20241231,STR0022,PRD00011,11,36,Reorder Required,0.7,2026-06-10,B2
INV0001692,20241231,STR0022,PRD00012,173,13,Adequate,34.6,2026-07-03,A2
INV0001693,20241231,STR0022,PRD00013,10,34,Reorder Required,2.0,2026-06-20,B2
INV0001694,20241231,STR0022,PRD00014,180,27,Adequate,16.4,2026-06-14,D1
INV0001695,20241231,STR0022,PRD00015,15,27,Reorder Required,1.4,2026-07-03,B2
INV0001696,20241231,STR0022,PRD00016,47,31,Adequate,9.4,2026-07-01,B1
INV0001697,20241231,STR0022,PRD00017,102,50,Adequate,7.3,2026-06-12,D1
INV0001698,20241231,STR0022,PRD00018,167,24,Adequate,16.7,2026-07-06,A1
INV0001699,20241231,STR0022,PRD00019,192,23,Adequate,21.3,2026-05-08,A1
INV0001700,20241231,STR0022,PRD00020,136,37,Adequate,13.6,2026-06-13,B1
INV0001701,20241231,STR0022,PRD00021,93,24,Adequate,11.6,2026-06-18,A1
INV0001702,20241231,STR0022,PRD00022,18,12,Adequate,9.0,2026-05-31,C1
INV0001703,20241231,STR0022,PRD00023,178,37,Adequate,12.7,2026-06-02,D1
INV0001704,20241231,STR0022,PRD00024,127,16,Adequate,11.5,2026-05-22,B2
INV0001705,20241231,STR0022,PRD00025,79,36,Adequate,9.9,2026-06-13,D1
INV0001706,20241231,STR0022,PRD00026,54,15,Adequate,7.7,2026-05-21,D1
INV0001707,20241231,STR0022,PRD00027,200,46,Adequate,18.2,2026-05-09,A1
INV0001708,20241231,STR0022,PRD00028,41,18,Adequate,5.1,2026-07-05,C2
INV0001709,20241231,STR0022,PRD00029,33,10,Adequate,3.0,2026-05-19,C1
INV0001710,20241231,STR0022,PRD00030,193,12,Adequate,38.6,2026-05-09,C2
INV0001711,20241231,STR0022,PRD00031,31,44,Reorder Required,31.0,2026-06-10,C2
INV0001712,20241231,STR0022,PRD00032,194,31,Adequate,12.9,2026-06-30,C1
INV0001713,20241231,STR0022,PRD00033,35,33,Adequate,8.8,2026-06-12,C2
INV0001714,20241231,STR0022,PRD00034,100,33,Adequate,8.3,2026-05-30,C1
INV0001715,20241231,STR0022,PRD00035,112,23,Adequate,8.6,2026-06-14,D1
INV0001716,20241231,STR0022,PRD00036,61,40,Adequate,30.5,2026-05-26,A1
INV0001717,20241231,STR0022,PRD00037,92,23,Adequate,18.4,2026-06-14,C2
INV0001718,20241231,STR0022,PRD00038,5,27,Reorder Required,0.4,2026-05-09,A1
INV0001719,20241231,STR0022,PRD00039,60,38,Adequate,4.3,2026-06-11,A2
INV0001720,20241231,STR0022,PRD00040,74,44,Adequate,10.6,2026-05-12,C2
INV0001721,20241231,STR0022,PRD00041,86,33,Adequate,14.3,2026-06-12,C1
INV0001722,20241231,STR0022,PRD00042,73,14,Adequate,9.1,2026-05-13,A2
INV0001723,20241231,STR0022,PRD00043,136,21,Adequate,17.0,2026-05-18,A1
INV0001724,20241231,STR0022,PRD00044,101,19,Adequate,20.2,2026-05-16,A2
INV0001725,20241231,STR0022,PRD00045,39,11,Adequate,3.9,2026-05-16,A1
INV0001726,20241231,STR0022,PRD00046,110,40,Adequate,18.3,2026-05-21,A1
INV0001727,20241231,STR0022,PRD00047,100,14,Adequate,11.1,2026-06-20,B1
INV0001728,20241231,STR0022,PRD00048,62,31,Adequate,8.9,2026-06-01,A2
INV0001729,20241231,STR0022,PRD00049,70,41,Adequate,8.8,2026-06-20,A2
INV0001730,20241231,STR0022,PRD00050,46,39,Adequate,46.0,2026-06-21,A1
INV0001731,20241231,STR0022,PRD00051,32,26,Adequate,10.7,2026-06-28,B2
INV0001732,20241231,STR0022,PRD00052,185,13,Adequate,18.5,2026-06-17,A2
INV0001733,20241231,STR0022,PRD00053,96,20,Adequate,48.0,2026-07-04,A2
INV0001734,20241231,STR0022,PRD00054,54,19,Adequate,3.6,2026-05-18,C2
INV0001735,20241231,STR0022,PRD00055,2,38,Reorder Required,0.7,2026-07-04,D1
INV0001736,20241231,STR0022,PRD00056,35,30,Adequate,3.2,2026-06-03,B1
INV0001737,20241231,STR0022,PRD00057,38,44,Reorder Required,9.5,2026-07-03,C1
INV0001738,20241231,STR0022,PRD00058,162,19,Adequate,20.2,2026-05-17,A2
INV0001739,20241231,STR0022,PRD00059,90,44,Adequate,6.4,2026-06-03,C1
INV0001740,20241231,STR0022,PRD00060,177,28,Adequate,44.2,2026-06-28,D1
INV0001741,20241231,STR0022,PRD00061,179,38,Adequate,22.4,2026-05-17,A1
INV0001742,20241231,STR0022,PRD00062,151,18,Adequate,16.8,2026-07-04,C1
INV0001743,20241231,STR0022,PRD00063,74,24,Adequate,6.7,2026-06-24,D1
INV0001744,20241231,STR0022,PRD00064,92,22,Adequate,10.2,2026-07-02,A2
INV0001745,20241231,STR0022,PRD00065,61,22,Adequate,12.2,2026-05-29,B1
INV0001746,20241231,STR0022,PRD00066,45,15,Adequate,4.1,2026-06-21,A1
INV0001747,20241231,STR0022,PRD00067,63,42,Adequate,7.0,2026-06-26,C2
INV0001748,20241231,STR0022,PRD00068,76,37,Adequate,15.2,2026-05-16,C2
INV0001749,20241231,STR0022,PRD00069,76,29,Adequate,10.9,2026-06-14,B2
INV0001750,20241231,STR0022,PRD00070,40,38,Adequate,5.7,2026-05-19,B1
INV0001751,20241231,STR0022,PRD00071,175,37,Adequate,11.7,2026-07-03,B2
INV0001752,20241231,STR0022,PRD00072,164,15,Adequate,12.6,2026-07-04,B2
INV0001753,20241231,STR0022,PRD00073,46,31,Adequate,4.6,2026-06-28,C2
INV0001754,20241231,STR0022,PRD00074,121,10,Adequate,10.1,2026-07-03,C2
INV0001755,20241231,STR0022,PRD00075,59,39,Adequate,4.9,2026-05-17,A1
INV0001756,20241231,STR0022,PRD00076,109,34,Adequate,7.3,2026-07-01,A2
INV0001757,20241231,STR0022,PRD00077,52,47,Adequate,10.4,2026-05-19,D1
INV0001758,20241231,STR0022,PRD00078,40,10,Adequate,5.7,2026-06-04,C2
INV0001759,20241231,STR0022,PRD00079,10,28,Reorder Required,0.9,2026-05-31,A2
INV0001760,20241231,STR0022,PRD00080,28,11,Adequate,5.6,2026-06-09,D1
INV0001761,20241231,STR0023,PRD00001,73,50,Adequate,36.5,2026-05-26,B2
INV0001762,20241231,STR0023,PRD00002,157,17,Adequate,14.3,2026-05-21,C2
INV0001763,20241231,STR0023,PRD00003,156,44,Adequate,52.0,2026-06-22,B2
INV0001764,20241231,STR0023,PRD00004,166,27,Adequate,20.8,2026-06-29,B2
INV0001765,20241231,STR0023,PRD00005,36,40,Reorder Required,18.0,2026-06-04,D1
INV0001766,20241231,STR0023,PRD00006,131,33,Adequate,10.1,2026-05-20,A2
INV0001767,20241231,STR0023,PRD00007,75,39,Adequate,25.0,2026-06-09,C1
INV0001768,20241231,STR0023,PRD00008,111,20,Adequate,27.8,2026-07-02,C1
INV0001769,20241231,STR0023,PRD00009,122,38,Adequate,13.6,2026-06-12,C2
INV0001770,20241231,STR0023,PRD00010,163,30,Adequate,11.6,2026-06-16,B2
INV0001771,20241231,STR0023,PRD00011,136,36,Adequate,12.4,2026-06-10,B1
INV0001772,20241231,STR0023,PRD00012,161,13,Adequate,13.4,2026-05-27,B1
INV0001773,20241231,STR0023,PRD00013,83,34,Adequate,16.6,2026-06-27,B2
INV0001774,20241231,STR0023,PRD00014,154,27,Adequate,51.3,2026-06-17,B1
INV0001775,20241231,STR0023,PRD00015,133,27,Adequate,19.0,2026-05-17,C2
INV0001776,20241231,STR0023,PRD00016,45,31,Adequate,9.0,2026-05-24,B1
INV0001777,20241231,STR0023,PRD00017,31,50,Reorder Required,15.5,2026-06-10,B1
INV0001778,20241231,STR0023,PRD00018,106,24,Adequate,13.2,2026-05-18,B2
INV0001779,20241231,STR0023,PRD00019,10,23,Reorder Required,1.4,2026-05-09,A2
INV0001780,20241231,STR0023,PRD00020,8,37,Reorder Required,2.7,2026-05-13,C2
INV0001781,20241231,STR0023,PRD00021,50,24,Adequate,50.0,2026-06-12,B2
INV0001782,20241231,STR0023,PRD00022,154,12,Adequate,10.3,2026-06-25,B1
INV0001783,20241231,STR0023,PRD00023,107,37,Adequate,35.7,2026-05-14,A2
INV0001784,20241231,STR0023,PRD00024,191,16,Adequate,47.8,2026-05-20,A1
INV0001785,20241231,STR0023,PRD00025,173,36,Adequate,28.8,2026-05-24,A1
INV0001786,20241231,STR0023,PRD00026,54,15,Adequate,6.8,2026-05-29,B1
INV0001787,20241231,STR0023,PRD00027,191,46,Adequate,95.5,2026-06-01,C2
INV0001788,20241231,STR0023,PRD00028,89,18,Adequate,89.0,2026-06-23,D1
INV0001789,20241231,STR0023,PRD00029,161,10,Adequate,53.7,2026-06-21,D1
INV0001790,20241231,STR0023,PRD00030,77,12,Adequate,12.8,2026-05-13,B1
INV0001791,20241231,STR0023,PRD00031,113,44,Adequate,18.8,2026-05-25,C1
INV0001792,20241231,STR0023,PRD00032,76,31,Adequate,38.0,2026-06-04,B2
INV0001793,20241231,STR0023,PRD00033,24,33,Reorder Required,2.2,2026-06-10,D1
INV0001794,20241231,STR0023,PRD00034,133,33,Adequate,10.2,2026-06-13,C2
INV0001795,20241231,STR0023,PRD00035,168,23,Adequate,28.0,2026-06-23,C2
INV0001796,20241231,STR0023,PRD00036,151,40,Adequate,25.2,2026-06-28,B2
INV0001797,20241231,STR0023,PRD00037,114,23,Adequate,38.0,2026-07-02,B2
INV0001798,20241231,STR0023,PRD00038,49,27,Adequate,49.0,2026-06-05,B2
INV0001799,20241231,STR0023,PRD00039,127,38,Adequate,14.1,2026-05-08,B1
INV0001800,20241231,STR0023,PRD00040,77,44,Adequate,5.1,2026-05-14,C1
INV0001801,20241231,STR0023,PRD00041,114,33,Adequate,22.8,2026-05-11,B2
INV0001802,20241231,STR0023,PRD00042,86,14,Adequate,10.8,2026-06-30,B1
INV0001803,20241231,STR0023,PRD00043,168,21,Adequate,28.0,2026-06-11,C2
INV0001804,20241231,STR0023,PRD00044,62,19,Adequate,5.2,2026-06-03,A2
INV0001805,20241231,STR0023,PRD00045,97,11,Adequate,24.2,2026-05-09,A2
INV0001806,20241231,STR0023,PRD00046,118,40,Adequate,16.9,2026-06-22,B1
INV0001807,20241231,STR0023,PRD00047,32,14,Adequate,8.0,2026-06-24,D1
INV0001808,20241231,STR0023,PRD00048,157,31,Adequate,15.7,2026-05-08,D1
INV0001809,20241231,STR0023,PRD00049,72,41,Adequate,10.3,2026-06-20,B1
INV0001810,20241231,STR0023,PRD00050,41,39,Adequate,41.0,2026-06-24,A1
INV0001811,20241231,STR0023,PRD00051,95,26,Adequate,8.6,2026-05-16,A1
INV0001812,20241231,STR0023,PRD00052,173,13,Adequate,34.6,2026-05-24,A1
INV0001813,20241231,STR0023,PRD00053,52,20,Adequate,4.0,2026-05-21,C1
INV0001814,20241231,STR0023,PRD00054,200,19,Adequate,25.0,2026-06-17,D1
INV0001815,20241231,STR0023,PRD00055,23,38,Reorder Required,2.6,2026-05-29,A2
INV0001816,20241231,STR0023,PRD00056,58,30,Adequate,58.0,2026-06-04,D1
INV0001817,20241231,STR0023,PRD00057,13,44,Reorder Required,4.3,2026-06-28,A2
INV0001818,20241231,STR0023,PRD00058,101,19,Adequate,50.5,2026-05-15,A1
INV0001819,20241231,STR0023,PRD00059,97,44,Adequate,8.1,2026-06-14,A1
INV0001820,20241231,STR0023,PRD00060,91,28,Adequate,6.5,2026-06-04,C1
INV0001821,20241231,STR0023,PRD00061,124,38,Adequate,13.8,2026-06-29,B1
INV0001822,20241231,STR0023,PRD00062,193,18,Adequate,12.9,2026-06-21,A1
INV0001823,20241231,STR0023,PRD00063,48,24,Adequate,12.0,2026-06-11,B2
INV0001824,20241231,STR0023,PRD00064,94,22,Adequate,94.0,2026-06-24,A2
INV0001825,20241231,STR0023,PRD00065,11,22,Reorder Required,2.2,2026-07-03,A2
INV0001826,20241231,STR0023,PRD00066,66,15,Adequate,8.2,2026-05-14,B2
INV0001827,20241231,STR0023,PRD00067,124,42,Adequate,13.8,2026-06-27,C1
INV0001828,20241231,STR0023,PRD00068,17,37,Reorder Required,2.1,2026-05-24,C2
INV0001829,20241231,STR0023,PRD00069,111,29,Adequate,11.1,2026-06-23,A2
INV0001830,20241231,STR0023,PRD00070,126,38,Adequate,11.5,2026-06-24,C2
INV0001831,20241231,STR0023,PRD00071,190,37,Adequate,17.3,2026-05-23,C2
INV0001832,20241231,STR0023,PRD00072,112,15,Adequate,8.0,2026-07-01,D1
INV0001833,20241231,STR0023,PRD00073,55,31,Adequate,3.9,2026-06-26,B1
INV0001834,20241231,STR0023,PRD00074,46,10,Adequate,9.2,2026-06-04,C1
INV0001835,20241231,STR0023,PRD00075,77,39,Adequate,15.4,2026-06-28,B1
INV0001836,20241231,STR0023,PRD00076,59,34,Adequate,6.6,2026-06-01,C1
INV0001837,20241231,STR0023,PRD00077,97,47,Adequate,7.5,2026-05-14,D1
INV0001838,20241231,STR0023,PRD00078,100,10,Adequate,9.1,2026-06-15,A2
INV0001839,20241231,STR0023,PRD00079,22,28,Reorder Required,4.4,2026-06-23,C1
INV0001840,20241231,STR0023,PRD00080,4,11,Reorder Required,0.8,2026-06-21,B1
INV0001841,20241231,STR0024,PRD00001,56,50,Adequate,9.3,2026-06-26,B2
INV0001842,20241231,STR0024,PRD00002,63,17,Adequate,6.3,2026-06-23,C2
INV0001843,20241231,STR0024,PRD00003,135,44,Adequate,12.3,2026-07-03,C2
INV0001844,20241231,STR0024,PRD00004,50,27,Adequate,12.5,2026-06-01,B1
INV0001845,20241231,STR0024,PRD00005,32,40,Reorder Required,2.7,2026-06-15,C2
INV0001846,20241231,STR0024,PRD00006,195,33,Adequate,97.5,2026-05-25,B2
INV0001847,20241231,STR0024,PRD00007,90,39,Adequate,6.0,2026-06-27,D1
INV0001848,20241231,STR0024,PRD00008,139,20,Adequate,34.8,2026-06-10,B1
INV0001849,20241231,STR0024,PRD00009,2,38,Reorder Required,0.7,2026-06-20,A2
INV0001850,20241231,STR0024,PRD00010,63,30,Adequate,9.0,2026-06-20,C2
INV0001851,20241231,STR0024,PRD00011,43,36,Adequate,3.9,2026-05-13,C2
INV0001852,20241231,STR0024,PRD00012,156,13,Adequate,26.0,2026-05-11,A2
INV0001853,20241231,STR0024,PRD00013,32,34,Reorder Required,6.4,2026-06-21,A2
INV0001854,20241231,STR0024,PRD00014,71,27,Adequate,7.9,2026-06-07,D1
INV0001855,20241231,STR0024,PRD00015,168,27,Adequate,18.7,2026-07-01,A2
INV0001856,20241231,STR0024,PRD00016,93,31,Adequate,18.6,2026-05-25,C2
INV0001857,20241231,STR0024,PRD00017,190,50,Adequate,19.0,2026-06-07,C2
INV0001858,20241231,STR0024,PRD00018,51,24,Adequate,8.5,2026-06-04,B1
INV0001859,20241231,STR0024,PRD00019,116,23,Adequate,16.6,2026-06-28,C1
INV0001860,20241231,STR0024,PRD00020,110,37,Adequate,55.0,2026-05-24,C2
INV0001861,20241231,STR0024,PRD00021,70,24,Adequate,35.0,2026-06-17,B2
INV0001862,20241231,STR0024,PRD00022,97,12,Adequate,6.5,2026-05-15,A2
INV0001863,20241231,STR0024,PRD00023,164,37,Adequate,11.7,2026-06-26,D1
INV0001864,20241231,STR0024,PRD00024,181,16,Adequate,15.1,2026-06-07,B1
INV0001865,20241231,STR0024,PRD00025,165,36,Adequate,13.8,2026-06-19,A2
INV0001866,20241231,STR0024,PRD00026,27,15,Adequate,1.9,2026-05-18,B2
INV0001867,20241231,STR0024,PRD00027,145,46,Adequate,12.1,2026-06-02,C2
INV0001868,20241231,STR0024,PRD00028,27,18,Adequate,4.5,2026-05-09,A2
INV0001869,20241231,STR0024,PRD00029,22,10,Adequate,1.8,2026-06-21,B1
INV0001870,20241231,STR0024,PRD00030,66,12,Adequate,13.2,2026-05-11,A2
INV0001871,20241231,STR0024,PRD00031,125,44,Adequate,41.7,2026-06-10,B1
INV0001872,20241231,STR0024,PRD00032,107,31,Adequate,7.1,2026-06-01,C1
INV0001873,20241231,STR0024,PRD00033,144,33,Adequate,48.0,2026-05-15,B2
INV0001874,20241231,STR0024,PRD00034,36,33,Adequate,36.0,2026-06-15,B1
INV0001875,20241231,STR0024,PRD00035,58,23,Adequate,5.8,2026-05-29,C2
INV0001876,20241231,STR0024,PRD00036,191,40,Adequate,38.2,2026-05-21,C1
INV0001877,20241231,STR0024,PRD00037,160,23,Adequate,53.3,2026-07-06,A2
INV0001878,20241231,STR0024,PRD00038,156,27,Adequate,156.0,2026-07-04,A2
INV0001879,20241231,STR0024,PRD00039,39,38,Adequate,9.8,2026-06-12,B1
INV0001880,20241231,STR0024,PRD00040,18,44,Reorder Required,1.6,2026-05-24,C1
INV0001881,20241231,STR0024,PRD00041,143,33,Adequate,20.4,2026-06-08,B1
INV0001882,20241231,STR0024,PRD00042,200,14,Adequate,16.7,2026-05-31,B2
INV0001883,20241231,STR0024,PRD00043,10,21,Reorder Required,1.2,2026-06-09,B2
INV0001884,20241231,STR0024,PRD00044,163,19,Adequate,16.3,2026-06-21,B2
INV0001885,20241231,STR0024,PRD00045,184,11,Adequate,184.0,2026-05-13,C2
INV0001886,20241231,STR0024,PRD00046,184,40,Adequate,36.8,2026-06-23,D1
INV0001887,20241231,STR0024,PRD00047,116,14,Adequate,58.0,2026-06-10,B1
INV0001888,20241231,STR0024,PRD00048,50,31,Adequate,16.7,2026-06-28,A2
INV0001889,20241231,STR0024,PRD00049,25,41,Reorder Required,4.2,2026-06-20,D1
INV0001890,20241231,STR0024,PRD00050,147,39,Adequate,18.4,2026-07-06,A1
INV0001891,20241231,STR0024,PRD00051,94,26,Adequate,23.5,2026-06-09,A2
INV0001892,20241231,STR0024,PRD00052,134,13,Adequate,26.8,2026-07-01,A2
INV0001893,20241231,STR0024,PRD00053,178,20,Adequate,59.3,2026-06-30,A2
INV0001894,20241231,STR0024,PRD00054,18,19,Reorder Required,1.5,2026-05-14,A2
INV0001895,20241231,STR0024,PRD00055,177,38,Adequate,88.5,2026-05-11,B1
INV0001896,20241231,STR0024,PRD00056,81,30,Adequate,27.0,2026-06-10,C1
INV0001897,20241231,STR0024,PRD00057,87,44,Adequate,14.5,2026-06-21,A2
INV0001898,20241231,STR0024,PRD00058,29,19,Adequate,5.8,2026-06-08,B1
INV0001899,20241231,STR0024,PRD00059,196,44,Adequate,65.3,2026-05-09,A1
INV0001900,20241231,STR0024,PRD00060,28,28,Reorder Required,9.3,2026-05-11,D1
INV0001901,20241231,STR0024,PRD00061,162,38,Adequate,14.7,2026-05-21,B2
INV0001902,20241231,STR0024,PRD00062,51,18,Adequate,10.2,2026-07-04,A1
INV0001903,20241231,STR0024,PRD00063,93,24,Adequate,7.2,2026-06-22,B1
INV0001904,20241231,STR0024,PRD00064,85,22,Adequate,42.5,2026-07-03,B1
INV0001905,20241231,STR0024,PRD00065,80,22,Adequate,13.3,2026-05-16,A1
INV0001906,20241231,STR0024,PRD00066,48,15,Adequate,16.0,2026-05-16,C2
INV0001907,20241231,STR0024,PRD00067,160,42,Adequate,22.9,2026-05-25,B1
INV0001908,20241231,STR0024,PRD00068,13,37,Reorder Required,6.5,2026-05-10,A2
INV0001909,20241231,STR0024,PRD00069,50,29,Adequate,16.7,2026-06-28,B1
INV0001910,20241231,STR0024,PRD00070,126,38,Adequate,126.0,2026-06-01,A2
INV0001911,20241231,STR0024,PRD00071,34,37,Reorder Required,3.8,2026-05-28,B1
INV0001912,20241231,STR0024,PRD00072,59,15,Adequate,6.6,2026-06-03,B1
INV0001913,20241231,STR0024,PRD00073,49,31,Adequate,5.4,2026-06-30,C2
INV0001914,20241231,STR0024,PRD00074,80,10,Adequate,40.0,2026-05-15,C2
INV0001915,20241231,STR0024,PRD00075,42,39,Adequate,2.8,2026-06-26,C1
INV0001916,20241231,STR0024,PRD00076,160,34,Adequate,17.8,2026-06-20,C1
INV0001917,20241231,STR0024,PRD00077,125,47,Adequate,25.0,2026-05-28,C1
INV0001918,20241231,STR0024,PRD00078,147,10,Adequate,36.8,2026-05-27,B2
INV0001919,20241231,STR0024,PRD00079,40,28,Adequate,6.7,2026-06-14,B1
INV0001920,20241231,STR0024,PRD00080,135,11,Adequate,27.0,2026-05-31,C2
INV0001921,20241231,STR0025,PRD00001,83,50,Adequate,11.9,2026-05-12,D1
INV0001922,20241231,STR0025,PRD00002,0,17,Reorder Required,0.0,2026-07-03,D1
INV0001923,20241231,STR0025,PRD00003,141,44,Adequate,23.5,2026-06-24,B2
INV0001924,20241231,STR0025,PRD00004,193,27,Adequate,24.1,2026-06-06,D1
INV0001925,20241231,STR0025,PRD00005,137,40,Adequate,9.1,2026-06-24,C2
INV0001926,20241231,STR0025,PRD00006,15,33,Reorder Required,1.2,2026-06-03,A1
INV0001927,20241231,STR0025,PRD00007,72,39,Adequate,24.0,2026-05-18,C2
INV0001928,20241231,STR0025,PRD00008,125,20,Adequate,25.0,2026-05-20,C2
INV0001929,20241231,STR0025,PRD00009,73,38,Adequate,36.5,2026-05-21,A2
INV0001930,20241231,STR0025,PRD00010,85,30,Adequate,85.0,2026-06-15,A2
INV0001931,20241231,STR0025,PRD00011,94,36,Adequate,15.7,2026-05-15,B2
INV0001932,20241231,STR0025,PRD00012,188,13,Adequate,47.0,2026-05-15,C1
INV0001933,20241231,STR0025,PRD00013,86,34,Adequate,6.6,2026-05-26,C2
INV0001934,20241231,STR0025,PRD00014,138,27,Adequate,46.0,2026-05-25,A2
INV0001935,20241231,STR0025,PRD00015,23,27,Reorder Required,4.6,2026-05-24,C2
INV0001936,20241231,STR0025,PRD00016,145,31,Adequate,145.0,2026-05-13,A2
INV0001937,20241231,STR0025,PRD00017,185,50,Adequate,16.8,2026-05-31,A2
INV0001938,20241231,STR0025,PRD00018,141,24,Adequate,12.8,2026-06-01,C2
INV0001939,20241231,STR0025,PRD00019,102,23,Adequate,12.8,2026-06-27,C2
INV0001940,20241231,STR0025,PRD00020,159,37,Adequate,19.9,2026-05-31,C2
INV0001941,20241231,STR0025,PRD00021,175,24,Adequate,58.3,2026-05-22,C1
INV0001942,20241231,STR0025,PRD00022,150,12,Adequate,50.0,2026-06-07,A2
INV0001943,20241231,STR0025,PRD00023,155,37,Adequate,31.0,2026-06-07,B1
INV0001944,20241231,STR0025,PRD00024,145,16,Adequate,36.2,2026-05-31,D1
INV0001945,20241231,STR0025,PRD00025,13,36,Reorder Required,3.2,2026-06-19,B1
INV0001946,20241231,STR0025,PRD00026,171,15,Adequate,19.0,2026-06-27,C1
INV0001947,20241231,STR0025,PRD00027,114,46,Adequate,12.7,2026-05-17,D1
INV0001948,20241231,STR0025,PRD00028,77,18,Adequate,5.9,2026-06-01,D1
INV0001949,20241231,STR0025,PRD00029,198,10,Adequate,15.2,2026-06-17,D1
INV0001950,20241231,STR0025,PRD00030,169,12,Adequate,33.8,2026-07-02,A1
INV0001951,20241231,STR0025,PRD00031,112,44,Adequate,9.3,2026-06-06,C2
INV0001952,20241231,STR0025,PRD00032,113,31,Adequate,113.0,2026-05-13,C1
INV0001953,20241231,STR0025,PRD00033,149,33,Adequate,10.6,2026-06-11,C2
INV0001954,20241231,STR0025,PRD00034,200,33,Adequate,33.3,2026-06-19,D1
INV0001955,20241231,STR0025,PRD00035,156,23,Adequate,13.0,2026-05-10,A2
INV0001956,20241231,STR0025,PRD00036,190,40,Adequate,190.0,2026-07-01,D1
INV0001957,20241231,STR0025,PRD00037,113,23,Adequate,14.1,2026-05-24,C1
INV0001958,20241231,STR0025,PRD00038,53,27,Adequate,13.2,2026-06-03,B2
INV0001959,20241231,STR0025,PRD00039,139,38,Adequate,9.3,2026-05-19,A1
INV0001960,20241231,STR0025,PRD00040,82,44,Adequate,11.7,2026-05-17,C2
INV0001961,20241231,STR0025,PRD00041,137,33,Adequate,10.5,2026-06-15,C2
INV0001962,20241231,STR0025,PRD00042,107,14,Adequate,35.7,2026-06-09,A2
INV0001963,20241231,STR0025,PRD00043,19,21,Reorder Required,6.3,2026-05-15,D1
INV0001964,20241231,STR0025,PRD00044,73,19,Adequate,14.6,2026-07-04,D1
INV0001965,20241231,STR0025,PRD00045,27,11,Adequate,5.4,2026-06-02,C1
INV0001966,20241231,STR0025,PRD00046,105,40,Adequate,8.8,2026-06-13,A2
INV0001967,20241231,STR0025,PRD00047,20,14,Adequate,6.7,2026-05-27,B2
INV0001968,20241231,STR0025,PRD00048,30,31,Reorder Required,4.3,2026-06-13,C1
INV0001969,20241231,STR0025,PRD00049,42,41,Adequate,42.0,2026-06-05,A1
INV0001970,20241231,STR0025,PRD00050,191,39,Adequate,17.4,2026-06-03,B2
INV0001971,20241231,STR0025,PRD00051,192,26,Adequate,64.0,2026-06-04,B1
INV0001972,20241231,STR0025,PRD00052,168,13,Adequate,12.9,2026-07-06,B1
INV0001973,20241231,STR0025,PRD00053,155,20,Adequate,12.9,2026-05-27,D1
INV0001974,20241231,STR0025,PRD00054,32,19,Adequate,10.7,2026-07-05,C1
INV0001975,20241231,STR0025,PRD00055,110,38,Adequate,9.2,2026-05-08,B1
INV0001976,20241231,STR0025,PRD00056,144,30,Adequate,10.3,2026-07-05,B2
INV0001977,20241231,STR0025,PRD00057,67,44,Adequate,4.8,2026-05-12,C2
INV0001978,20241231,STR0025,PRD00058,135,19,Adequate,19.3,2026-07-03,D1
INV0001979,20241231,STR0025,PRD00059,65,44,Adequate,5.0,2026-06-15,A1
INV0001980,20241231,STR0025,PRD00060,195,28,Adequate,39.0,2026-06-03,A1
INV0001981,20241231,STR0025,PRD00061,89,38,Adequate,8.9,2026-07-01,D1
INV0001982,20241231,STR0025,PRD00062,91,18,Adequate,7.6,2026-06-18,B1
INV0001983,20241231,STR0025,PRD00063,139,24,Adequate,34.8,2026-06-28,B1
INV0001984,20241231,STR0025,PRD00064,138,22,Adequate,9.9,2026-06-06,A2
INV0001985,20241231,STR0025,PRD00065,64,22,Adequate,4.3,2026-06-05,B1
INV0001986,20241231,STR0025,PRD00066,198,15,Adequate,15.2,2026-05-30,A1
INV0001987,20241231,STR0025,PRD00067,104,42,Adequate,6.9,2026-06-30,C2
INV0001988,20241231,STR0025,PRD00068,89,37,Adequate,89.0,2026-05-28,D1
INV0001989,20241231,STR0025,PRD00069,83,29,Adequate,13.8,2026-06-18,C1
INV0001990,20241231,STR0025,PRD00070,98,38,Adequate,49.0,2026-06-16,C1
INV0001991,20241231,STR0025,PRD00071,188,37,Adequate,47.0,2026-05-12,A1
INV0001992,20241231,STR0025,PRD00072,80,15,Adequate,5.3,2026-06-22,C1
INV0001993,20241231,STR0025,PRD00073,74,31,Adequate,12.3,2026-06-05,C2
INV0001994,20241231,STR0025,PRD00074,50,10,Adequate,4.2,2026-06-20,A1
INV0001995,20241231,STR0025,PRD00075,119,39,Adequate,23.8,2026-05-30,B2
INV0001996,20241231,STR0025,PRD00076,193,34,Adequate,14.8,2026-05-31,D1
INV0001997,20241231,STR0025,PRD00077,85,47,Adequate,12.1,2026-06-27,C1
INV0001998,20241231,STR0025,PRD00078,103,10,Adequate,20.6,2026-06-08,C1
INV0001999,20241231,STR0025,PRD00079,138,28,Adequate,69.0,2026-06-22,C2
INV0002000,20241231,STR0025,PRD00080,65,11,Adequate,65.0,2026-05-13,C2
INV0002001,20241231,STR0026,PRD00001,69,50,Adequate,23.0,2026-06-05,B2
INV0002002,20241231,STR0026,PRD00002,156,17,Adequate,11.1,2026-05-10,B1
INV0002003,20241231,STR0026,PRD00003,35,44,Reorder Required,2.7,2026-07-03,A2
INV0002004,20241231,STR0026,PRD00004,39,27,Adequate,7.8,2026-05-29,D1
INV0002005,20241231,STR0026,PRD00005,97,40,Adequate,13.9,2026-07-06,A2
INV0002006,20241231,STR0026,PRD00006,195,33,Adequate,27.9,2026-06-19,A1
INV0002007,20241231,STR0026,PRD00007,113,39,Adequate,18.8,2026-05-17,C1
INV0002008,20241231,STR0026,PRD00008,123,20,Adequate,10.2,2026-05-12,C1
INV0002009,20241231,STR0026,PRD00009,17,38,Reorder Required,5.7,2026-06-08,B1
INV0002010,20241231,STR0026,PRD00010,54,30,Adequate,10.8,2026-06-03,B1
INV0002011,20241231,STR0026,PRD00011,133,36,Adequate,14.8,2026-07-03,B2
INV0002012,20241231,STR0026,PRD00012,140,13,Adequate,35.0,2026-06-04,A1
INV0002013,20241231,STR0026,PRD00013,120,34,Adequate,8.6,2026-06-29,A2
INV0002014,20241231,STR0026,PRD00014,93,27,Adequate,18.6,2026-06-29,A1
INV0002015,20241231,STR0026,PRD00015,154,27,Adequate,11.0,2026-06-16,A2
INV0002016,20241231,STR0026,PRD00016,171,31,Adequate,15.5,2026-06-25,B1
INV0002017,20241231,STR0026,PRD00017,0,50,Reorder Required,0.0,2026-05-23,A1
INV0002018,20241231,STR0026,PRD00018,12,24,Reorder Required,0.9,2026-05-29,A1
INV0002019,20241231,STR0026,PRD00019,70,23,Adequate,5.4,2026-05-16,C1
INV0002020,20241231,STR0026,PRD00020,98,37,Adequate,6.5,2026-05-16,B1
INV0002021,20241231,STR0026,PRD00021,87,24,Adequate,21.8,2026-05-16,D1
INV0002022,20241231,STR0026,PRD00022,177,12,Adequate,14.8,2026-06-20,C2
INV0002023,20241231,STR0026,PRD00023,192,37,Adequate,16.0,2026-06-30,B2
INV0002024,20241231,STR0026,PRD00024,32,16,Adequate,2.1,2026-06-22,B2
INV0002025,20241231,STR0026,PRD00025,11,36,Reorder Required,0.8,2026-06-06,C1
INV0002026,20241231,STR0026,PRD00026,86,15,Adequate,7.2,2026-07-04,A2
INV0002027,20241231,STR0026,PRD00027,21,46,Reorder Required,10.5,2026-05-18,B1
INV0002028,20241231,STR0026,PRD00028,66,18,Adequate,9.4,2026-06-14,B1
INV0002029,20241231,STR0026,PRD00029,148,10,Adequate,37.0,2026-05-22,A2
INV0002030,20241231,STR0026,PRD00030,22,12,Adequate,1.7,2026-06-17,A2
INV0002031,20241231,STR0026,PRD00031,23,44,Reorder Required,3.8,2026-05-16,A2
INV0002032,20241231,STR0026,PRD00032,112,31,Adequate,14.0,2026-05-28,B1
INV0002033,20241231,STR0026,PRD00033,82,33,Adequate,27.3,2026-06-01,A2
INV0002034,20241231,STR0026,PRD00034,113,33,Adequate,56.5,2026-05-20,C1
INV0002035,20241231,STR0026,PRD00035,140,23,Adequate,11.7,2026-05-11,A2
INV0002036,20241231,STR0026,PRD00036,86,40,Adequate,5.7,2026-06-30,B2
INV0002037,20241231,STR0026,PRD00037,185,23,Adequate,14.2,2026-06-06,C1
INV0002038,20241231,STR0026,PRD00038,69,27,Adequate,5.8,2026-07-01,D1
INV0002039,20241231,STR0026,PRD00039,13,38,Reorder Required,1.2,2026-06-06,B1
INV0002040,20241231,STR0026,PRD00040,52,44,Adequate,5.2,2026-05-22,C2
INV0002041,20241231,STR0026,PRD00041,135,33,Adequate,135.0,2026-05-19,A2
INV0002042,20241231,STR0026,PRD00042,170,14,Adequate,24.3,2026-05-20,B2
INV0002043,20241231,STR0026,PRD00043,46,21,Adequate,46.0,2026-06-28,A1
INV0002044,20241231,STR0026,PRD00044,95,19,Adequate,23.8,2026-06-06,C2
INV0002045,20241231,STR0026,PRD00045,158,11,Adequate,52.7,2026-06-14,C2
INV0002046,20241231,STR0026,PRD00046,189,40,Adequate,18.9,2026-05-10,C2
INV0002047,20241231,STR0026,PRD00047,79,14,Adequate,5.6,2026-07-02,A2
INV0002048,20241231,STR0026,PRD00048,73,31,Adequate,6.6,2026-06-08,C2
INV0002049,20241231,STR0026,PRD00049,46,41,Adequate,11.5,2026-05-31,B2
INV0002050,20241231,STR0026,PRD00050,155,39,Adequate,31.0,2026-05-20,A1
INV0002051,20241231,STR0026,PRD00051,7,26,Reorder Required,0.7,2026-05-18,B2
INV0002052,20241231,STR0026,PRD00052,117,13,Adequate,39.0,2026-05-29,C2
INV0002053,20241231,STR0026,PRD00053,73,20,Adequate,18.2,2026-06-25,A2
INV0002054,20241231,STR0026,PRD00054,190,19,Adequate,17.3,2026-07-04,C2
INV0002055,20241231,STR0026,PRD00055,182,38,Adequate,12.1,2026-05-16,C1
INV0002056,20241231,STR0026,PRD00056,29,30,Reorder Required,14.5,2026-05-08,D1
INV0002057,20241231,STR0026,PRD00057,23,44,Reorder Required,3.8,2026-07-01,D1
INV0002058,20241231,STR0026,PRD00058,118,19,Adequate,23.6,2026-05-22,A1
INV0002059,20241231,STR0026,PRD00059,22,44,Reorder Required,3.1,2026-05-10,C1
INV0002060,20241231,STR0026,PRD00060,101,28,Adequate,14.4,2026-05-12,A1
INV0002061,20241231,STR0026,PRD00061,42,38,Adequate,8.4,2026-05-22,A1
INV0002062,20241231,STR0026,PRD00062,157,18,Adequate,157.0,2026-06-03,B1
INV0002063,20241231,STR0026,PRD00063,83,24,Adequate,27.7,2026-05-15,A2
INV0002064,20241231,STR0026,PRD00064,33,22,Adequate,2.2,2026-06-17,A2
INV0002065,20241231,STR0026,PRD00065,71,22,Adequate,35.5,2026-05-09,C1
INV0002066,20241231,STR0026,PRD00066,93,15,Adequate,7.8,2026-05-18,C1
INV0002067,20241231,STR0026,PRD00067,25,42,Reorder Required,2.5,2026-05-21,A1
INV0002068,20241231,STR0026,PRD00068,131,37,Adequate,65.5,2026-05-09,B1
INV0002069,20241231,STR0026,PRD00069,59,29,Adequate,9.8,2026-06-09,A2
INV0002070,20241231,STR0026,PRD00070,87,38,Adequate,43.5,2026-07-02,A1
INV0002071,20241231,STR0026,PRD00071,41,37,Adequate,3.4,2026-06-26,B2
INV0002072,20241231,STR0026,PRD00072,46,15,Adequate,5.8,2026-06-05,C2
INV0002073,20241231,STR0026,PRD00073,188,31,Adequate,15.7,2026-06-16,A1
INV0002074,20241231,STR0026,PRD00074,159,10,Adequate,79.5,2026-05-20,B2
INV0002075,20241231,STR0026,PRD00075,138,39,Adequate,11.5,2026-06-22,A2
INV0002076,20241231,STR0026,PRD00076,138,34,Adequate,27.6,2026-06-12,D1
INV0002077,20241231,STR0026,PRD00077,105,47,Adequate,26.2,2026-05-27,B1
INV0002078,20241231,STR0026,PRD00078,80,10,Adequate,5.7,2026-06-14,A2
INV0002079,20241231,STR0026,PRD00079,100,28,Adequate,7.7,2026-05-26,A2
INV0002080,20241231,STR0026,PRD00080,45,11,Adequate,45.0,2026-06-18,A1
INV0002081,20241231,STR0027,PRD00001,47,50,Reorder Required,3.6,2026-06-29,C1
INV0002082,20241231,STR0027,PRD00002,0,17,Reorder Required,0.0,2026-07-04,B1
INV0002083,20241231,STR0027,PRD00003,143,44,Adequate,71.5,2026-05-28,C1
INV0002084,20241231,STR0027,PRD00004,1,27,Reorder Required,0.2,2026-07-03,A1
INV0002085,20241231,STR0027,PRD00005,163,40,Adequate,18.1,2026-06-06,B1
INV0002086,20241231,STR0027,PRD00006,33,33,Reorder Required,3.7,2026-05-10,C1
INV0002087,20241231,STR0027,PRD00007,177,39,Adequate,88.5,2026-06-20,D1
INV0002088,20241231,STR0027,PRD00008,159,20,Adequate,10.6,2026-06-05,C2
INV0002089,20241231,STR0027,PRD00009,142,38,Adequate,14.2,2026-06-28,A2
INV0002090,20241231,STR0027,PRD00010,88,30,Adequate,88.0,2026-05-27,B1
INV0002091,20241231,STR0027,PRD00011,43,36,Adequate,6.1,2026-06-19,C2
INV0002092,20241231,STR0027,PRD00012,148,13,Adequate,14.8,2026-05-16,C1
INV0002093,20241231,STR0027,PRD00013,157,34,Adequate,157.0,2026-05-16,C1
INV0002094,20241231,STR0027,PRD00014,161,27,Adequate,11.5,2026-05-15,C2
INV0002095,20241231,STR0027,PRD00015,180,27,Adequate,15.0,2026-06-05,C1
INV0002096,20241231,STR0027,PRD00016,93,31,Adequate,9.3,2026-06-10,B2
INV0002097,20241231,STR0027,PRD00017,67,50,Adequate,7.4,2026-06-16,B2
INV0002098,20241231,STR0027,PRD00018,85,24,Adequate,7.7,2026-06-07,A2
INV0002099,20241231,STR0027,PRD00019,190,23,Adequate,13.6,2026-05-12,B2
INV0002100,20241231,STR0027,PRD00020,92,37,Adequate,7.1,2026-05-30,C2
INV0002101,20241231,STR0027,PRD00021,18,24,Reorder Required,2.2,2026-06-05,C2
INV0002102,20241231,STR0027,PRD00022,67,12,Adequate,11.2,2026-05-11,A2
INV0002103,20241231,STR0027,PRD00023,138,37,Adequate,12.5,2026-06-14,A2
INV0002104,20241231,STR0027,PRD00024,93,16,Adequate,8.5,2026-05-28,C2
INV0002105,20241231,STR0027,PRD00025,133,36,Adequate,10.2,2026-06-17,A2
INV0002106,20241231,STR0027,PRD00026,36,15,Adequate,3.3,2026-06-25,A2
INV0002107,20241231,STR0027,PRD00027,4,46,Reorder Required,0.3,2026-05-20,D1
INV0002108,20241231,STR0027,PRD00028,71,18,Adequate,5.9,2026-06-13,B1
INV0002109,20241231,STR0027,PRD00029,175,10,Adequate,43.8,2026-07-04,A1
INV0002110,20241231,STR0027,PRD00030,193,12,Adequate,24.1,2026-05-13,D1
INV0002111,20241231,STR0027,PRD00031,136,44,Adequate,68.0,2026-07-06,A2
INV0002112,20241231,STR0027,PRD00032,131,31,Adequate,32.8,2026-06-28,C1
INV0002113,20241231,STR0027,PRD00033,119,33,Adequate,19.8,2026-05-18,A2
INV0002114,20241231,STR0027,PRD00034,42,33,Adequate,2.8,2026-06-12,D1
INV0002115,20241231,STR0027,PRD00035,144,23,Adequate,16.0,2026-05-25,B1
INV0002116,20241231,STR0027,PRD00036,113,40,Adequate,16.1,2026-05-31,C1
INV0002117,20241231,STR0027,PRD00037,48,23,Adequate,5.3,2026-05-27,B1
INV0002118,20241231,STR0027,PRD00038,69,27,Adequate,11.5,2026-05-14,B1
INV0002119,20241231,STR0027,PRD00039,45,38,Adequate,15.0,2026-06-11,C2
INV0002120,20241231,STR0027,PRD00040,167,44,Adequate,12.8,2026-06-20,C1
INV0002121,20241231,STR0027,PRD00041,79,33,Adequate,8.8,2026-05-12,A2
INV0002122,20241231,STR0027,PRD00042,35,14,Adequate,4.4,2026-07-03,D1
INV0002123,20241231,STR0027,PRD00043,187,21,Adequate,23.4,2026-06-25,A2
INV0002124,20241231,STR0027,PRD00044,46,19,Adequate,23.0,2026-05-24,A2
INV0002125,20241231,STR0027,PRD00045,98,11,Adequate,24.5,2026-06-29,B1
INV0002126,20241231,STR0027,PRD00046,170,40,Adequate,13.1,2026-07-05,D1
INV0002127,20241231,STR0027,PRD00047,171,14,Adequate,24.4,2026-06-02,B1
INV0002128,20241231,STR0027,PRD00048,112,31,Adequate,37.3,2026-06-06,A1
INV0002129,20241231,STR0027,PRD00049,90,41,Adequate,45.0,2026-05-10,D1
INV0002130,20241231,STR0027,PRD00050,14,39,Reorder Required,3.5,2026-05-31,A2
INV0002131,20241231,STR0027,PRD00051,59,26,Adequate,8.4,2026-06-08,A1
INV0002132,20241231,STR0027,PRD00052,73,13,Adequate,73.0,2026-06-28,B1
INV0002133,20241231,STR0027,PRD00053,47,20,Adequate,9.4,2026-05-25,A2
INV0002134,20241231,STR0027,PRD00054,100,19,Adequate,33.3,2026-06-18,C2
INV0002135,20241231,STR0027,PRD00055,93,38,Adequate,23.2,2026-05-27,C2
INV0002136,20241231,STR0027,PRD00056,29,30,Reorder Required,2.9,2026-05-24,B1
INV0002137,20241231,STR0027,PRD00057,77,44,Adequate,38.5,2026-06-22,C1
INV0002138,20241231,STR0027,PRD00058,169,19,Adequate,18.8,2026-06-02,A1
INV0002139,20241231,STR0027,PRD00059,80,44,Adequate,40.0,2026-06-20,C2
INV0002140,20241231,STR0027,PRD00060,92,28,Adequate,10.2,2026-05-11,C1
INV0002141,20241231,STR0027,PRD00061,111,38,Adequate,37.0,2026-06-17,B1
INV0002142,20241231,STR0027,PRD00062,25,18,Adequate,6.2,2026-06-13,C2
INV0002143,20241231,STR0027,PRD00063,89,24,Adequate,8.9,2026-06-27,A1
INV0002144,20241231,STR0027,PRD00064,161,22,Adequate,13.4,2026-07-01,C1
INV0002145,20241231,STR0027,PRD00065,135,22,Adequate,33.8,2026-07-06,C2
INV0002146,20241231,STR0027,PRD00066,149,15,Adequate,18.6,2026-05-18,B1
INV0002147,20241231,STR0027,PRD00067,101,42,Adequate,14.4,2026-05-24,B2
INV0002148,20241231,STR0027,PRD00068,90,37,Adequate,6.4,2026-05-14,A2
INV0002149,20241231,STR0027,PRD00069,179,29,Adequate,13.8,2026-06-18,C1
INV0002150,20241231,STR0027,PRD00070,182,38,Adequate,26.0,2026-06-11,A1
INV0002151,20241231,STR0027,PRD00071,54,37,Adequate,6.8,2026-05-22,C2
INV0002152,20241231,STR0027,PRD00072,25,15,Adequate,3.1,2026-06-17,B1
INV0002153,20241231,STR0027,PRD00073,33,31,Adequate,5.5,2026-05-29,A2
INV0002154,20241231,STR0027,PRD00074,136,10,Adequate,17.0,2026-06-02,D1
INV0002155,20241231,STR0027,PRD00075,62,39,Adequate,10.3,2026-05-09,B2
INV0002156,20241231,STR0027,PRD00076,22,34,Reorder Required,3.7,2026-05-12,C1
INV0002157,20241231,STR0027,PRD00077,84,47,Adequate,5.6,2026-06-29,C2
INV0002158,20241231,STR0027,PRD00078,141,10,Adequate,9.4,2026-06-08,A2
INV0002159,20241231,STR0027,PRD00079,74,28,Adequate,74.0,2026-05-27,D1
INV0002160,20241231,STR0027,PRD00080,176,11,Adequate,25.1,2026-06-07,A2
INV0002161,20241231,STR0028,PRD00001,104,50,Adequate,17.3,2026-06-07,D1
INV0002162,20241231,STR0028,PRD00002,88,17,Adequate,12.6,2026-07-06,A2
INV0002163,20241231,STR0028,PRD00003,82,44,Adequate,10.2,2026-06-23,B1
INV0002164,20241231,STR0028,PRD00004,69,27,Adequate,23.0,2026-06-26,C2
INV0002165,20241231,STR0028,PRD00005,181,40,Adequate,60.3,2026-06-24,B2
INV0002166,20241231,STR0028,PRD00006,95,33,Adequate,8.6,2026-07-01,C1
INV0002167,20241231,STR0028,PRD00007,117,39,Adequate,39.0,2026-06-01,B1
INV0002168,20241231,STR0028,PRD00008,5,20,Reorder Required,2.5,2026-06-10,D1
INV0002169,20241231,STR0028,PRD00009,200,38,Adequate,15.4,2026-05-16,A2
INV0002170,20241231,STR0028,PRD00010,167,30,Adequate,27.8,2026-05-14,C1
INV0002171,20241231,STR0028,PRD00011,73,36,Adequate,8.1,2026-06-07,C1
INV0002172,20241231,STR0028,PRD00012,158,13,Adequate,15.8,2026-06-07,D1
INV0002173,20241231,STR0028,PRD00013,52,34,Adequate,10.4,2026-06-22,B2
INV0002174,20241231,STR0028,PRD00014,134,27,Adequate,8.9,2026-06-08,A1
INV0002175,20241231,STR0028,PRD00015,163,27,Adequate,20.4,2026-06-21,B1
INV0002176,20241231,STR0028,PRD00016,179,31,Adequate,16.3,2026-05-21,C1
INV0002177,20241231,STR0028,PRD00017,117,50,Adequate,9.0,2026-05-23,A1
INV0002178,20241231,STR0028,PRD00018,134,24,Adequate,8.9,2026-05-08,A1
INV0002179,20241231,STR0028,PRD00019,74,23,Adequate,12.3,2026-05-08,B2
INV0002180,20241231,STR0028,PRD00020,131,37,Adequate,65.5,2026-06-16,B2
INV0002181,20241231,STR0028,PRD00021,91,24,Adequate,45.5,2026-05-13,B1
INV0002182,20241231,STR0028,PRD00022,71,12,Adequate,23.7,2026-06-12,B1
INV0002183,20241231,STR0028,PRD00023,123,37,Adequate,20.5,2026-05-20,C1
INV0002184,20241231,STR0028,PRD00024,85,16,Adequate,21.2,2026-06-05,C1
INV0002185,20241231,STR0028,PRD00025,12,36,Reorder Required,1.1,2026-05-08,C1
INV0002186,20241231,STR0028,PRD00026,1,15,Reorder Required,0.1,2026-06-22,A2
INV0002187,20241231,STR0028,PRD00027,70,46,Adequate,11.7,2026-06-07,D1
INV0002188,20241231,STR0028,PRD00028,49,18,Adequate,24.5,2026-05-19,D1
INV0002189,20241231,STR0028,PRD00029,178,10,Adequate,14.8,2026-05-30,D1
INV0002190,20241231,STR0028,PRD00030,169,12,Adequate,21.1,2026-06-19,C2
INV0002191,20241231,STR0028,PRD00031,127,44,Adequate,42.3,2026-05-10,A2
INV0002192,20241231,STR0028,PRD00032,153,31,Adequate,10.2,2026-06-19,C1
INV0002193,20241231,STR0028,PRD00033,49,33,Adequate,3.3,2026-06-04,B2
INV0002194,20241231,STR0028,PRD00034,70,33,Adequate,17.5,2026-06-30,C1
INV0002195,20241231,STR0028,PRD00035,197,23,Adequate,13.1,2026-07-02,D1
INV0002196,20241231,STR0028,PRD00036,86,40,Adequate,86.0,2026-06-26,A2
INV0002197,20241231,STR0028,PRD00037,85,23,Adequate,17.0,2026-05-12,A1
INV0002198,20241231,STR0028,PRD00038,178,27,Adequate,13.7,2026-06-25,B1
INV0002199,20241231,STR0028,PRD00039,91,38,Adequate,6.5,2026-06-18,C1
INV0002200,20241231,STR0028,PRD00040,88,44,Adequate,6.3,2026-05-14,D1
INV0002201,20241231,STR0028,PRD00041,163,33,Adequate,14.8,2026-05-11,A1
INV0002202,20241231,STR0028,PRD00042,78,14,Adequate,13.0,2026-06-01,A2
INV0002203,20241231,STR0028,PRD00043,147,21,Adequate,49.0,2026-06-23,B1
INV0002204,20241231,STR0028,PRD00044,12,19,Reorder Required,0.8,2026-05-18,C2
INV0002205,20241231,STR0028,PRD00045,82,11,Adequate,7.5,2026-06-22,C2
INV0002206,20241231,STR0028,PRD00046,132,40,Adequate,9.4,2026-05-11,C2
INV0002207,20241231,STR0028,PRD00047,7,14,Reorder Required,3.5,2026-05-19,B1
INV0002208,20241231,STR0028,PRD00048,24,31,Reorder Required,2.2,2026-05-12,D1
INV0002209,20241231,STR0028,PRD00049,69,41,Adequate,23.0,2026-06-06,D1
INV0002210,20241231,STR0028,PRD00050,141,39,Adequate,12.8,2026-07-02,D1
INV0002211,20241231,STR0028,PRD00051,180,26,Adequate,30.0,2026-06-09,B2
INV0002212,20241231,STR0028,PRD00052,117,13,Adequate,14.6,2026-07-05,B1
INV0002213,20241231,STR0028,PRD00053,86,20,Adequate,17.2,2026-06-17,A2
INV0002214,20241231,STR0028,PRD00054,120,19,Adequate,24.0,2026-06-08,C1
INV0002215,20241231,STR0028,PRD00055,169,38,Adequate,15.4,2026-05-09,D1
INV0002216,20241231,STR0028,PRD00056,143,30,Adequate,20.4,2026-05-26,D1
INV0002217,20241231,STR0028,PRD00057,21,44,Reorder Required,3.0,2026-06-12,D1
INV0002218,20241231,STR0028,PRD00058,144,19,Adequate,11.1,2026-05-10,B1
INV0002219,20241231,STR0028,PRD00059,95,44,Adequate,95.0,2026-06-14,A1
INV0002220,20241231,STR0028,PRD00060,24,28,Reorder Required,2.4,2026-05-10,B2
INV0002221,20241231,STR0028,PRD00061,190,38,Adequate,14.6,2026-05-26,A1
INV0002222,20241231,STR0028,PRD00062,40,18,Adequate,8.0,2026-06-20,B1
INV0002223,20241231,STR0028,PRD00063,18,24,Reorder Required,1.5,2026-06-01,A2
INV0002224,20241231,STR0028,PRD00064,22,22,Reorder Required,1.6,2026-06-19,C2
INV0002225,20241231,STR0028,PRD00065,172,22,Adequate,57.3,2026-05-28,B2
INV0002226,20241231,STR0028,PRD00066,109,15,Adequate,18.2,2026-05-31,B1
INV0002227,20241231,STR0028,PRD00067,74,42,Adequate,10.6,2026-06-15,D1
INV0002228,20241231,STR0028,PRD00068,175,37,Adequate,12.5,2026-06-07,B1
INV0002229,20241231,STR0028,PRD00069,169,29,Adequate,33.8,2026-06-21,B2
INV0002230,20241231,STR0028,PRD00070,200,38,Adequate,16.7,2026-05-19,B1
INV0002231,20241231,STR0028,PRD00071,16,37,Reorder Required,1.5,2026-06-06,B2
INV0002232,20241231,STR0028,PRD00072,64,15,Adequate,5.8,2026-05-16,A2
INV0002233,20241231,STR0028,PRD00073,96,31,Adequate,6.9,2026-06-15,C1
INV0002234,20241231,STR0028,PRD00074,140,10,Adequate,70.0,2026-06-30,C2
INV0002235,20241231,STR0028,PRD00075,197,39,Adequate,14.1,2026-05-25,A2
INV0002236,20241231,STR0028,PRD00076,79,34,Adequate,15.8,2026-05-14,C2
INV0002237,20241231,STR0028,PRD00077,65,47,Adequate,5.9,2026-06-11,A1
INV0002238,20241231,STR0028,PRD00078,149,10,Adequate,74.5,2026-06-02,D1
INV0002239,20241231,STR0028,PRD00079,185,28,Adequate,37.0,2026-05-23,C2
INV0002240,20241231,STR0028,PRD00080,15,11,Adequate,15.0,2026-05-18,A2
INV0002241,20241231,STR0029,PRD00001,175,50,Adequate,19.4,2026-05-29,B1
INV0002242,20241231,STR0029,PRD00002,126,17,Adequate,18.0,2026-05-12,C2
INV0002243,20241231,STR0029,PRD00003,195,44,Adequate,39.0,2026-06-20,D1
INV0002244,20241231,STR0029,PRD00004,74,27,Adequate,18.5,2026-06-21,D1
INV0002245,20241231,STR0029,PRD00005,89,40,Adequate,22.2,2026-06-12,C2
INV0002246,20241231,STR0029,PRD00006,131,33,Adequate,10.1,2026-07-05,A1
INV0002247,20241231,STR0029,PRD00007,97,39,Adequate,8.8,2026-06-24,B2
INV0002248,20241231,STR0029,PRD00008,32,20,Adequate,4.6,2026-05-10,C1
INV0002249,20241231,STR0029,PRD00009,109,38,Adequate,15.6,2026-06-22,A2
INV0002250,20241231,STR0029,PRD00010,51,30,Adequate,17.0,2026-06-29,B1
INV0002251,20241231,STR0029,PRD00011,37,36,Adequate,6.2,2026-05-29,D1
INV0002252,20241231,STR0029,PRD00012,153,13,Adequate,76.5,2026-05-12,C1
INV0002253,20241231,STR0029,PRD00013,198,34,Adequate,33.0,2026-05-25,A2
INV0002254,20241231,STR0029,PRD00014,76,27,Adequate,25.3,2026-05-29,C1
INV0002255,20241231,STR0029,PRD00015,194,27,Adequate,14.9,2026-06-16,A1
INV0002256,20241231,STR0029,PRD00016,171,31,Adequate,24.4,2026-05-26,B1
INV0002257,20241231,STR0029,PRD00017,9,50,Reorder Required,0.6,2026-05-30,D1
INV0002258,20241231,STR0029,PRD00018,181,24,Adequate,36.2,2026-07-06,D1
INV0002259,20241231,STR0029,PRD00019,78,23,Adequate,6.0,2026-06-16,B2
INV0002260,20241231,STR0029,PRD00020,7,37,Reorder Required,2.3,2026-05-14,B2
INV0002261,20241231,STR0029,PRD00021,91,24,Adequate,6.1,2026-05-09,C2
INV0002262,20241231,STR0029,PRD00022,186,12,Adequate,20.7,2026-05-26,A1
INV0002263,20241231,STR0029,PRD00023,83,37,Adequate,5.5,2026-06-24,B2
INV0002264,20241231,STR0029,PRD00024,173,16,Adequate,28.8,2026-06-28,B2
INV0002265,20241231,STR0029,PRD00025,154,36,Adequate,15.4,2026-05-27,A1
INV0002266,20241231,STR0029,PRD00026,163,15,Adequate,14.8,2026-06-08,A2
INV0002267,20241231,STR0029,PRD00027,172,46,Adequate,86.0,2026-06-15,B1
INV0002268,20241231,STR0029,PRD00028,114,18,Adequate,8.8,2026-05-28,C1
INV0002269,20241231,STR0029,PRD00029,93,10,Adequate,93.0,2026-06-04,C1
INV0002270,20241231,STR0029,PRD00030,159,12,Adequate,19.9,2026-06-03,A1
INV0002271,20241231,STR0029,PRD00031,161,44,Adequate,12.4,2026-05-26,B1
INV0002272,20241231,STR0029,PRD00032,130,31,Adequate,32.5,2026-05-27,A1
INV0002273,20241231,STR0029,PRD00033,57,33,Adequate,5.2,2026-07-06,C1
INV0002274,20241231,STR0029,PRD00034,36,33,Adequate,3.3,2026-06-12,A2
INV0002275,20241231,STR0029,PRD00035,35,23,Adequate,5.0,2026-06-09,C1
INV0002276,20241231,STR0029,PRD00036,180,40,Adequate,45.0,2026-05-20,C1
INV0002277,20241231,STR0029,PRD00037,164,23,Adequate,13.7,2026-06-27,A1
INV0002278,20241231,STR0029,PRD00038,170,27,Adequate,28.3,2026-05-27,B2
INV0002279,20241231,STR0029,PRD00039,181,38,Adequate,22.6,2026-06-29,A2
INV0002280,20241231,STR0029,PRD00040,38,44,Reorder Required,5.4,2026-06-16,C2
INV0002281,20241231,STR0029,PRD00041,98,33,Adequate,32.7,2026-06-04,C2
INV0002282,20241231,STR0029,PRD00042,47,14,Adequate,3.1,2026-05-21,B1
INV0002283,20241231,STR0029,PRD00043,153,21,Adequate,38.2,2026-05-19,A2
INV0002284,20241231,STR0029,PRD00044,85,19,Adequate,6.5,2026-05-28,B1
INV0002285,20241231,STR0029,PRD00045,121,11,Adequate,17.3,2026-06-29,A1
INV0002286,20241231,STR0029,PRD00046,19,40,Reorder Required,1.6,2026-05-29,D1
INV0002287,20241231,STR0029,PRD00047,9,14,Reorder Required,2.2,2026-05-21,C1
INV0002288,20241231,STR0029,PRD00048,36,31,Adequate,7.2,2026-06-27,C2
INV0002289,20241231,STR0029,PRD00049,103,41,Adequate,7.9,2026-07-03,A2
INV0002290,20241231,STR0029,PRD00050,26,39,Reorder Required,4.3,2026-06-11,C1
INV0002291,20241231,STR0029,PRD00051,37,26,Adequate,6.2,2026-06-25,A2
INV0002292,20241231,STR0029,PRD00052,7,13,Reorder Required,0.9,2026-05-13,B2
INV0002293,20241231,STR0029,PRD00053,65,20,Adequate,32.5,2026-05-12,A1
INV0002294,20241231,STR0029,PRD00054,87,19,Adequate,5.8,2026-07-04,A1
INV0002295,20241231,STR0029,PRD00055,129,38,Adequate,9.9,2026-07-02,D1
INV0002296,20241231,STR0029,PRD00056,48,30,Adequate,12.0,2026-05-10,C1
INV0002297,20241231,STR0029,PRD00057,11,44,Reorder Required,1.6,2026-06-29,A2
INV0002298,20241231,STR0029,PRD00058,186,19,Adequate,93.0,2026-06-10,A2
INV0002299,20241231,STR0029,PRD00059,14,44,Reorder Required,4.7,2026-07-01,C1
INV0002300,20241231,STR0029,PRD00060,71,28,Adequate,7.9,2026-06-30,B2
INV0002301,20241231,STR0029,PRD00061,162,38,Adequate,13.5,2026-07-03,B1
INV0002302,20241231,STR0029,PRD00062,115,18,Adequate,11.5,2026-05-16,B1
INV0002303,20241231,STR0029,PRD00063,66,24,Adequate,7.3,2026-07-04,B2
INV0002304,20241231,STR0029,PRD00064,119,22,Adequate,9.2,2026-06-28,C2
INV0002305,20241231,STR0029,PRD00065,75,22,Adequate,18.8,2026-05-13,B2
INV0002306,20241231,STR0029,PRD00066,164,15,Adequate,18.2,2026-06-29,B1
INV0002307,20241231,STR0029,PRD00067,72,42,Adequate,6.0,2026-06-30,A2
INV0002308,20241231,STR0029,PRD00068,69,37,Adequate,8.6,2026-05-15,A1
INV0002309,20241231,STR0029,PRD00069,93,29,Adequate,10.3,2026-06-25,B1
INV0002310,20241231,STR0029,PRD00070,84,38,Adequate,16.8,2026-06-23,C2
INV0002311,20241231,STR0029,PRD00071,63,37,Adequate,4.5,2026-06-04,D1
INV0002312,20241231,STR0029,PRD00072,82,15,Adequate,41.0,2026-05-20,A1
INV0002313,20241231,STR0029,PRD00073,41,31,Adequate,13.7,2026-06-11,A2
INV0002314,20241231,STR0029,PRD00074,28,10,Adequate,2.3,2026-05-29,B1
INV0002315,20241231,STR0029,PRD00075,133,39,Adequate,44.3,2026-07-03,A2
INV0002316,20241231,STR0029,PRD00076,62,34,Adequate,6.2,2026-05-25,B2
INV0002317,20241231,STR0029,PRD00077,90,47,Adequate,8.2,2026-06-14,A2
INV0002318,20241231,STR0029,PRD00078,184,10,Adequate,13.1,2026-06-10,A2
INV0002319,20241231,STR0029,PRD00079,100,28,Adequate,7.1,2026-06-02,A1
INV0002320,20241231,STR0029,PRD00080,98,11,Adequate,19.6,2026-05-11,A1
INV0002321,20241231,STR0030,PRD00001,156,50,Adequate,22.3,2026-07-01,C2
INV0002322,20241231,STR0030,PRD00002,82,17,Adequate,82.0,2026-06-04,B1
INV0002323,20241231,STR0030,PRD00003,80,44,Adequate,6.2,2026-05-23,C2
INV0002324,20241231,STR0030,PRD00004,158,27,Adequate,79.0,2026-05-23,B2
INV0002325,20241231,STR0030,PRD00005,6,40,Reorder Required,0.4,2026-05-25,C1
INV0002326,20241231,STR0030,PRD00006,23,33,Reorder Required,2.6,2026-06-23,C2
INV0002327,20241231,STR0030,PRD00007,84,39,Adequate,28.0,2026-05-15,A1
INV0002328,20241231,STR0030,PRD00008,109,20,Adequate,15.6,2026-05-19,A2
INV0002329,20241231,STR0030,PRD00009,75,38,Adequate,10.7,2026-06-19,A2
INV0002330,20241231,STR0030,PRD00010,109,30,Adequate,27.2,2026-06-18,B2
INV0002331,20241231,STR0030,PRD00011,44,36,Adequate,3.4,2026-07-01,C1
INV0002332,20241231,STR0030,PRD00012,142,13,Adequate,10.9,2026-05-19,A1
INV0002333,20241231,STR0030,PRD00013,25,34,Reorder Required,25.0,2026-06-01,A1
INV0002334,20241231,STR0030,PRD00014,191,27,Adequate,19.1,2026-05-27,A1
INV0002335,20241231,STR0030,PRD00015,121,27,Adequate,13.4,2026-06-22,C1
INV0002336,20241231,STR0030,PRD00016,93,31,Adequate,46.5,2026-06-02,B1
INV0002337,20241231,STR0030,PRD00017,108,50,Adequate,10.8,2026-05-18,B1
INV0002338,20241231,STR0030,PRD00018,177,24,Adequate,13.6,2026-05-26,C2
INV0002339,20241231,STR0030,PRD00019,166,23,Adequate,20.8,2026-06-09,B1
INV0002340,20241231,STR0030,PRD00020,196,37,Adequate,14.0,2026-05-10,D1
INV0002341,20241231,STR0030,PRD00021,48,24,Adequate,3.2,2026-05-29,A2
INV0002342,20241231,STR0030,PRD00022,198,12,Adequate,198.0,2026-06-07,D1
INV0002343,20241231,STR0030,PRD00023,171,37,Adequate,85.5,2026-05-13,B1
INV0002344,20241231,STR0030,PRD00024,22,16,Adequate,2.0,2026-05-25,B2
INV0002345,20241231,STR0030,PRD00025,66,36,Adequate,22.0,2026-06-21,C2
INV0002346,20241231,STR0030,PRD00026,122,15,Adequate,30.5,2026-05-19,C2
INV0002347,20241231,STR0030,PRD00027,169,46,Adequate,16.9,2026-06-15,A1
INV0002348,20241231,STR0030,PRD00028,19,18,Adequate,3.2,2026-07-05,B1
INV0002349,20241231,STR0030,PRD00029,81,10,Adequate,11.6,2026-07-01,C2
INV0002350,20241231,STR0030,PRD00030,21,12,Adequate,7.0,2026-06-23,C2
INV0002351,20241231,STR0030,PRD00031,105,44,Adequate,35.0,2026-05-22,B1
INV0002352,20241231,STR0030,PRD00032,86,31,Adequate,8.6,2026-07-04,B2
INV0002353,20241231,STR0030,PRD00033,125,33,Adequate,12.5,2026-05-13,D1
INV0002354,20241231,STR0030,PRD00034,47,33,Adequate,4.3,2026-06-07,D1
INV0002355,20241231,STR0030,PRD00035,193,23,Adequate,27.6,2026-06-21,D1
INV0002356,20241231,STR0030,PRD00036,43,40,Adequate,7.2,2026-06-21,C1
INV0002357,20241231,STR0030,PRD00037,115,23,Adequate,57.5,2026-06-10,C1
INV0002358,20241231,STR0030,PRD00038,129,27,Adequate,12.9,2026-05-29,D1
INV0002359,20241231,STR0030,PRD00039,38,38,Reorder Required,9.5,2026-07-06,D1
INV0002360,20241231,STR0030,PRD00040,137,44,Adequate,9.1,2026-06-09,D1
INV0002361,20241231,STR0030,PRD00041,113,33,Adequate,28.2,2026-06-08,B2
INV0002362,20241231,STR0030,PRD00042,35,14,Adequate,3.9,2026-05-19,B2
INV0002363,20241231,STR0030,PRD00043,171,21,Adequate,171.0,2026-07-02,C1
INV0002364,20241231,STR0030,PRD00044,68,19,Adequate,6.2,2026-06-10,C2
INV0002365,20241231,STR0030,PRD00045,103,11,Adequate,25.8,2026-06-18,A1
INV0002366,20241231,STR0030,PRD00046,88,40,Adequate,6.3,2026-05-17,B2
INV0002367,20241231,STR0030,PRD00047,176,14,Adequate,44.0,2026-06-25,C1
INV0002368,20241231,STR0030,PRD00048,148,31,Adequate,10.6,2026-05-08,B1
INV0002369,20241231,STR0030,PRD00049,156,41,Adequate,15.6,2026-07-05,A2
INV0002370,20241231,STR0030,PRD00050,161,39,Adequate,13.4,2026-06-01,B1
INV0002371,20241231,STR0030,PRD00051,32,26,Adequate,10.7,2026-05-31,D1
INV0002372,20241231,STR0030,PRD00052,124,13,Adequate,10.3,2026-05-12,C1
INV0002373,20241231,STR0030,PRD00053,156,20,Adequate,11.1,2026-05-10,A2
INV0002374,20241231,STR0030,PRD00054,104,19,Adequate,20.8,2026-06-26,A2
INV0002375,20241231,STR0030,PRD00055,66,38,Adequate,16.5,2026-05-12,C2
INV0002376,20241231,STR0030,PRD00056,133,30,Adequate,133.0,2026-05-19,B1
INV0002377,20241231,STR0030,PRD00057,28,44,Reorder Required,28.0,2026-06-18,B2
INV0002378,20241231,STR0030,PRD00058,173,19,Adequate,19.2,2026-06-02,C2
INV0002379,20241231,STR0030,PRD00059,72,44,Adequate,24.0,2026-05-26,B2
INV0002380,20241231,STR0030,PRD00060,167,28,Adequate,55.7,2026-07-04,A1
INV0002381,20241231,STR0030,PRD00061,73,38,Adequate,8.1,2026-06-01,C2
INV0002382,20241231,STR0030,PRD00062,27,18,Adequate,5.4,2026-05-11,C2
INV0002383,20241231,STR0030,PRD00063,100,24,Adequate,6.7,2026-06-23,C1
INV0002384,20241231,STR0030,PRD00064,163,22,Adequate,81.5,2026-05-12,C1
INV0002385,20241231,STR0030,PRD00065,168,22,Adequate,12.9,2026-05-22,A1
INV0002386,20241231,STR0030,PRD00066,48,15,Adequate,48.0,2026-06-07,D1
INV0002387,20241231,STR0030,PRD00067,190,42,Adequate,17.3,2026-05-23,C1
INV0002388,20241231,STR0030,PRD00068,99,37,Adequate,9.9,2026-05-21,D1
INV0002389,20241231,STR0030,PRD00069,60,29,Adequate,8.6,2026-06-19,C2
INV0002390,20241231,STR0030,PRD00070,149,38,Adequate,12.4,2026-06-26,C1
INV0002391,20241231,STR0030,PRD00071,153,37,Adequate,21.9,2026-06-02,A1
INV0002392,20241231,STR0030,PRD00072,71,15,Adequate,17.8,2026-06-22,A2
INV0002393,20241231,STR0030,PRD00073,169,31,Adequate,84.5,2026-06-24,D1
INV0002394,20241231,STR0030,PRD00074,197,10,Adequate,17.9,2026-06-30,A1
INV0002395,20241231,STR0030,PRD00075,83,39,Adequate,13.8,2026-07-01,C1
INV0002396,20241231,STR0030,PRD00076,136,34,Adequate,45.3,2026-05-16,C2
INV0002397,20241231,STR0030,PRD00077,174,47,Adequate,29.0,2026-07-05,A1
INV0002398,20241231,STR0030,PRD00078,121,10,Adequate,20.2,2026-05-19,C1
INV0002399,20241231,STR0030,PRD00079,157,28,Adequate,157.0,2026-06-09,C2
INV0002400,20241231,STR0030,PRD00080,28,11,Adequate,2.2,2026-06-06,D1
INV0002401,20241231,STR0031,PRD00001,157,50,Adequate,17.4,2026-07-03,C2
INV0002402,20241231,STR0031,PRD00002,161,17,Adequate,10.7,2026-07-06,A1
INV0002403,20241231,STR0031,PRD00003,84,44,Adequate,14.0,2026-06-23,C2
INV0002404,20241231,STR0031,PRD00004,185,27,Adequate,12.3,2026-06-13,C1
INV0002405,20241231,STR0031,PRD00005,190,40,Adequate,19.0,2026-06-15,C2
INV0002406,20241231,STR0031,PRD00006,119,33,Adequate,29.8,2026-05-28,D1
INV0002407,20241231,STR0031,PRD00007,194,39,Adequate,24.2,2026-05-18,A1
INV0002408,20241231,STR0031,PRD00008,151,20,Adequate,13.7,2026-06-08,A1
INV0002409,20241231,STR0031,PRD00009,41,38,Adequate,20.5,2026-07-05,D1
INV0002410,20241231,STR0031,PRD00010,53,30,Adequate,10.6,2026-05-15,C1
INV0002411,20241231,STR0031,PRD00011,199,36,Adequate,14.2,2026-06-01,B1
INV0002412,20241231,STR0031,PRD00012,188,13,Adequate,18.8,2026-05-22,C2
INV0002413,20241231,STR0031,PRD00013,149,34,Adequate,24.8,2026-05-29,A1
INV0002414,20241231,STR0031,PRD00014,81,27,Adequate,20.2,2026-06-21,A1
INV0002415,20241231,STR0031,PRD00015,20,27,Reorder Required,1.5,2026-05-26,C1
INV0002416,20241231,STR0031,PRD00016,140,31,Adequate,12.7,2026-06-17,C1
INV0002417,20241231,STR0031,PRD00017,159,50,Adequate,19.9,2026-06-01,B1
INV0002418,20241231,STR0031,PRD00018,60,24,Adequate,10.0,2026-05-09,D1
INV0002419,20241231,STR0031,PRD00019,144,23,Adequate,28.8,2026-06-11,D1
INV0002420,20241231,STR0031,PRD00020,127,37,Adequate,9.1,2026-05-31,A2
INV0002421,20241231,STR0031,PRD00021,149,24,Adequate,9.9,2026-06-30,B2
INV0002422,20241231,STR0031,PRD00022,170,12,Adequate,15.5,2026-05-12,C2
INV0002423,20241231,STR0031,PRD00023,40,37,Adequate,4.0,2026-06-20,D1
INV0002424,20241231,STR0031,PRD00024,35,16,Adequate,5.8,2026-05-29,D1
INV0002425,20241231,STR0031,PRD00025,12,36,Reorder Required,12.0,2026-06-25,B2
INV0002426,20241231,STR0031,PRD00026,23,15,Adequate,7.7,2026-06-07,A2
INV0002427,20241231,STR0031,PRD00027,106,46,Adequate,8.2,2026-06-28,B1
INV0002428,20241231,STR0031,PRD00028,109,18,Adequate,109.0,2026-05-16,A1
INV0002429,20241231,STR0031,PRD00029,156,10,Adequate,22.3,2026-05-28,D1
INV0002430,20241231,STR0031,PRD00030,45,12,Adequate,15.0,2026-06-17,A2
INV0002431,20241231,STR0031,PRD00031,17,44,Reorder Required,2.1,2026-06-29,D1
INV0002432,20241231,STR0031,PRD00032,8,31,Reorder Required,1.1,2026-05-22,D1
INV0002433,20241231,STR0031,PRD00033,70,33,Adequate,4.7,2026-07-05,C1
INV0002434,20241231,STR0031,PRD00034,73,33,Adequate,12.2,2026-05-24,A1
INV0002435,20241231,STR0031,PRD00035,56,23,Adequate,14.0,2026-05-18,B2
INV0002436,20241231,STR0031,PRD00036,169,40,Adequate,42.2,2026-05-09,B1
INV0002437,20241231,STR0031,PRD00037,61,23,Adequate,5.5,2026-05-19,D1
INV0002438,20241231,STR0031,PRD00038,20,27,Reorder Required,3.3,2026-05-29,B1
INV0002439,20241231,STR0031,PRD00039,49,38,Adequate,24.5,2026-05-21,A1
INV0002440,20241231,STR0031,PRD00040,95,44,Adequate,13.6,2026-05-26,A1
INV0002441,20241231,STR0031,PRD00041,195,33,Adequate,17.7,2026-06-27,B1
INV0002442,20241231,STR0031,PRD00042,91,14,Adequate,11.4,2026-06-06,A2
INV0002443,20241231,STR0031,PRD00043,45,21,Adequate,5.6,2026-06-20,A1
INV0002444,20241231,STR0031,PRD00044,12,19,Reorder Required,1.5,2026-07-06,C2
INV0002445,20241231,STR0031,PRD00045,126,11,Adequate,10.5,2026-06-17,C2
INV0002446,20241231,STR0031,PRD00046,78,40,Adequate,15.6,2026-07-06,A1
INV0002447,20241231,STR0031,PRD00047,183,14,Adequate,36.6,2026-06-05,C2
INV0002448,20241231,STR0031,PRD00048,169,31,Adequate,42.2,2026-05-20,C1
INV0002449,20241231,STR0031,PRD00049,79,41,Adequate,19.8,2026-07-04,A2
INV0002450,20241231,STR0031,PRD00050,197,39,Adequate,65.7,2026-05-25,C2
INV0002451,20241231,STR0031,PRD00051,24,26,Reorder Required,4.8,2026-06-04,B2
INV0002452,20241231,STR0031,PRD00052,113,13,Adequate,8.1,2026-06-18,A1
INV0002453,20241231,STR0031,PRD00053,58,20,Adequate,19.3,2026-06-09,B1
INV0002454,20241231,STR0031,PRD00054,151,19,Adequate,16.8,2026-05-29,B1
INV0002455,20241231,STR0031,PRD00055,146,38,Adequate,36.5,2026-06-03,A2
INV0002456,20241231,STR0031,PRD00056,73,30,Adequate,73.0,2026-06-22,B1
INV0002457,20241231,STR0031,PRD00057,127,44,Adequate,21.2,2026-06-12,C2
INV0002458,20241231,STR0031,PRD00058,61,19,Adequate,8.7,2026-06-17,C1
INV0002459,20241231,STR0031,PRD00059,15,44,Reorder Required,1.2,2026-06-09,A2
INV0002460,20241231,STR0031,PRD00060,87,28,Adequate,17.4,2026-06-24,C2
INV0002461,20241231,STR0031,PRD00061,140,38,Adequate,12.7,2026-06-12,B1
INV0002462,20241231,STR0031,PRD00062,58,18,Adequate,4.1,2026-06-21,A1
INV0002463,20241231,STR0031,PRD00063,39,24,Adequate,2.6,2026-05-08,C1
INV0002464,20241231,STR0031,PRD00064,173,22,Adequate,24.7,2026-05-27,A2
INV0002465,20241231,STR0031,PRD00065,156,22,Adequate,17.3,2026-05-17,B1
INV0002466,20241231,STR0031,PRD00066,158,15,Adequate,15.8,2026-06-24,C2
INV0002467,20241231,STR0031,PRD00067,127,42,Adequate,18.1,2026-06-09,B1
INV0002468,20241231,STR0031,PRD00068,87,37,Adequate,7.9,2026-05-23,B2
INV0002469,20241231,STR0031,PRD00069,1,29,Reorder Required,0.2,2026-05-18,B2
INV0002470,20241231,STR0031,PRD00070,93,38,Adequate,6.6,2026-06-19,B1
INV0002471,20241231,STR0031,PRD00071,167,37,Adequate,15.2,2026-06-06,B1
INV0002472,20241231,STR0031,PRD00072,177,15,Adequate,59.0,2026-07-01,C2
INV0002473,20241231,STR0031,PRD00073,131,31,Adequate,9.4,2026-06-09,C1
INV0002474,20241231,STR0031,PRD00074,139,10,Adequate,19.9,2026-06-05,C2
INV0002475,20241231,STR0031,PRD00075,195,39,Adequate,48.8,2026-06-02,C2
INV0002476,20241231,STR0031,PRD00076,57,34,Adequate,14.2,2026-06-12,B2
INV0002477,20241231,STR0031,PRD00077,194,47,Adequate,194.0,2026-05-15,A1
INV0002478,20241231,STR0031,PRD00078,193,10,Adequate,38.6,2026-07-06,B2
INV0002479,20241231,STR0031,PRD00079,135,28,Adequate,12.3,2026-05-17,C1
INV0002480,20241231,STR0031,PRD00080,142,11,Adequate,10.1,2026-05-15,A2
INV0002481,20241231,STR0032,PRD00001,181,50,Adequate,18.1,2026-07-02,B1
INV0002482,20241231,STR0032,PRD00002,81,17,Adequate,6.8,2026-05-14,A2
INV0002483,20241231,STR0032,PRD00003,88,44,Adequate,8.0,2026-05-08,A2
INV0002484,20241231,STR0032,PRD00004,3,27,Reorder Required,0.4,2026-06-29,A2
INV0002485,20241231,STR0032,PRD00005,39,40,Reorder Required,7.8,2026-05-27,D1
INV0002486,20241231,STR0032,PRD00006,116,33,Adequate,11.6,2026-05-25,C1
INV0002487,20241231,STR0032,PRD00007,118,39,Adequate,29.5,2026-05-31,A2
INV0002488,20241231,STR0032,PRD00008,106,20,Adequate,7.1,2026-05-23,D1
INV0002489,20241231,STR0032,PRD00009,179,38,Adequate,179.0,2026-06-27,C1
INV0002490,20241231,STR0032,PRD00010,65,30,Adequate,5.0,2026-06-07,A2
INV0002491,20241231,STR0032,PRD00011,185,36,Adequate,26.4,2026-06-16,B2
INV0002492,20241231,STR0032,PRD00012,117,13,Adequate,58.5,2026-06-27,C1
INV0002493,20241231,STR0032,PRD00013,7,34,Reorder Required,7.0,2026-05-25,A1
INV0002494,20241231,STR0032,PRD00014,140,27,Adequate,20.0,2026-05-15,C1
INV0002495,20241231,STR0032,PRD00015,23,27,Reorder Required,2.1,2026-05-18,B2
INV0002496,20241231,STR0032,PRD00016,59,31,Adequate,19.7,2026-06-03,B1
INV0002497,20241231,STR0032,PRD00017,127,50,Adequate,15.9,2026-06-15,B1
INV0002498,20241231,STR0032,PRD00018,8,24,Reorder Required,8.0,2026-07-05,D1
INV0002499,20241231,STR0032,PRD00019,2,23,Reorder Required,0.3,2026-06-09,A1
INV0002500,20241231,STR0032,PRD00020,0,37,Reorder Required,0.0,2026-06-11,D1
INV0002501,20241231,STR0032,PRD00021,116,24,Adequate,19.3,2026-07-01,B2
INV0002502,20241231,STR0032,PRD00022,191,12,Adequate,23.9,2026-06-06,D1
INV0002503,20241231,STR0032,PRD00023,56,37,Adequate,7.0,2026-05-31,B1
INV0002504,20241231,STR0032,PRD00024,149,16,Adequate,10.6,2026-05-18,C1
INV0002505,20241231,STR0032,PRD00025,21,36,Reorder Required,1.9,2026-06-30,D1
INV0002506,20241231,STR0032,PRD00026,91,15,Adequate,8.3,2026-06-13,B2
INV0002507,20241231,STR0032,PRD00027,56,46,Adequate,7.0,2026-05-13,A2
INV0002508,20241231,STR0032,PRD00028,74,18,Adequate,18.5,2026-07-06,A2
INV0002509,20241231,STR0032,PRD00029,99,10,Adequate,99.0,2026-05-23,D1
INV0002510,20241231,STR0032,PRD00030,183,12,Adequate,15.2,2026-07-02,D1
INV0002511,20241231,STR0032,PRD00031,73,44,Adequate,8.1,2026-06-29,D1
INV0002512,20241231,STR0032,PRD00032,111,31,Adequate,18.5,2026-05-10,A1
INV0002513,20241231,STR0032,PRD00033,5,33,Reorder Required,0.5,2026-05-15,D1
INV0002514,20241231,STR0032,PRD00034,10,33,Reorder Required,1.7,2026-06-06,C2
INV0002515,20241231,STR0032,PRD00035,39,23,Adequate,13.0,2026-06-06,A1
INV0002516,20241231,STR0032,PRD00036,7,40,Reorder Required,2.3,2026-05-26,B2
INV0002517,20241231,STR0032,PRD00037,32,23,Adequate,8.0,2026-07-03,C1
INV0002518,20241231,STR0032,PRD00038,111,27,Adequate,15.9,2026-06-01,B2
INV0002519,20241231,STR0032,PRD00039,91,38,Adequate,18.2,2026-05-17,A1
INV0002520,20241231,STR0032,PRD00040,122,44,Adequate,10.2,2026-05-10,C1
INV0002521,20241231,STR0032,PRD00041,124,33,Adequate,15.5,2026-06-09,B2
INV0002522,20241231,STR0032,PRD00042,130,14,Adequate,26.0,2026-06-16,B2
INV0002523,20241231,STR0032,PRD00043,50,21,Adequate,4.5,2026-06-21,A1
INV0002524,20241231,STR0032,PRD00044,99,19,Adequate,11.0,2026-07-06,C2
INV0002525,20241231,STR0032,PRD00045,160,11,Adequate,80.0,2026-06-28,B1
INV0002526,20241231,STR0032,PRD00046,53,40,Adequate,4.4,2026-07-03,C2
INV0002527,20241231,STR0032,PRD00047,127,14,Adequate,31.8,2026-05-10,C2
INV0002528,20241231,STR0032,PRD00048,81,31,Adequate,40.5,2026-05-20,A1
INV0002529,20241231,STR0032,PRD00049,144,41,Adequate,14.4,2026-05-09,A1
INV0002530,20241231,STR0032,PRD00050,33,39,Reorder Required,4.7,2026-05-29,A1
INV0002531,20241231,STR0032,PRD00051,45,26,Adequate,45.0,2026-06-26,D1
INV0002532,20241231,STR0032,PRD00052,70,13,Adequate,35.0,2026-05-22,C1
INV0002533,20241231,STR0032,PRD00053,153,20,Adequate,12.8,2026-07-04,B1
INV0002534,20241231,STR0032,PRD00054,153,19,Adequate,76.5,2026-05-24,B1
INV0002535,20241231,STR0032,PRD00055,170,38,Adequate,56.7,2026-06-22,D1
INV0002536,20241231,STR0032,PRD00056,39,30,Adequate,4.9,2026-06-26,D1
INV0002537,20241231,STR0032,PRD00057,71,44,Adequate,11.8,2026-05-18,C1
INV0002538,20241231,STR0032,PRD00058,148,19,Adequate,21.1,2026-06-08,B2
INV0002539,20241231,STR0032,PRD00059,92,44,Adequate,8.4,2026-07-04,C2
INV0002540,20241231,STR0032,PRD00060,117,28,Adequate,10.6,2026-06-24,A1
INV0002541,20241231,STR0032,PRD00061,187,38,Adequate,37.4,2026-06-19,A1
INV0002542,20241231,STR0032,PRD00062,141,18,Adequate,11.8,2026-05-29,B2
INV0002543,20241231,STR0032,PRD00063,184,24,Adequate,20.4,2026-05-15,A1
INV0002544,20241231,STR0032,PRD00064,121,22,Adequate,24.2,2026-05-17,A1
INV0002545,20241231,STR0032,PRD00065,21,22,Reorder Required,4.2,2026-06-10,B1
INV0002546,20241231,STR0032,PRD00066,117,15,Adequate,19.5,2026-06-18,B1
INV0002547,20241231,STR0032,PRD00067,127,42,Adequate,15.9,2026-05-31,C1
INV0002548,20241231,STR0032,PRD00068,102,37,Adequate,12.8,2026-06-20,A2
INV0002549,20241231,STR0032,PRD00069,157,29,Adequate,14.3,2026-05-29,C2
INV0002550,20241231,STR0032,PRD00070,193,38,Adequate,193.0,2026-05-24,B2
INV0002551,20241231,STR0032,PRD00071,198,37,Adequate,33.0,2026-06-04,A1
INV0002552,20241231,STR0032,PRD00072,6,15,Reorder Required,1.2,2026-05-13,C1
INV0002553,20241231,STR0032,PRD00073,194,31,Adequate,64.7,2026-06-08,A2
INV0002554,20241231,STR0032,PRD00074,172,10,Adequate,86.0,2026-05-29,A2
INV0002555,20241231,STR0032,PRD00075,176,39,Adequate,29.3,2026-06-25,C2
INV0002556,20241231,STR0032,PRD00076,132,34,Adequate,33.0,2026-05-22,B2
INV0002557,20241231,STR0032,PRD00077,116,47,Adequate,11.6,2026-05-09,B2
INV0002558,20241231,STR0032,PRD00078,92,10,Adequate,9.2,2026-05-20,B2
INV0002559,20241231,STR0032,PRD00079,61,28,Adequate,4.4,2026-06-30,D1
INV0002560,20241231,STR0032,PRD00080,141,11,Adequate,47.0,2026-06-07,B2
INV0002561,20241231,STR0033,PRD00001,49,50,Reorder Required,4.5,2026-05-10,B1
INV0002562,20241231,STR0033,PRD00002,165,17,Adequate,33.0,2026-06-09,B1
INV0002563,20241231,STR0033,PRD00003,12,44,Reorder Required,1.3,2026-06-09,C2
INV0002564,20241231,STR0033,PRD00004,145,27,Adequate,29.0,2026-06-29,C1
INV0002565,20241231,STR0033,PRD00005,16,40,Reorder Required,2.3,2026-05-13,A2
INV0002566,20241231,STR0033,PRD00006,45,33,Adequate,4.1,2026-05-09,B2
INV0002567,20241231,STR0033,PRD00007,11,39,Reorder Required,1.0,2026-07-03,C2
INV0002568,20241231,STR0033,PRD00008,130,20,Adequate,18.6,2026-06-13,A2
INV0002569,20241231,STR0033,PRD00009,57,38,Adequate,6.3,2026-05-10,B2
INV0002570,20241231,STR0033,PRD00010,171,30,Adequate,19.0,2026-05-27,C2
INV0002571,20241231,STR0033,PRD00011,140,36,Adequate,46.7,2026-07-01,C1
INV0002572,20241231,STR0033,PRD00012,120,13,Adequate,10.9,2026-06-24,A1
INV0002573,20241231,STR0033,PRD00013,152,34,Adequate,19.0,2026-05-13,D1
INV0002574,20241231,STR0033,PRD00014,175,27,Adequate,17.5,2026-07-06,C2
INV0002575,20241231,STR0033,PRD00015,70,27,Adequate,4.7,2026-05-12,C2
INV0002576,20241231,STR0033,PRD00016,22,31,Reorder Required,3.7,2026-06-28,A2
INV0002577,20241231,STR0033,PRD00017,17,50,Reorder Required,1.7,2026-06-22,B1
INV0002578,20241231,STR0033,PRD00018,99,24,Adequate,11.0,2026-06-13,B1
INV0002579,20241231,STR0033,PRD00019,65,23,Adequate,32.5,2026-05-08,B1
INV0002580,20241231,STR0033,PRD00020,147,37,Adequate,73.5,2026-06-14,A2
INV0002581,20241231,STR0033,PRD00021,183,24,Adequate,22.9,2026-06-13,B1
INV0002582,20241231,STR0033,PRD00022,65,12,Adequate,6.5,2026-05-18,B2
INV0002583,20241231,STR0033,PRD00023,183,37,Adequate,20.3,2026-06-30,B1
INV0002584,20241231,STR0033,PRD00024,191,16,Adequate,38.2,2026-05-25,D1
INV0002585,20241231,STR0033,PRD00025,95,36,Adequate,15.8,2026-06-14,C2
INV0002586,20241231,STR0033,PRD00026,18,15,Adequate,18.0,2026-05-28,C2
INV0002587,20241231,STR0033,PRD00027,186,46,Adequate,18.6,2026-05-13,B2
INV0002588,20241231,STR0033,PRD00028,59,18,Adequate,8.4,2026-06-05,C2
INV0002589,20241231,STR0033,PRD00029,132,10,Adequate,9.4,2026-05-09,B2
INV0002590,20241231,STR0033,PRD00030,52,12,Adequate,3.5,2026-07-03,B2
INV0002591,20241231,STR0033,PRD00031,24,44,Reorder Required,4.0,2026-05-09,A2
INV0002592,20241231,STR0033,PRD00032,7,31,Reorder Required,0.6,2026-06-03,A2
INV0002593,20241231,STR0033,PRD00033,66,33,Adequate,6.0,2026-06-25,C2
INV0002594,20241231,STR0033,PRD00034,163,33,Adequate,54.3,2026-06-26,A2
INV0002595,20241231,STR0033,PRD00035,155,23,Adequate,51.7,2026-06-05,A2
INV0002596,20241231,STR0033,PRD00036,175,40,Adequate,19.4,2026-06-24,D1
INV0002597,20241231,STR0033,PRD00037,59,23,Adequate,4.5,2026-06-27,A2
INV0002598,20241231,STR0033,PRD00038,120,27,Adequate,10.0,2026-06-16,D1
INV0002599,20241231,STR0033,PRD00039,158,38,Adequate,13.2,2026-05-27,C2
INV0002600,20241231,STR0033,PRD00040,49,44,Adequate,24.5,2026-06-19,C2
INV0002601,20241231,STR0033,PRD00041,157,33,Adequate,13.1,2026-06-10,C2
INV0002602,20241231,STR0033,PRD00042,195,14,Adequate,17.7,2026-06-19,B2
INV0002603,20241231,STR0033,PRD00043,22,21,Adequate,2.0,2026-06-05,D1
INV0002604,20241231,STR0033,PRD00044,28,19,Adequate,3.1,2026-06-30,B2
INV0002605,20241231,STR0033,PRD00045,57,11,Adequate,4.8,2026-05-12,A1
INV0002606,20241231,STR0033,PRD00046,28,40,Reorder Required,3.5,2026-05-10,B1
INV0002607,20241231,STR0033,PRD00047,98,14,Adequate,24.5,2026-06-29,C1
INV0002608,20241231,STR0033,PRD00048,169,31,Adequate,12.1,2026-05-19,A1
INV0002609,20241231,STR0033,PRD00049,198,41,Adequate,49.5,2026-05-22,C2
INV0002610,20241231,STR0033,PRD00050,165,39,Adequate,18.3,2026-05-14,C1
INV0002611,20241231,STR0033,PRD00051,63,26,Adequate,4.8,2026-06-23,B2
INV0002612,20241231,STR0033,PRD00052,197,13,Adequate,39.4,2026-06-05,C1
INV0002613,20241231,STR0033,PRD00053,38,20,Adequate,3.8,2026-07-01,A1
INV0002614,20241231,STR0033,PRD00054,56,19,Adequate,4.3,2026-05-21,A1
INV0002615,20241231,STR0033,PRD00055,200,38,Adequate,16.7,2026-06-26,C1
INV0002616,20241231,STR0033,PRD00056,151,30,Adequate,25.2,2026-05-31,C2
INV0002617,20241231,STR0033,PRD00057,75,44,Adequate,8.3,2026-05-22,C1
INV0002618,20241231,STR0033,PRD00058,48,19,Adequate,24.0,2026-07-02,B2
INV0002619,20241231,STR0033,PRD00059,32,44,Reorder Required,2.1,2026-06-18,C1
INV0002620,20241231,STR0033,PRD00060,87,28,Adequate,14.5,2026-05-13,D1
INV0002621,20241231,STR0033,PRD00061,80,38,Adequate,40.0,2026-05-13,A2
INV0002622,20241231,STR0033,PRD00062,46,18,Adequate,4.2,2026-06-05,D1
INV0002623,20241231,STR0033,PRD00063,143,24,Adequate,71.5,2026-07-01,A1
INV0002624,20241231,STR0033,PRD00064,161,22,Adequate,32.2,2026-06-20,B2
INV0002625,20241231,STR0033,PRD00065,38,22,Adequate,2.7,2026-05-15,C1
INV0002626,20241231,STR0033,PRD00066,165,15,Adequate,165.0,2026-07-03,A1
INV0002627,20241231,STR0033,PRD00067,137,42,Adequate,13.7,2026-05-30,B1
INV0002628,20241231,STR0033,PRD00068,80,37,Adequate,10.0,2026-06-08,D1
INV0002629,20241231,STR0033,PRD00069,153,29,Adequate,19.1,2026-06-15,C2
INV0002630,20241231,STR0033,PRD00070,140,38,Adequate,10.0,2026-05-18,D1
INV0002631,20241231,STR0033,PRD00071,47,37,Adequate,7.8,2026-05-31,C2
INV0002632,20241231,STR0033,PRD00072,13,15,Reorder Required,1.1,2026-06-07,B1
INV0002633,20241231,STR0033,PRD00073,63,31,Adequate,6.3,2026-07-04,C2
INV0002634,20241231,STR0033,PRD00074,141,10,Adequate,9.4,2026-06-24,A1
INV0002635,20241231,STR0033,PRD00075,16,39,Reorder Required,1.5,2026-06-02,B2
INV0002636,20241231,STR0033,PRD00076,58,34,Adequate,29.0,2026-06-23,A2
INV0002637,20241231,STR0033,PRD00077,54,47,Adequate,27.0,2026-06-20,C1
INV0002638,20241231,STR0033,PRD00078,37,10,Adequate,6.2,2026-06-13,D1
INV0002639,20241231,STR0033,PRD00079,78,28,Adequate,9.8,2026-06-23,B1
INV0002640,20241231,STR0033,PRD00080,58,11,Adequate,11.6,2026-06-07,B1
INV0002641,20241231,STR0034,PRD00001,132,50,Adequate,14.7,2026-07-05,A1
INV0002642,20241231,STR0034,PRD00002,55,17,Adequate,55.0,2026-06-05,C1
INV0002643,20241231,STR0034,PRD00003,178,44,Adequate,178.0,2026-05-20,C1
INV0002644,20241231,STR0034,PRD00004,17,27,Reorder Required,1.5,2026-05-23,B2
INV0002645,20241231,STR0034,PRD00005,58,40,Adequate,6.4,2026-06-25,B2
INV0002646,20241231,STR0034,PRD00006,154,33,Adequate,22.0,2026-05-24,C1
INV0002647,20241231,STR0034,PRD00007,178,39,Adequate,25.4,2026-05-25,B1
INV0002648,20241231,STR0034,PRD00008,125,20,Adequate,15.6,2026-06-28,B2
INV0002649,20241231,STR0034,PRD00009,109,38,Adequate,21.8,2026-06-08,C1
INV0002650,20241231,STR0034,PRD00010,102,30,Adequate,7.3,2026-06-18,D1
INV0002651,20241231,STR0034,PRD00011,147,36,Adequate,9.8,2026-06-20,C1
INV0002652,20241231,STR0034,PRD00012,141,13,Adequate,47.0,2026-05-18,B2
INV0002653,20241231,STR0034,PRD00013,83,34,Adequate,16.6,2026-05-19,C1
INV0002654,20241231,STR0034,PRD00014,139,27,Adequate,19.9,2026-05-30,B2
INV0002655,20241231,STR0034,PRD00015,52,27,Adequate,4.7,2026-06-16,B1
INV0002656,20241231,STR0034,PRD00016,54,31,Adequate,4.9,2026-06-18,C1
INV0002657,20241231,STR0034,PRD00017,23,50,Reorder Required,1.9,2026-05-31,A1
INV0002658,20241231,STR0034,PRD00018,144,24,Adequate,20.6,2026-06-22,B2
INV0002659,20241231,STR0034,PRD00019,167,23,Adequate,13.9,2026-06-17,C1
INV0002660,20241231,STR0034,PRD00020,173,37,Adequate,173.0,2026-06-19,A2
INV0002661,20241231,STR0034,PRD00021,35,24,Adequate,17.5,2026-05-25,C1
INV0002662,20241231,STR0034,PRD00022,28,12,Adequate,4.0,2026-06-04,B2
INV0002663,20241231,STR0034,PRD00023,126,37,Adequate,8.4,2026-05-12,B1
INV0002664,20241231,STR0034,PRD00024,198,16,Adequate,18.0,2026-05-16,C1
INV0002665,20241231,STR0034,PRD00025,82,36,Adequate,5.9,2026-06-22,B1
INV0002666,20241231,STR0034,PRD00026,28,15,Adequate,4.0,2026-06-06,C1
INV0002667,20241231,STR0034,PRD00027,163,46,Adequate,10.9,2026-05-19,D1
INV0002668,20241231,STR0034,PRD00028,91,18,Adequate,7.0,2026-06-18,A2
INV0002669,20241231,STR0034,PRD00029,200,10,Adequate,100.0,2026-07-01,C1
INV0002670,20241231,STR0034,PRD00030,35,12,Adequate,2.5,2026-05-13,A1
INV0002671,20241231,STR0034,PRD00031,115,44,Adequate,19.2,2026-06-13,A2
INV0002672,20241231,STR0034,PRD00032,139,31,Adequate,11.6,2026-05-30,B1
INV0002673,20241231,STR0034,PRD00033,118,33,Adequate,29.5,2026-07-03,C2
INV0002674,20241231,STR0034,PRD00034,110,33,Adequate,55.0,2026-06-29,A2
INV0002675,20241231,STR0034,PRD00035,110,23,Adequate,13.8,2026-07-01,D1
INV0002676,20241231,STR0034,PRD00036,96,40,Adequate,13.7,2026-07-01,B1
INV0002677,20241231,STR0034,PRD00037,49,23,Adequate,6.1,2026-06-18,C2
INV0002678,20241231,STR0034,PRD00038,1,27,Reorder Required,1.0,2026-06-30,D1
INV0002679,20241231,STR0034,PRD00039,178,38,Adequate,19.8,2026-06-20,C1
INV0002680,20241231,STR0034,PRD00040,194,44,Adequate,14.9,2026-05-30,C1
INV0002681,20241231,STR0034,PRD00041,20,33,Reorder Required,2.9,2026-05-13,D1
INV0002682,20241231,STR0034,PRD00042,134,14,Adequate,26.8,2026-06-22,C2
INV0002683,20241231,STR0034,PRD00043,128,21,Adequate,12.8,2026-05-23,A1
INV0002684,20241231,STR0034,PRD00044,69,19,Adequate,23.0,2026-07-04,B1
INV0002685,20241231,STR0034,PRD00045,106,11,Adequate,8.8,2026-06-05,A1
INV0002686,20241231,STR0034,PRD00046,151,40,Adequate,21.6,2026-06-21,A1
INV0002687,20241231,STR0034,PRD00047,25,14,Adequate,1.8,2026-06-23,A2
INV0002688,20241231,STR0034,PRD00048,74,31,Adequate,6.2,2026-05-19,A2
INV0002689,20241231,STR0034,PRD00049,156,41,Adequate,156.0,2026-06-23,B1
INV0002690,20241231,STR0034,PRD00050,124,39,Adequate,62.0,2026-05-19,C2
INV0002691,20241231,STR0034,PRD00051,145,26,Adequate,13.2,2026-06-19,C2
INV0002692,20241231,STR0034,PRD00052,135,13,Adequate,27.0,2026-05-15,B1
INV0002693,20241231,STR0034,PRD00053,102,20,Adequate,11.3,2026-06-14,C1
INV0002694,20241231,STR0034,PRD00054,145,19,Adequate,9.7,2026-06-28,D1
INV0002695,20241231,STR0034,PRD00055,100,38,Adequate,11.1,2026-06-06,B2
INV0002696,20241231,STR0034,PRD00056,104,30,Adequate,10.4,2026-06-19,C2
INV0002697,20241231,STR0034,PRD00057,106,44,Adequate,106.0,2026-06-01,D1
INV0002698,20241231,STR0034,PRD00058,123,19,Adequate,17.6,2026-06-14,D1
INV0002699,20241231,STR0034,PRD00059,38,44,Reorder Required,3.8,2026-06-15,A1
INV0002700,20241231,STR0034,PRD00060,41,28,Adequate,2.7,2026-06-28,D1
INV0002701,20241231,STR0034,PRD00061,41,38,Adequate,4.1,2026-05-30,A2
INV0002702,20241231,STR0034,PRD00062,115,18,Adequate,11.5,2026-05-30,B1
INV0002703,20241231,STR0034,PRD00063,112,24,Adequate,28.0,2026-05-19,B2
INV0002704,20241231,STR0034,PRD00064,2,22,Reorder Required,0.4,2026-05-31,B2
INV0002705,20241231,STR0034,PRD00065,192,22,Adequate,96.0,2026-06-28,B1
INV0002706,20241231,STR0034,PRD00066,28,15,Adequate,3.5,2026-07-03,B2
INV0002707,20241231,STR0034,PRD00067,72,42,Adequate,10.3,2026-06-12,B1
INV0002708,20241231,STR0034,PRD00068,55,37,Adequate,18.3,2026-06-29,B2
INV0002709,20241231,STR0034,PRD00069,173,29,Adequate,24.7,2026-06-10,C2
INV0002710,20241231,STR0034,PRD00070,111,38,Adequate,7.9,2026-07-03,C1
INV0002711,20241231,STR0034,PRD00071,94,37,Adequate,31.3,2026-06-01,B1
INV0002712,20241231,STR0034,PRD00072,37,15,Adequate,6.2,2026-06-29,C2
INV0002713,20241231,STR0034,PRD00073,75,31,Adequate,5.4,2026-06-09,A1
INV0002714,20241231,STR0034,PRD00074,80,10,Adequate,16.0,2026-05-23,B1
INV0002715,20241231,STR0034,PRD00075,79,39,Adequate,5.3,2026-05-28,B2
INV0002716,20241231,STR0034,PRD00076,84,34,Adequate,6.5,2026-06-17,C2
INV0002717,20241231,STR0034,PRD00077,63,47,Adequate,21.0,2026-05-14,C2
INV0002718,20241231,STR0034,PRD00078,152,10,Adequate,21.7,2026-06-08,D1
INV0002719,20241231,STR0034,PRD00079,30,28,Adequate,2.7,2026-05-27,B2
INV0002720,20241231,STR0034,PRD00080,83,11,Adequate,8.3,2026-06-24,A1
INV0002721,20241231,STR0035,PRD00001,161,50,Adequate,14.6,2026-06-12,B1
INV0002722,20241231,STR0035,PRD00002,3,17,Reorder Required,0.8,2026-05-21,A2
INV0002723,20241231,STR0035,PRD00003,123,44,Adequate,30.8,2026-05-17,B2
INV0002724,20241231,STR0035,PRD00004,4,27,Reorder Required,0.4,2026-06-16,C2
INV0002725,20241231,STR0035,PRD00005,2,40,Reorder Required,0.2,2026-05-10,B2
INV0002726,20241231,STR0035,PRD00006,173,33,Adequate,34.6,2026-06-12,B1
INV0002727,20241231,STR0035,PRD00007,106,39,Adequate,10.6,2026-06-18,B1
INV0002728,20241231,STR0035,PRD00008,22,20,Adequate,2.8,2026-06-29,B1
INV0002729,20241231,STR0035,PRD00009,41,38,Adequate,41.0,2026-06-30,D1
INV0002730,20241231,STR0035,PRD00010,87,30,Adequate,9.7,2026-05-26,C2
INV0002731,20241231,STR0035,PRD00011,131,36,Adequate,26.2,2026-06-18,B2
INV0002732,20241231,STR0035,PRD00012,109,13,Adequate,36.3,2026-06-20,B1
INV0002733,20241231,STR0035,PRD00013,42,34,Adequate,14.0,2026-06-27,C2
INV0002734,20241231,STR0035,PRD00014,187,27,Adequate,93.5,2026-07-04,B2
INV0002735,20241231,STR0035,PRD00015,53,27,Adequate,3.8,2026-06-11,C2
INV0002736,20241231,STR0035,PRD00016,146,31,Adequate,36.5,2026-06-12,B1
INV0002737,20241231,STR0035,PRD00017,135,50,Adequate,11.2,2026-05-17,C1
INV0002738,20241231,STR0035,PRD00018,170,24,Adequate,12.1,2026-05-20,D1
INV0002739,20241231,STR0035,PRD00019,27,23,Adequate,2.1,2026-06-23,C1
INV0002740,20241231,STR0035,PRD00020,17,37,Reorder Required,2.4,2026-05-20,A2
INV0002741,20241231,STR0035,PRD00021,143,24,Adequate,11.0,2026-05-29,B2
INV0002742,20241231,STR0035,PRD00022,1,12,Reorder Required,0.1,2026-05-31,C1
INV0002743,20241231,STR0035,PRD00023,34,37,Reorder Required,3.8,2026-05-31,C2
INV0002744,20241231,STR0035,PRD00024,80,16,Adequate,8.9,2026-05-29,B1
INV0002745,20241231,STR0035,PRD00025,142,36,Adequate,35.5,2026-05-28,B2
INV0002746,20241231,STR0035,PRD00026,66,15,Adequate,5.5,2026-06-20,A2
INV0002747,20241231,STR0035,PRD00027,24,46,Reorder Required,4.8,2026-05-11,D1
INV0002748,20241231,STR0035,PRD00028,14,18,Reorder Required,1.1,2026-05-16,D1
INV0002749,20241231,STR0035,PRD00029,158,10,Adequate,158.0,2026-06-01,C2
INV0002750,20241231,STR0035,PRD00030,176,12,Adequate,16.0,2026-05-09,D1
INV0002751,20241231,STR0035,PRD00031,91,44,Adequate,9.1,2026-06-07,B1
INV0002752,20241231,STR0035,PRD00032,81,31,Adequate,13.5,2026-06-29,C1
INV0002753,20241231,STR0035,PRD00033,68,33,Adequate,13.6,2026-06-20,C1
INV0002754,20241231,STR0035,PRD00034,61,33,Adequate,10.2,2026-06-26,A1
INV0002755,20241231,STR0035,PRD00035,53,23,Adequate,4.4,2026-05-27,A1
INV0002756,20241231,STR0035,PRD00036,175,40,Adequate,35.0,2026-06-10,A2
INV0002757,20241231,STR0035,PRD00037,185,23,Adequate,12.3,2026-05-18,C1
INV0002758,20241231,STR0035,PRD00038,171,27,Adequate,12.2,2026-05-24,A1
INV0002759,20241231,STR0035,PRD00039,151,38,Adequate,18.9,2026-05-20,B1
INV0002760,20241231,STR0035,PRD00040,17,44,Reorder Required,2.8,2026-06-08,B1
INV0002761,20241231,STR0035,PRD00041,200,33,Adequate,25.0,2026-05-31,B2
INV0002762,20241231,STR0035,PRD00042,94,14,Adequate,15.7,2026-06-13,C1
INV0002763,20241231,STR0035,PRD00043,48,21,Adequate,6.0,2026-06-18,B2
INV0002764,20241231,STR0035,PRD00044,185,19,Adequate,18.5,2026-06-20,A1
INV0002765,20241231,STR0035,PRD00045,115,11,Adequate,10.5,2026-05-13,A1
INV0002766,20241231,STR0035,PRD00046,79,40,Adequate,8.8,2026-05-16,B1
INV0002767,20241231,STR0035,PRD00047,19,14,Adequate,2.1,2026-06-26,D1
INV0002768,20241231,STR0035,PRD00048,183,31,Adequate,91.5,2026-07-04,C1
INV0002769,20241231,STR0035,PRD00049,78,41,Adequate,7.8,2026-05-23,A2
INV0002770,20241231,STR0035,PRD00050,79,39,Adequate,39.5,2026-06-27,C1
INV0002771,20241231,STR0035,PRD00051,33,26,Adequate,2.8,2026-07-06,B2
INV0002772,20241231,STR0035,PRD00052,125,13,Adequate,15.6,2026-07-05,A2
INV0002773,20241231,STR0035,PRD00053,150,20,Adequate,16.7,2026-06-14,B1
INV0002774,20241231,STR0035,PRD00054,126,19,Adequate,9.7,2026-06-28,C2
INV0002775,20241231,STR0035,PRD00055,9,38,Reorder Required,3.0,2026-06-18,B1
INV0002776,20241231,STR0035,PRD00056,135,30,Adequate,22.5,2026-06-28,A1
INV0002777,20241231,STR0035,PRD00057,79,44,Adequate,5.6,2026-05-30,C1
INV0002778,20241231,STR0035,PRD00058,18,19,Reorder Required,9.0,2026-07-06,B2
INV0002779,20241231,STR0035,PRD00059,114,44,Adequate,10.4,2026-05-13,A2
INV0002780,20241231,STR0035,PRD00060,94,28,Adequate,8.5,2026-05-28,B1
INV0002781,20241231,STR0035,PRD00061,200,38,Adequate,33.3,2026-05-13,C2
INV0002782,20241231,STR0035,PRD00062,53,18,Adequate,3.5,2026-07-02,B2
INV0002783,20241231,STR0035,PRD00063,194,24,Adequate,16.2,2026-06-22,A1
INV0002784,20241231,STR0035,PRD00064,101,22,Adequate,33.7,2026-05-15,D1
INV0002785,20241231,STR0035,PRD00065,103,22,Adequate,8.6,2026-07-02,C2
INV0002786,20241231,STR0035,PRD00066,157,15,Adequate,31.4,2026-05-10,C1
INV0002787,20241231,STR0035,PRD00067,140,42,Adequate,14.0,2026-06-02,C1
INV0002788,20241231,STR0035,PRD00068,176,37,Adequate,176.0,2026-06-05,B1
INV0002789,20241231,STR0035,PRD00069,40,29,Adequate,3.3,2026-05-20,C1
INV0002790,20241231,STR0035,PRD00070,108,38,Adequate,27.0,2026-06-28,C1
INV0002791,20241231,STR0035,PRD00071,43,37,Adequate,21.5,2026-06-22,A1
INV0002792,20241231,STR0035,PRD00072,167,15,Adequate,15.2,2026-06-22,C1
INV0002793,20241231,STR0035,PRD00073,28,31,Reorder Required,28.0,2026-06-04,A1
INV0002794,20241231,STR0035,PRD00074,131,10,Adequate,8.7,2026-06-10,C2
INV0002795,20241231,STR0035,PRD00075,5,39,Reorder Required,1.2,2026-05-28,D1
INV0002796,20241231,STR0035,PRD00076,21,34,Reorder Required,1.4,2026-06-12,C1
INV0002797,20241231,STR0035,PRD00077,94,47,Adequate,8.5,2026-06-30,C2
INV0002798,20241231,STR0035,PRD00078,63,10,Adequate,4.5,2026-06-01,D1
INV0002799,20241231,STR0035,PRD00079,146,28,Adequate,20.9,2026-05-09,A1
INV0002800,20241231,STR0035,PRD00080,146,11,Adequate,12.2,2026-05-22,A2
INV0002801,20241231,STR0036,PRD00001,176,50,Adequate,22.0,2026-05-22,A2
INV0002802,20241231,STR0036,PRD00002,69,17,Adequate,9.9,2026-07-06,A2
INV0002803,20241231,STR0036,PRD00003,111,44,Adequate,22.2,2026-06-30,D1
INV0002804,20241231,STR0036,PRD00004,38,27,Adequate,9.5,2026-05-19,B1
INV0002805,20241231,STR0036,PRD00005,119,40,Adequate,9.9,2026-06-05,C1
INV0002806,20241231,STR0036,PRD00006,121,33,Adequate,17.3,2026-05-18,C1
INV0002807,20241231,STR0036,PRD00007,129,39,Adequate,64.5,2026-06-29,B1
INV0002808,20241231,STR0036,PRD00008,177,20,Adequate,88.5,2026-06-09,A1
INV0002809,20241231,STR0036,PRD00009,113,38,Adequate,9.4,2026-05-18,D1
INV0002810,20241231,STR0036,PRD00010,147,30,Adequate,49.0,2026-06-13,D1
INV0002811,20241231,STR0036,PRD00011,75,36,Adequate,5.0,2026-06-01,B1
INV0002812,20241231,STR0036,PRD00012,98,13,Adequate,16.3,2026-07-01,B2
INV0002813,20241231,STR0036,PRD00013,128,34,Adequate,10.7,2026-07-01,D1
INV0002814,20241231,STR0036,PRD00014,160,27,Adequate,40.0,2026-06-04,D1
INV0002815,20241231,STR0036,PRD00015,20,27,Reorder Required,2.0,2026-05-29,C2
INV0002816,20241231,STR0036,PRD00016,179,31,Adequate,14.9,2026-06-13,A2
INV0002817,20241231,STR0036,PRD00017,182,50,Adequate,15.2,2026-06-10,C2
INV0002818,20241231,STR0036,PRD00018,165,24,Adequate,165.0,2026-05-15,B2
INV0002819,20241231,STR0036,PRD00019,158,23,Adequate,22.6,2026-06-06,C1
INV0002820,20241231,STR0036,PRD00020,176,37,Adequate,35.2,2026-05-29,C2
INV0002821,20241231,STR0036,PRD00021,126,24,Adequate,14.0,2026-05-17,C2
INV0002822,20241231,STR0036,PRD00022,61,12,Adequate,15.2,2026-06-07,A2
INV0002823,20241231,STR0036,PRD00023,95,37,Adequate,19.0,2026-05-20,D1
INV0002824,20241231,STR0036,PRD00024,155,16,Adequate,12.9,2026-06-10,A1
INV0002825,20241231,STR0036,PRD00025,111,36,Adequate,37.0,2026-06-30,B1
INV0002826,20241231,STR0036,PRD00026,121,15,Adequate,60.5,2026-05-11,B2
INV0002827,20241231,STR0036,PRD00027,16,46,Reorder Required,1.2,2026-06-15,D1
INV0002828,20241231,STR0036,PRD00028,68,18,Adequate,4.9,2026-06-24,C1
INV0002829,20241231,STR0036,PRD00029,109,10,Adequate,10.9,2026-05-09,C2
INV0002830,20241231,STR0036,PRD00030,178,12,Adequate,13.7,2026-05-16,A1
INV0002831,20241231,STR0036,PRD00031,54,44,Adequate,54.0,2026-06-15,B2
INV0002832,20241231,STR0036,PRD00032,6,31,Reorder Required,0.5,2026-05-22,C2
INV0002833,20241231,STR0036,PRD00033,118,33,Adequate,23.6,2026-05-18,A1
INV0002834,20241231,STR0036,PRD00034,173,33,Adequate,15.7,2026-06-21,D1
INV0002835,20241231,STR0036,PRD00035,104,23,Adequate,6.9,2026-05-17,D1
INV0002836,20241231,STR0036,PRD00036,101,40,Adequate,7.2,2026-06-12,B2
INV0002837,20241231,STR0036,PRD00037,26,23,Adequate,2.6,2026-06-25,B1
INV0002838,20241231,STR0036,PRD00038,83,27,Adequate,83.0,2026-05-27,A1
INV0002839,20241231,STR0036,PRD00039,137,38,Adequate,17.1,2026-07-01,A1
INV0002840,20241231,STR0036,PRD00040,53,44,Adequate,3.5,2026-06-03,A1
INV0002841,20241231,STR0036,PRD00041,15,33,Reorder Required,1.2,2026-06-14,C2
INV0002842,20241231,STR0036,PRD00042,157,14,Adequate,14.3,2026-05-24,B1
INV0002843,20241231,STR0036,PRD00043,20,21,Reorder Required,2.5,2026-06-07,C1
INV0002844,20241231,STR0036,PRD00044,128,19,Adequate,64.0,2026-06-24,B1
INV0002845,20241231,STR0036,PRD00045,118,11,Adequate,13.1,2026-07-06,C1
INV0002846,20241231,STR0036,PRD00046,79,40,Adequate,7.2,2026-05-27,B1
INV0002847,20241231,STR0036,PRD00047,64,14,Adequate,5.8,2026-05-23,A1
INV0002848,20241231,STR0036,PRD00048,156,31,Adequate,13.0,2026-05-12,B1
INV0002849,20241231,STR0036,PRD00049,95,41,Adequate,31.7,2026-07-01,D1
INV0002850,20241231,STR0036,PRD00050,193,39,Adequate,14.8,2026-05-14,D1
INV0002851,20241231,STR0036,PRD00051,96,26,Adequate,10.7,2026-06-17,B2
INV0002852,20241231,STR0036,PRD00052,35,13,Adequate,2.5,2026-05-20,C1
INV0002853,20241231,STR0036,PRD00053,22,20,Adequate,3.1,2026-05-15,B2
INV0002854,20241231,STR0036,PRD00054,84,19,Adequate,8.4,2026-06-02,B1
INV0002855,20241231,STR0036,PRD00055,164,38,Adequate,11.7,2026-05-15,A2
INV0002856,20241231,STR0036,PRD00056,12,30,Reorder Required,1.1,2026-06-16,D1
INV0002857,20241231,STR0036,PRD00057,75,44,Adequate,10.7,2026-06-29,B1
INV0002858,20241231,STR0036,PRD00058,32,19,Adequate,16.0,2026-06-22,D1
INV0002859,20241231,STR0036,PRD00059,199,44,Adequate,24.9,2026-06-06,D1
INV0002860,20241231,STR0036,PRD00060,100,28,Adequate,25.0,2026-06-04,C2
INV0002861,20241231,STR0036,PRD00061,137,38,Adequate,9.1,2026-06-07,C1
INV0002862,20241231,STR0036,PRD00062,62,18,Adequate,62.0,2026-05-31,A2
INV0002863,20241231,STR0036,PRD00063,75,24,Adequate,6.2,2026-05-21,D1
INV0002864,20241231,STR0036,PRD00064,54,22,Adequate,6.0,2026-06-09,B1
INV0002865,20241231,STR0036,PRD00065,182,22,Adequate,182.0,2026-05-28,B1
INV0002866,20241231,STR0036,PRD00066,47,15,Adequate,3.1,2026-05-17,B2
INV0002867,20241231,STR0036,PRD00067,78,42,Adequate,8.7,2026-06-26,D1
INV0002868,20241231,STR0036,PRD00068,125,37,Adequate,11.4,2026-05-08,A1
INV0002869,20241231,STR0036,PRD00069,99,29,Adequate,16.5,2026-07-05,A1
INV0002870,20241231,STR0036,PRD00070,68,38,Adequate,5.2,2026-05-27,D1
INV0002871,20241231,STR0036,PRD00071,142,37,Adequate,14.2,2026-07-03,A1
INV0002872,20241231,STR0036,PRD00072,90,15,Adequate,11.2,2026-06-06,B2
INV0002873,20241231,STR0036,PRD00073,143,31,Adequate,11.0,2026-07-01,A2
INV0002874,20241231,STR0036,PRD00074,141,10,Adequate,35.2,2026-07-04,C2
INV0002875,20241231,STR0036,PRD00075,3,39,Reorder Required,0.2,2026-05-26,D1
INV0002876,20241231,STR0036,PRD00076,9,34,Reorder Required,0.6,2026-05-14,A1
INV0002877,20241231,STR0036,PRD00077,56,47,Adequate,18.7,2026-05-20,A2
INV0002878,20241231,STR0036,PRD00078,81,10,Adequate,40.5,2026-06-01,A2
INV0002879,20241231,STR0036,PRD00079,157,28,Adequate,17.4,2026-06-23,C1
INV0002880,20241231,STR0036,PRD00080,189,11,Adequate,12.6,2026-06-12,A2
INV0002881,20241231,STR0037,PRD00001,77,50,Adequate,7.0,2026-05-09,C2
INV0002882,20241231,STR0037,PRD00002,103,17,Adequate,11.4,2026-06-04,D1
INV0002883,20241231,STR0037,PRD00003,196,44,Adequate,49.0,2026-06-14,A2
INV0002884,20241231,STR0037,PRD00004,99,27,Adequate,7.1,2026-06-03,C2
INV0002885,20241231,STR0037,PRD00005,102,40,Adequate,14.6,2026-06-09,D1
INV0002886,20241231,STR0037,PRD00006,53,33,Adequate,8.8,2026-05-13,B1
INV0002887,20241231,STR0037,PRD00007,101,39,Adequate,12.6,2026-06-11,D1
INV0002888,20241231,STR0037,PRD00008,38,20,Adequate,6.3,2026-07-04,B1
INV0002889,20241231,STR0037,PRD00009,133,38,Adequate,19.0,2026-05-29,C1
INV0002890,20241231,STR0037,PRD00010,100,30,Adequate,10.0,2026-05-24,A1
INV0002891,20241231,STR0037,PRD00011,106,36,Adequate,15.1,2026-06-17,C2
INV0002892,20241231,STR0037,PRD00012,89,13,Adequate,11.1,2026-05-30,C1
INV0002893,20241231,STR0037,PRD00013,120,34,Adequate,120.0,2026-05-16,B2
INV0002894,20241231,STR0037,PRD00014,109,27,Adequate,18.2,2026-06-14,C1
INV0002895,20241231,STR0037,PRD00015,84,27,Adequate,9.3,2026-06-29,D1
INV0002896,20241231,STR0037,PRD00016,143,31,Adequate,35.8,2026-06-13,D1
INV0002897,20241231,STR0037,PRD00017,184,50,Adequate,18.4,2026-06-21,D1
INV0002898,20241231,STR0037,PRD00018,110,24,Adequate,7.3,2026-05-10,C1
INV0002899,20241231,STR0037,PRD00019,103,23,Adequate,6.9,2026-06-26,D1
INV0002900,20241231,STR0037,PRD00020,165,37,Adequate,27.5,2026-06-16,A1
INV0002901,20241231,STR0037,PRD00021,161,24,Adequate,80.5,2026-06-19,B2
INV0002902,20241231,STR0037,PRD00022,189,12,Adequate,13.5,2026-07-04,C1
INV0002903,20241231,STR0037,PRD00023,198,37,Adequate,16.5,2026-07-05,B1
INV0002904,20241231,STR0037,PRD00024,37,16,Adequate,3.7,2026-06-17,A2
INV0002905,20241231,STR0037,PRD00025,111,36,Adequate,8.5,2026-06-26,B1
INV0002906,20241231,STR0037,PRD00026,47,15,Adequate,23.5,2026-06-15,B1
INV0002907,20241231,STR0037,PRD00027,117,46,Adequate,19.5,2026-05-22,B1
INV0002908,20241231,STR0037,PRD00028,82,18,Adequate,5.5,2026-05-19,A2
INV0002909,20241231,STR0037,PRD00029,176,10,Adequate,16.0,2026-06-08,A2
INV0002910,20241231,STR0037,PRD00030,172,12,Adequate,14.3,2026-06-05,B1
INV0002911,20241231,STR0037,PRD00031,170,44,Adequate,85.0,2026-06-13,C2
INV0002912,20241231,STR0037,PRD00032,22,31,Reorder Required,11.0,2026-06-27,B2
INV0002913,20241231,STR0037,PRD00033,144,33,Adequate,28.8,2026-06-08,B1
INV0002914,20241231,STR0037,PRD00034,171,33,Adequate,19.0,2026-06-05,A1
INV0002915,20241231,STR0037,PRD00035,30,23,Adequate,2.5,2026-06-26,A1
INV0002916,20241231,STR0037,PRD00036,59,40,Adequate,29.5,2026-06-14,C2
INV0002917,20241231,STR0037,PRD00037,153,23,Adequate,17.0,2026-05-18,A2
INV0002918,20241231,STR0037,PRD00038,80,27,Adequate,8.9,2026-07-05,C1
INV0002919,20241231,STR0037,PRD00039,94,38,Adequate,8.5,2026-06-12,D1
INV0002920,20241231,STR0037,PRD00040,194,44,Adequate,24.2,2026-06-10,B1
INV0002921,20241231,STR0037,PRD00041,87,33,Adequate,10.9,2026-05-27,C1
INV0002922,20241231,STR0037,PRD00042,186,14,Adequate,15.5,2026-05-25,C1
INV0002923,20241231,STR0037,PRD00043,172,21,Adequate,172.0,2026-05-08,B2
INV0002924,20241231,STR0037,PRD00044,29,19,Adequate,4.1,2026-06-22,A2
INV0002925,20241231,STR0037,PRD00045,30,11,Adequate,4.3,2026-05-10,A1
INV0002926,20241231,STR0037,PRD00046,123,40,Adequate,11.2,2026-06-07,B1
INV0002927,20241231,STR0037,PRD00047,54,14,Adequate,6.0,2026-06-13,D1
INV0002928,20241231,STR0037,PRD00048,63,31,Adequate,4.5,2026-07-05,A1
INV0002929,20241231,STR0037,PRD00049,97,41,Adequate,10.8,2026-06-05,B2
INV0002930,20241231,STR0037,PRD00050,107,39,Adequate,9.7,2026-05-28,B2
INV0002931,20241231,STR0037,PRD00051,160,26,Adequate,17.8,2026-06-02,C1
INV0002932,20241231,STR0037,PRD00052,139,13,Adequate,10.7,2026-06-16,C1
INV0002933,20241231,STR0037,PRD00053,31,20,Adequate,7.8,2026-06-13,A2
INV0002934,20241231,STR0037,PRD00054,189,19,Adequate,13.5,2026-06-19,C1
INV0002935,20241231,STR0037,PRD00055,10,38,Reorder Required,5.0,2026-06-26,A2
INV0002936,20241231,STR0037,PRD00056,11,30,Reorder Required,5.5,2026-07-06,B1
INV0002937,20241231,STR0037,PRD00057,31,44,Reorder Required,2.8,2026-07-06,B1
INV0002938,20241231,STR0037,PRD00058,188,19,Adequate,47.0,2026-05-17,B2
INV0002939,20241231,STR0037,PRD00059,98,44,Adequate,8.2,2026-05-13,B1
INV0002940,20241231,STR0037,PRD00060,43,28,Adequate,6.1,2026-06-21,A2
INV0002941,20241231,STR0037,PRD00061,156,38,Adequate,11.1,2026-05-15,B2
INV0002942,20241231,STR0037,PRD00062,176,18,Adequate,22.0,2026-06-01,B2
INV0002943,20241231,STR0037,PRD00063,18,24,Reorder Required,4.5,2026-06-11,D1
INV0002944,20241231,STR0037,PRD00064,126,22,Adequate,21.0,2026-05-31,D1
INV0002945,20241231,STR0037,PRD00065,114,22,Adequate,12.7,2026-05-08,B1
INV0002946,20241231,STR0037,PRD00066,47,15,Adequate,23.5,2026-05-17,B1
INV0002947,20241231,STR0037,PRD00067,128,42,Adequate,10.7,2026-05-31,C1
INV0002948,20241231,STR0037,PRD00068,137,37,Adequate,11.4,2026-06-02,C1
INV0002949,20241231,STR0037,PRD00069,53,29,Adequate,10.6,2026-06-21,A1
INV0002950,20241231,STR0037,PRD00070,92,38,Adequate,8.4,2026-05-09,C2
INV0002951,20241231,STR0037,PRD00071,97,37,Adequate,19.4,2026-05-29,A2
INV0002952,20241231,STR0037,PRD00072,62,15,Adequate,5.6,2026-07-04,B2
INV0002953,20241231,STR0037,PRD00073,18,31,Reorder Required,3.0,2026-05-17,C2
INV0002954,20241231,STR0037,PRD00074,72,10,Adequate,8.0,2026-06-09,D1
INV0002955,20241231,STR0037,PRD00075,3,39,Reorder Required,3.0,2026-05-16,C1
INV0002956,20241231,STR0037,PRD00076,22,34,Reorder Required,3.1,2026-06-15,A1
INV0002957,20241231,STR0037,PRD00077,45,47,Reorder Required,3.8,2026-06-04,B1
INV0002958,20241231,STR0037,PRD00078,172,10,Adequate,86.0,2026-05-11,D1
INV0002959,20241231,STR0037,PRD00079,49,28,Adequate,9.8,2026-07-03,D1
INV0002960,20241231,STR0037,PRD00080,43,11,Adequate,4.8,2026-05-13,A2
INV0002961,20241231,STR0038,PRD00001,52,50,Adequate,3.5,2026-05-19,C1
INV0002962,20241231,STR0038,PRD00002,180,17,Adequate,16.4,2026-05-20,C2
INV0002963,20241231,STR0038,PRD00003,109,44,Adequate,7.3,2026-06-29,D1
INV0002964,20241231,STR0038,PRD00004,193,27,Adequate,64.3,2026-06-11,A2
INV0002965,20241231,STR0038,PRD00005,13,40,Reorder Required,1.0,2026-06-14,A1
INV0002966,20241231,STR0038,PRD00006,166,33,Adequate,83.0,2026-07-01,B2
INV0002967,20241231,STR0038,PRD00007,87,39,Adequate,7.2,2026-05-28,D1
INV0002968,20241231,STR0038,PRD00008,59,20,Adequate,11.8,2026-05-13,C2
INV0002969,20241231,STR0038,PRD00009,12,38,Reorder Required,6.0,2026-06-16,B1
INV0002970,20241231,STR0038,PRD00010,153,30,Adequate,10.2,2026-05-21,A2
INV0002971,20241231,STR0038,PRD00011,17,36,Reorder Required,1.3,2026-06-29,D1
INV0002972,20241231,STR0038,PRD00012,57,13,Adequate,19.0,2026-07-02,A1
INV0002973,20241231,STR0038,PRD00013,42,34,Adequate,4.7,2026-05-27,D1
INV0002974,20241231,STR0038,PRD00014,36,27,Adequate,2.6,2026-05-13,A1
INV0002975,20241231,STR0038,PRD00015,139,27,Adequate,11.6,2026-06-15,B1
INV0002976,20241231,STR0038,PRD00016,169,31,Adequate,13.0,2026-05-18,D1
INV0002977,20241231,STR0038,PRD00017,148,50,Adequate,37.0,2026-05-12,C1
INV0002978,20241231,STR0038,PRD00018,154,24,Adequate,51.3,2026-07-06,A2
INV0002979,20241231,STR0038,PRD00019,182,23,Adequate,13.0,2026-05-25,B1
INV0002980,20241231,STR0038,PRD00020,53,37,Adequate,5.9,2026-07-05,D1
INV0002981,20241231,STR0038,PRD00021,56,24,Adequate,5.6,2026-06-01,B1
INV0002982,20241231,STR0038,PRD00022,21,12,Adequate,2.1,2026-06-06,A2
INV0002983,20241231,STR0038,PRD00023,159,37,Adequate,15.9,2026-05-08,A1
INV0002984,20241231,STR0038,PRD00024,33,16,Adequate,33.0,2026-05-31,A1
INV0002985,20241231,STR0038,PRD00025,30,36,Reorder Required,3.0,2026-06-25,D1
INV0002986,20241231,STR0038,PRD00026,141,15,Adequate,35.2,2026-06-30,B1
INV0002987,20241231,STR0038,PRD00027,104,46,Adequate,8.7,2026-06-09,A1
INV0002988,20241231,STR0038,PRD00028,17,18,Reorder Required,1.7,2026-05-25,A2
INV0002989,20241231,STR0038,PRD00029,61,10,Adequate,10.2,2026-07-04,C2
INV0002990,20241231,STR0038,PRD00030,130,12,Adequate,8.7,2026-05-22,B1
INV0002991,20241231,STR0038,PRD00031,99,44,Adequate,33.0,2026-06-13,D1
INV0002992,20241231,STR0038,PRD00032,38,31,Adequate,12.7,2026-05-23,A2
INV0002993,20241231,STR0038,PRD00033,81,33,Adequate,11.6,2026-05-24,A1
INV0002994,20241231,STR0038,PRD00034,159,33,Adequate,53.0,2026-05-30,C2
INV0002995,20241231,STR0038,PRD00035,56,23,Adequate,18.7,2026-06-22,A1
INV0002996,20241231,STR0038,PRD00036,144,40,Adequate,48.0,2026-06-02,C2
INV0002997,20241231,STR0038,PRD00037,182,23,Adequate,36.4,2026-06-04,D1
INV0002998,20241231,STR0038,PRD00038,28,27,Adequate,2.8,2026-05-22,B2
INV0002999,20241231,STR0038,PRD00039,37,38,Reorder Required,2.6,2026-06-22,A1
INV0003000,20241231,STR0038,PRD00040,11,44,Reorder Required,2.8,2026-06-29,D1
INV0003001,20241231,STR0038,PRD00041,71,33,Adequate,8.9,2026-05-23,C2
INV0003002,20241231,STR0038,PRD00042,54,14,Adequate,9.0,2026-05-23,B2
INV0003003,20241231,STR0038,PRD00043,4,21,Reorder Required,0.5,2026-05-13,C1
INV0003004,20241231,STR0038,PRD00044,126,19,Adequate,25.2,2026-05-13,C2
INV0003005,20241231,STR0038,PRD00045,123,11,Adequate,30.8,2026-06-25,B2
INV0003006,20241231,STR0038,PRD00046,139,40,Adequate,23.2,2026-05-16,B2
INV0003007,20241231,STR0038,PRD00047,161,14,Adequate,10.7,2026-06-27,A1
INV0003008,20241231,STR0038,PRD00048,151,31,Adequate,10.8,2026-05-30,C1
INV0003009,20241231,STR0038,PRD00049,23,41,Reorder Required,2.3,2026-06-28,A2
INV0003010,20241231,STR0038,PRD00050,157,39,Adequate,11.2,2026-05-13,C1
INV0003011,20241231,STR0038,PRD00051,27,26,Adequate,2.7,2026-06-14,C1
INV0003012,20241231,STR0038,PRD00052,50,13,Adequate,25.0,2026-06-06,B2
INV0003013,20241231,STR0038,PRD00053,154,20,Adequate,154.0,2026-05-20,B2
INV0003014,20241231,STR0038,PRD00054,166,19,Adequate,16.6,2026-06-05,C1
INV0003015,20241231,STR0038,PRD00055,151,38,Adequate,12.6,2026-06-17,C1
INV0003016,20241231,STR0038,PRD00056,126,30,Adequate,63.0,2026-07-02,D1
INV0003017,20241231,STR0038,PRD00057,10,44,Reorder Required,2.0,2026-06-17,A2
INV0003018,20241231,STR0038,PRD00058,53,19,Adequate,10.6,2026-05-21,C2
INV0003019,20241231,STR0038,PRD00059,119,44,Adequate,14.9,2026-05-24,C2
INV0003020,20241231,STR0038,PRD00060,71,28,Adequate,5.9,2026-06-11,A2
INV0003021,20241231,STR0038,PRD00061,67,38,Adequate,33.5,2026-05-31,A1
INV0003022,20241231,STR0038,PRD00062,68,18,Adequate,4.9,2026-06-24,A1
INV0003023,20241231,STR0038,PRD00063,5,24,Reorder Required,2.5,2026-06-18,C1
INV0003024,20241231,STR0038,PRD00064,133,22,Adequate,14.8,2026-05-12,B1
INV0003025,20241231,STR0038,PRD00065,193,22,Adequate,17.5,2026-05-08,A1
INV0003026,20241231,STR0038,PRD00066,163,15,Adequate,16.3,2026-06-15,B1
INV0003027,20241231,STR0038,PRD00067,99,42,Adequate,24.8,2026-05-08,B1
INV0003028,20241231,STR0038,PRD00068,92,37,Adequate,7.1,2026-07-04,B1
INV0003029,20241231,STR0038,PRD00069,1,29,Reorder Required,0.2,2026-06-03,D1
INV0003030,20241231,STR0038,PRD00070,22,38,Reorder Required,2.2,2026-06-23,C2
INV0003031,20241231,STR0038,PRD00071,164,37,Adequate,11.7,2026-06-10,B2
INV0003032,20241231,STR0038,PRD00072,9,15,Reorder Required,4.5,2026-06-21,B2
INV0003033,20241231,STR0038,PRD00073,138,31,Adequate,138.0,2026-07-02,A2
INV0003034,20241231,STR0038,PRD00074,143,10,Adequate,17.9,2026-06-11,B1
INV0003035,20241231,STR0038,PRD00075,131,39,Adequate,8.7,2026-06-28,D1
INV0003036,20241231,STR0038,PRD00076,80,34,Adequate,11.4,2026-06-24,A2
INV0003037,20241231,STR0038,PRD00077,10,47,Reorder Required,0.9,2026-06-21,A1
INV0003038,20241231,STR0038,PRD00078,192,10,Adequate,19.2,2026-05-08,A1
INV0003039,20241231,STR0038,PRD00079,9,28,Reorder Required,1.8,2026-06-15,A2
INV0003040,20241231,STR0038,PRD00080,174,11,Adequate,43.5,2026-06-08,C2
INV0003041,20241231,STR0039,PRD00001,197,50,Adequate,19.7,2026-06-24,A2
INV0003042,20241231,STR0039,PRD00002,106,17,Adequate,7.1,2026-06-20,A2
INV0003043,20241231,STR0039,PRD00003,115,44,Adequate,23.0,2026-05-29,A1
INV0003044,20241231,STR0039,PRD00004,124,27,Adequate,20.7,2026-05-15,D1
INV0003045,20241231,STR0039,PRD00005,62,40,Adequate,15.5,2026-07-02,D1
INV0003046,20241231,STR0039,PRD00006,107,33,Adequate,7.1,2026-05-29,B2
INV0003047,20241231,STR0039,PRD00007,179,39,Adequate,59.7,2026-06-11,B1
INV0003048,20241231,STR0039,PRD00008,196,20,Adequate,14.0,2026-06-08,B1
INV0003049,20241231,STR0039,PRD00009,165,38,Adequate,33.0,2026-05-08,C2
INV0003050,20241231,STR0039,PRD00010,188,30,Adequate,23.5,2026-05-09,A1
INV0003051,20241231,STR0039,PRD00011,121,36,Adequate,12.1,2026-06-13,C2
INV0003052,20241231,STR0039,PRD00012,200,13,Adequate,33.3,2026-07-01,B2
INV0003053,20241231,STR0039,PRD00013,47,34,Adequate,5.9,2026-05-21,D1
INV0003054,20241231,STR0039,PRD00014,147,27,Adequate,16.3,2026-05-16,B2
INV0003055,20241231,STR0039,PRD00015,27,27,Reorder Required,2.1,2026-05-28,D1
INV0003056,20241231,STR0039,PRD00016,4,31,Reorder Required,0.3,2026-06-01,C1
INV0003057,20241231,STR0039,PRD00017,177,50,Adequate,17.7,2026-06-05,A1
INV0003058,20241231,STR0039,PRD00018,73,24,Adequate,8.1,2026-06-30,C1
INV0003059,20241231,STR0039,PRD00019,10,23,Reorder Required,2.5,2026-06-02,C2
INV0003060,20241231,STR0039,PRD00020,69,37,Adequate,6.3,2026-06-21,B1
INV0003061,20241231,STR0039,PRD00021,39,24,Adequate,19.5,2026-06-26,C2
INV0003062,20241231,STR0039,PRD00022,108,12,Adequate,108.0,2026-05-20,B1
INV0003063,20241231,STR0039,PRD00023,99,37,Adequate,24.8,2026-07-02,B1
INV0003064,20241231,STR0039,PRD00024,59,16,Adequate,11.8,2026-06-29,A1
INV0003065,20241231,STR0039,PRD00025,22,36,Reorder Required,3.1,2026-05-15,B1
INV0003066,20241231,STR0039,PRD00026,45,15,Adequate,45.0,2026-05-08,C1
INV0003067,20241231,STR0039,PRD00027,156,46,Adequate,14.2,2026-06-24,C2
INV0003068,20241231,STR0039,PRD00028,18,18,Reorder Required,1.4,2026-05-21,B2
INV0003069,20241231,STR0039,PRD00029,15,10,Adequate,3.8,2026-05-27,C1
INV0003070,20241231,STR0039,PRD00030,132,12,Adequate,22.0,2026-06-08,A1
INV0003071,20241231,STR0039,PRD00031,105,44,Adequate,17.5,2026-05-20,A1
INV0003072,20241231,STR0039,PRD00032,58,31,Adequate,4.8,2026-06-15,B2
INV0003073,20241231,STR0039,PRD00033,123,33,Adequate,13.7,2026-05-31,A2
INV0003074,20241231,STR0039,PRD00034,184,33,Adequate,46.0,2026-05-10,A2
INV0003075,20241231,STR0039,PRD00035,199,23,Adequate,99.5,2026-06-04,B2
INV0003076,20241231,STR0039,PRD00036,2,40,Reorder Required,0.3,2026-06-15,C1
INV0003077,20241231,STR0039,PRD00037,153,23,Adequate,76.5,2026-05-16,A1
INV0003078,20241231,STR0039,PRD00038,94,27,Adequate,7.2,2026-06-23,B2
INV0003079,20241231,STR0039,PRD00039,26,38,Reorder Required,6.5,2026-05-08,A2
INV0003080,20241231,STR0039,PRD00040,110,44,Adequate,18.3,2026-05-29,B2
INV0003081,20241231,STR0039,PRD00041,63,33,Adequate,4.8,2026-06-18,A2
INV0003082,20241231,STR0039,PRD00042,196,14,Adequate,14.0,2026-06-05,B1
INV0003083,20241231,STR0039,PRD00043,85,21,Adequate,8.5,2026-05-19,D1
INV0003084,20241231,STR0039,PRD00044,119,19,Adequate,59.5,2026-06-28,A1
INV0003085,20241231,STR0039,PRD00045,7,11,Reorder Required,0.5,2026-06-21,C1
INV0003086,20241231,STR0039,PRD00046,32,40,Reorder Required,2.5,2026-05-20,A1
INV0003087,20241231,STR0039,PRD00047,140,14,Adequate,140.0,2026-06-12,C2
INV0003088,20241231,STR0039,PRD00048,27,31,Reorder Required,2.2,2026-06-28,A1
INV0003089,20241231,STR0039,PRD00049,107,41,Adequate,26.8,2026-05-19,B1
INV0003090,20241231,STR0039,PRD00050,179,39,Adequate,59.7,2026-06-28,B2
INV0003091,20241231,STR0039,PRD00051,29,26,Adequate,7.2,2026-06-18,B1
INV0003092,20241231,STR0039,PRD00052,79,13,Adequate,39.5,2026-06-27,B1
INV0003093,20241231,STR0039,PRD00053,174,20,Adequate,58.0,2026-06-11,C2
INV0003094,20241231,STR0039,PRD00054,20,19,Adequate,3.3,2026-06-06,B1
INV0003095,20241231,STR0039,PRD00055,35,38,Reorder Required,2.5,2026-07-05,A2
INV0003096,20241231,STR0039,PRD00056,137,30,Adequate,12.5,2026-05-26,A2
INV0003097,20241231,STR0039,PRD00057,95,44,Adequate,7.9,2026-05-25,B2
INV0003098,20241231,STR0039,PRD00058,101,19,Adequate,33.7,2026-05-09,D1
INV0003099,20241231,STR0039,PRD00059,60,44,Adequate,60.0,2026-07-02,A2
INV0003100,20241231,STR0039,PRD00060,18,28,Reorder Required,2.0,2026-05-28,C1
INV0003101,20241231,STR0039,PRD00061,5,38,Reorder Required,0.7,2026-05-16,A1
INV0003102,20241231,STR0039,PRD00062,194,18,Adequate,27.7,2026-05-26,C1
INV0003103,20241231,STR0039,PRD00063,23,24,Reorder Required,3.3,2026-06-21,A1
INV0003104,20241231,STR0039,PRD00064,24,22,Adequate,1.8,2026-05-25,C2
INV0003105,20241231,STR0039,PRD00065,139,22,Adequate,69.5,2026-06-30,A1
INV0003106,20241231,STR0039,PRD00066,75,15,Adequate,25.0,2026-06-17,A1
INV0003107,20241231,STR0039,PRD00067,142,42,Adequate,23.7,2026-06-28,C1
INV0003108,20241231,STR0039,PRD00068,102,37,Adequate,7.8,2026-06-18,C2
INV0003109,20241231,STR0039,PRD00069,50,29,Adequate,12.5,2026-06-25,A2
INV0003110,20241231,STR0039,PRD00070,199,38,Adequate,99.5,2026-05-24,B1
INV0003111,20241231,STR0039,PRD00071,2,37,Reorder Required,0.2,2026-06-18,B1
INV0003112,20241231,STR0039,PRD00072,32,15,Adequate,3.6,2026-05-11,A2
INV0003113,20241231,STR0039,PRD00073,61,31,Adequate,5.5,2026-06-06,C1
INV0003114,20241231,STR0039,PRD00074,125,10,Adequate,12.5,2026-05-23,A1
INV0003115,20241231,STR0039,PRD00075,52,39,Adequate,13.0,2026-05-26,D1
INV0003116,20241231,STR0039,PRD00076,43,34,Adequate,3.3,2026-05-26,C1
INV0003117,20241231,STR0039,PRD00077,33,47,Reorder Required,33.0,2026-05-28,B2
INV0003118,20241231,STR0039,PRD00078,125,10,Adequate,12.5,2026-06-23,B1
INV0003119,20241231,STR0039,PRD00079,165,28,Adequate,11.0,2026-05-24,C1
INV0003120,20241231,STR0039,PRD00080,116,11,Adequate,8.3,2026-05-09,A1
INV0003121,20241231,STR0040,PRD00001,46,50,Reorder Required,23.0,2026-06-01,A2
INV0003122,20241231,STR0040,PRD00002,180,17,Adequate,90.0,2026-05-10,C1
INV0003123,20241231,STR0040,PRD00003,178,44,Adequate,29.7,2026-07-01,C1
INV0003124,20241231,STR0040,PRD00004,15,27,Reorder Required,1.0,2026-06-29,C1
INV0003125,20241231,STR0040,PRD00005,63,40,Adequate,10.5,2026-06-12,C2
INV0003126,20241231,STR0040,PRD00006,199,33,Adequate,199.0,2026-05-12,A1
INV0003127,20241231,STR0040,PRD00007,199,39,Adequate,18.1,2026-06-16,A1
INV0003128,20241231,STR0040,PRD00008,12,20,Reorder Required,1.2,2026-05-10,B2
INV0003129,20241231,STR0040,PRD00009,14,38,Reorder Required,0.9,2026-06-16,A1
INV0003130,20241231,STR0040,PRD00010,161,30,Adequate,32.2,2026-07-03,C2
INV0003131,20241231,STR0040,PRD00011,133,36,Adequate,133.0,2026-06-23,C2
INV0003132,20241231,STR0040,PRD00012,33,13,Adequate,6.6,2026-06-19,A2
INV0003133,20241231,STR0040,PRD00013,115,34,Adequate,115.0,2026-06-09,C2
INV0003134,20241231,STR0040,PRD00014,20,27,Reorder Required,5.0,2026-05-22,C2
INV0003135,20241231,STR0040,PRD00015,123,27,Adequate,13.7,2026-06-15,B2
INV0003136,20241231,STR0040,PRD00016,109,31,Adequate,13.6,2026-05-26,A2
INV0003137,20241231,STR0040,PRD00017,78,50,Adequate,5.6,2026-06-04,B2
INV0003138,20241231,STR0040,PRD00018,65,24,Adequate,21.7,2026-06-24,C2
INV0003139,20241231,STR0040,PRD00019,94,23,Adequate,10.4,2026-05-22,B2
INV0003140,20241231,STR0040,PRD00020,57,37,Adequate,4.4,2026-06-22,C1
INV0003141,20241231,STR0040,PRD00021,95,24,Adequate,19.0,2026-07-01,B1
INV0003142,20241231,STR0040,PRD00022,21,12,Adequate,2.1,2026-06-08,C1
INV0003143,20241231,STR0040,PRD00023,135,37,Adequate,19.3,2026-06-30,C1
INV0003144,20241231,STR0040,PRD00024,148,16,Adequate,21.1,2026-05-25,B1
INV0003145,20241231,STR0040,PRD00025,95,36,Adequate,15.8,2026-05-16,A2
INV0003146,20241231,STR0040,PRD00026,166,15,Adequate,55.3,2026-07-03,C2
INV0003147,20241231,STR0040,PRD00027,138,46,Adequate,46.0,2026-05-11,C1
INV0003148,20241231,STR0040,PRD00028,71,18,Adequate,5.5,2026-05-31,C2
INV0003149,20241231,STR0040,PRD00029,85,10,Adequate,42.5,2026-05-15,D1
INV0003150,20241231,STR0040,PRD00030,23,12,Adequate,1.6,2026-06-10,A2
INV0003151,20241231,STR0040,PRD00031,42,44,Reorder Required,42.0,2026-07-06,B2
INV0003152,20241231,STR0040,PRD00032,140,31,Adequate,70.0,2026-06-29,C2
INV0003153,20241231,STR0040,PRD00033,109,33,Adequate,109.0,2026-05-16,A2
INV0003154,20241231,STR0040,PRD00034,19,33,Reorder Required,9.5,2026-06-06,D1
INV0003155,20241231,STR0040,PRD00035,72,23,Adequate,5.1,2026-05-12,B1
INV0003156,20241231,STR0040,PRD00036,102,40,Adequate,12.8,2026-06-30,C1
INV0003157,20241231,STR0040,PRD00037,169,23,Adequate,56.3,2026-06-24,C1
INV0003158,20241231,STR0040,PRD00038,171,27,Adequate,24.4,2026-06-01,B1
INV0003159,20241231,STR0040,PRD00039,180,38,Adequate,60.0,2026-05-25,A1
INV0003160,20241231,STR0040,PRD00040,148,44,Adequate,9.9,2026-05-08,B1
INV0003161,20241231,STR0040,PRD00041,195,33,Adequate,97.5,2026-06-30,C2
INV0003162,20241231,STR0040,PRD00042,16,14,Adequate,1.2,2026-06-17,A2
INV0003163,20241231,STR0040,PRD00043,62,21,Adequate,15.5,2026-06-01,A1
INV0003164,20241231,STR0040,PRD00044,61,19,Adequate,4.4,2026-06-17,B1
INV0003165,20241231,STR0040,PRD00045,159,11,Adequate,14.5,2026-05-26,A1
INV0003166,20241231,STR0040,PRD00046,145,40,Adequate,12.1,2026-05-16,B1
INV0003167,20241231,STR0040,PRD00047,190,14,Adequate,95.0,2026-05-14,A1
INV0003168,20241231,STR0040,PRD00048,44,31,Adequate,14.7,2026-06-18,C2
INV0003169,20241231,STR0040,PRD00049,180,41,Adequate,18.0,2026-05-16,D1
INV0003170,20241231,STR0040,PRD00050,112,39,Adequate,28.0,2026-06-30,C1
INV0003171,20241231,STR0040,PRD00051,33,26,Adequate,33.0,2026-05-18,C1
INV0003172,20241231,STR0040,PRD00052,141,13,Adequate,15.7,2026-05-28,D1
INV0003173,20241231,STR0040,PRD00053,177,20,Adequate,12.6,2026-07-05,B2
INV0003174,20241231,STR0040,PRD00054,188,19,Adequate,62.7,2026-06-18,C1
INV0003175,20241231,STR0040,PRD00055,23,38,Reorder Required,4.6,2026-06-21,C1
INV0003176,20241231,STR0040,PRD00056,61,30,Adequate,5.5,2026-06-03,D1
INV0003177,20241231,STR0040,PRD00057,173,44,Adequate,34.6,2026-06-24,A2
INV0003178,20241231,STR0040,PRD00058,66,19,Adequate,16.5,2026-07-04,C2
INV0003179,20241231,STR0040,PRD00059,168,44,Adequate,18.7,2026-07-03,C2
INV0003180,20241231,STR0040,PRD00060,26,28,Reorder Required,1.9,2026-06-22,A1
INV0003181,20241231,STR0040,PRD00061,30,38,Reorder Required,5.0,2026-05-25,B1
INV0003182,20241231,STR0040,PRD00062,143,18,Adequate,11.9,2026-05-18,D1
INV0003183,20241231,STR0040,PRD00063,81,24,Adequate,20.2,2026-06-15,D1
INV0003184,20241231,STR0040,PRD00064,17,22,Reorder Required,8.5,2026-05-29,A2
INV0003185,20241231,STR0040,PRD00065,63,22,Adequate,4.2,2026-05-29,C1
INV0003186,20241231,STR0040,PRD00066,138,15,Adequate,13.8,2026-07-04,B2
INV0003187,20241231,STR0040,PRD00067,3,42,Reorder Required,0.2,2026-06-28,D1
INV0003188,20241231,STR0040,PRD00068,78,37,Adequate,7.8,2026-05-31,D1
INV0003189,20241231,STR0040,PRD00069,29,29,Reorder Required,3.2,2026-05-25,A1
INV0003190,20241231,STR0040,PRD00070,179,38,Adequate,16.3,2026-06-19,A1
INV0003191,20241231,STR0040,PRD00071,60,37,Adequate,8.6,2026-06-18,D1
INV0003192,20241231,STR0040,PRD00072,112,15,Adequate,37.3,2026-05-15,B1
INV0003193,20241231,STR0040,PRD00073,40,31,Adequate,5.7,2026-06-30,B1
INV0003194,20241231,STR0040,PRD00074,40,10,Adequate,4.0,2026-06-28,C1
INV0003195,20241231,STR0040,PRD00075,161,39,Adequate,20.1,2026-06-18,C2
INV0003196,20241231,STR0040,PRD00076,37,34,Adequate,5.3,2026-05-09,C1
INV0003197,20241231,STR0040,PRD00077,87,47,Adequate,17.4,2026-05-11,A2
INV0003198,20241231,STR0040,PRD00078,45,10,Adequate,3.2,2026-05-21,A2
INV0003199,20241231,STR0040,PRD00079,89,28,Adequate,29.7,2026-05-30,C1
INV0003200,20241231,STR0040,PRD00080,79,11,Adequate,6.1,2026-05-27,B2
INV0003201,20241231,STR0041,PRD00001,179,50,Adequate,11.9,2026-06-04,B2
INV0003202,20241231,STR0041,PRD00002,2,17,Reorder Required,0.4,2026-05-11,A1
INV0003203,20241231,STR0041,PRD00003,33,44,Reorder Required,5.5,2026-06-26,A1
INV0003204,20241231,STR0041,PRD00004,15,27,Reorder Required,1.0,2026-05-26,C1
INV0003205,20241231,STR0041,PRD00005,70,40,Adequate,8.8,2026-05-11,C1
INV0003206,20241231,STR0041,PRD00006,10,33,Reorder Required,2.0,2026-06-03,C1
INV0003207,20241231,STR0041,PRD00007,124,39,Adequate,13.8,2026-05-27,C2
INV0003208,20241231,STR0041,PRD00008,97,20,Adequate,7.5,2026-05-24,A2
INV0003209,20241231,STR0041,PRD00009,35,38,Reorder Required,11.7,2026-05-20,C1
INV0003210,20241231,STR0041,PRD00010,83,30,Adequate,5.5,2026-05-10,B2
INV0003211,20241231,STR0041,PRD00011,80,36,Adequate,26.7,2026-06-10,A2
INV0003212,20241231,STR0041,PRD00012,174,13,Adequate,15.8,2026-05-31,A2
INV0003213,20241231,STR0041,PRD00013,94,34,Adequate,10.4,2026-06-19,B2
INV0003214,20241231,STR0041,PRD00014,8,27,Reorder Required,0.6,2026-05-24,D1
INV0003215,20241231,STR0041,PRD00015,19,27,Reorder Required,1.9,2026-06-24,C2
INV0003216,20241231,STR0041,PRD00016,93,31,Adequate,6.6,2026-07-01,A2
INV0003217,20241231,STR0041,PRD00017,59,50,Adequate,7.4,2026-06-26,B2
INV0003218,20241231,STR0041,PRD00018,0,24,Reorder Required,0.0,2026-06-28,C1
INV0003219,20241231,STR0041,PRD00019,158,23,Adequate,26.3,2026-06-14,C1
INV0003220,20241231,STR0041,PRD00020,66,37,Adequate,4.7,2026-05-23,A1
INV0003221,20241231,STR0041,PRD00021,138,24,Adequate,69.0,2026-05-10,A1
INV0003222,20241231,STR0041,PRD00022,132,12,Adequate,10.2,2026-06-04,B1
INV0003223,20241231,STR0041,PRD00023,156,37,Adequate,26.0,2026-05-31,C2
INV0003224,20241231,STR0041,PRD00024,199,16,Adequate,22.1,2026-05-18,C2
INV0003225,20241231,STR0041,PRD00025,13,36,Reorder Required,1.9,2026-05-21,C2
INV0003226,20241231,STR0041,PRD00026,49,15,Adequate,6.1,2026-06-20,B2
INV0003227,20241231,STR0041,PRD00027,143,46,Adequate,9.5,2026-07-03,D1
INV0003228,20241231,STR0041,PRD00028,63,18,Adequate,12.6,2026-07-04,A2
INV0003229,20241231,STR0041,PRD00029,51,10,Adequate,3.6,2026-06-22,A2
INV0003230,20241231,STR0041,PRD00030,137,12,Adequate,19.6,2026-06-10,A1
INV0003231,20241231,STR0041,PRD00031,50,44,Adequate,6.2,2026-05-13,C1
INV0003232,20241231,STR0041,PRD00032,15,31,Reorder Required,2.5,2026-06-06,A2
INV0003233,20241231,STR0041,PRD00033,162,33,Adequate,162.0,2026-06-23,C1
INV0003234,20241231,STR0041,PRD00034,125,33,Adequate,20.8,2026-05-12,B1
INV0003235,20241231,STR0041,PRD00035,105,23,Adequate,9.5,2026-06-22,A1
INV0003236,20241231,STR0041,PRD00036,42,40,Adequate,6.0,2026-06-19,A2
INV0003237,20241231,STR0041,PRD00037,22,23,Reorder Required,1.7,2026-05-11,B1
INV0003238,20241231,STR0041,PRD00038,150,27,Adequate,21.4,2026-06-09,C1
INV0003239,20241231,STR0041,PRD00039,103,38,Adequate,11.4,2026-05-18,C2
INV0003240,20241231,STR0041,PRD00040,179,44,Adequate,44.8,2026-06-12,A1
INV0003241,20241231,STR0041,PRD00041,187,33,Adequate,23.4,2026-05-24,C1
INV0003242,20241231,STR0041,PRD00042,41,14,Adequate,20.5,2026-05-20,A2
INV0003243,20241231,STR0041,PRD00043,177,21,Adequate,35.4,2026-07-02,B1
INV0003244,20241231,STR0041,PRD00044,199,19,Adequate,99.5,2026-06-10,B1
INV0003245,20241231,STR0041,PRD00045,53,11,Adequate,5.9,2026-06-07,C1
INV0003246,20241231,STR0041,PRD00046,147,40,Adequate,21.0,2026-05-31,A2
INV0003247,20241231,STR0041,PRD00047,187,14,Adequate,62.3,2026-06-04,C2
INV0003248,20241231,STR0041,PRD00048,80,31,Adequate,5.7,2026-05-30,C2
INV0003249,20241231,STR0041,PRD00049,167,41,Adequate,11.9,2026-05-28,C1
INV0003250,20241231,STR0041,PRD00050,144,39,Adequate,18.0,2026-06-29,B2
INV0003251,20241231,STR0041,PRD00051,156,26,Adequate,39.0,2026-07-05,B2
INV0003252,20241231,STR0041,PRD00052,49,13,Adequate,9.8,2026-05-21,C2
INV0003253,20241231,STR0041,PRD00053,59,20,Adequate,8.4,2026-05-30,A2
INV0003254,20241231,STR0041,PRD00054,180,19,Adequate,30.0,2026-06-26,D1
INV0003255,20241231,STR0041,PRD00055,108,38,Adequate,7.7,2026-05-18,D1
INV0003256,20241231,STR0041,PRD00056,35,30,Adequate,5.8,2026-05-18,B2
INV0003257,20241231,STR0041,PRD00057,191,44,Adequate,191.0,2026-06-09,B2
INV0003258,20241231,STR0041,PRD00058,117,19,Adequate,14.6,2026-07-04,B1
INV0003259,20241231,STR0041,PRD00059,194,44,Adequate,21.6,2026-05-22,A2
INV0003260,20241231,STR0041,PRD00060,95,28,Adequate,6.3,2026-05-10,A2
INV0003261,20241231,STR0041,PRD00061,84,38,Adequate,7.0,2026-05-08,D1
INV0003262,20241231,STR0041,PRD00062,40,18,Adequate,10.0,2026-07-03,B2
INV0003263,20241231,STR0041,PRD00063,56,24,Adequate,7.0,2026-05-24,A2
INV0003264,20241231,STR0041,PRD00064,190,22,Adequate,19.0,2026-05-13,B1
INV0003265,20241231,STR0041,PRD00065,65,22,Adequate,9.3,2026-07-04,A2
INV0003266,20241231,STR0041,PRD00066,121,15,Adequate,121.0,2026-06-02,A1
INV0003267,20241231,STR0041,PRD00067,137,42,Adequate,15.2,2026-05-15,D1
INV0003268,20241231,STR0041,PRD00068,182,37,Adequate,91.0,2026-05-22,C2
INV0003269,20241231,STR0041,PRD00069,91,29,Adequate,15.2,2026-05-31,B1
INV0003270,20241231,STR0041,PRD00070,175,38,Adequate,35.0,2026-05-24,A2
INV0003271,20241231,STR0041,PRD00071,147,37,Adequate,24.5,2026-05-20,A1
INV0003272,20241231,STR0041,PRD00072,29,15,Adequate,9.7,2026-05-22,C2
INV0003273,20241231,STR0041,PRD00073,101,31,Adequate,50.5,2026-06-01,B1
INV0003274,20241231,STR0041,PRD00074,21,10,Adequate,2.6,2026-05-08,C1
INV0003275,20241231,STR0041,PRD00075,46,39,Adequate,23.0,2026-06-21,B2
INV0003276,20241231,STR0041,PRD00076,149,34,Adequate,24.8,2026-06-25,C2
INV0003277,20241231,STR0041,PRD00077,81,47,Adequate,10.1,2026-06-04,A1
INV0003278,20241231,STR0041,PRD00078,156,10,Adequate,26.0,2026-06-10,B2
INV0003279,20241231,STR0041,PRD00079,130,28,Adequate,13.0,2026-05-17,C2
INV0003280,20241231,STR0041,PRD00080,61,11,Adequate,61.0,2026-06-10,D1
INV0003281,20241231,STR0042,PRD00001,11,50,Reorder Required,1.2,2026-05-21,A2
INV0003282,20241231,STR0042,PRD00002,99,17,Adequate,9.9,2026-05-23,C1
INV0003283,20241231,STR0042,PRD00003,173,44,Adequate,15.7,2026-06-16,A1
INV0003284,20241231,STR0042,PRD00004,179,27,Adequate,17.9,2026-06-06,C1
INV0003285,20241231,STR0042,PRD00005,142,40,Adequate,14.2,2026-05-17,B1
INV0003286,20241231,STR0042,PRD00006,95,33,Adequate,10.6,2026-05-19,B1
INV0003287,20241231,STR0042,PRD00007,155,39,Adequate,19.4,2026-07-02,A1
INV0003288,20241231,STR0042,PRD00008,49,20,Adequate,4.5,2026-05-24,D1
INV0003289,20241231,STR0042,PRD00009,2,38,Reorder Required,0.3,2026-05-19,D1
INV0003290,20241231,STR0042,PRD00010,152,30,Adequate,13.8,2026-05-27,D1
INV0003291,20241231,STR0042,PRD00011,100,36,Adequate,8.3,2026-05-23,B2
INV0003292,20241231,STR0042,PRD00012,185,13,Adequate,61.7,2026-05-09,C2
INV0003293,20241231,STR0042,PRD00013,129,34,Adequate,12.9,2026-05-13,B1
INV0003294,20241231,STR0042,PRD00014,77,27,Adequate,38.5,2026-06-24,A1
INV0003295,20241231,STR0042,PRD00015,167,27,Adequate,23.9,2026-06-04,A2
INV0003296,20241231,STR0042,PRD00016,80,31,Adequate,16.0,2026-06-27,C1
INV0003297,20241231,STR0042,PRD00017,130,50,Adequate,10.8,2026-07-04,A1
INV0003298,20241231,STR0042,PRD00018,192,24,Adequate,32.0,2026-06-21,B1
INV0003299,20241231,STR0042,PRD00019,139,23,Adequate,9.9,2026-05-25,B2
INV0003300,20241231,STR0042,PRD00020,72,37,Adequate,5.5,2026-06-29,D1
INV0003301,20241231,STR0042,PRD00021,170,24,Adequate,21.2,2026-05-25,B1
INV0003302,20241231,STR0042,PRD00022,196,12,Adequate,65.3,2026-06-14,B1
INV0003303,20241231,STR0042,PRD00023,130,37,Adequate,43.3,2026-05-23,C2
INV0003304,20241231,STR0042,PRD00024,166,16,Adequate,18.4,2026-05-11,D1
INV0003305,20241231,STR0042,PRD00025,45,36,Adequate,3.5,2026-06-18,A1
INV0003306,20241231,STR0042,PRD00026,3,15,Reorder Required,0.4,2026-06-18,B1
INV0003307,20241231,STR0042,PRD00027,83,46,Adequate,6.4,2026-07-02,C2
INV0003308,20241231,STR0042,PRD00028,37,18,Adequate,9.2,2026-05-30,B2
INV0003309,20241231,STR0042,PRD00029,9,10,Reorder Required,2.2,2026-05-30,C2
INV0003310,20241231,STR0042,PRD00030,20,12,Adequate,2.2,2026-05-15,B1
INV0003311,20241231,STR0042,PRD00031,194,44,Adequate,19.4,2026-05-24,C1
INV0003312,20241231,STR0042,PRD00032,64,31,Adequate,7.1,2026-05-27,D1
INV0003313,20241231,STR0042,PRD00033,147,33,Adequate,21.0,2026-05-27,A2
INV0003314,20241231,STR0042,PRD00034,44,33,Adequate,3.1,2026-05-16,B2
INV0003315,20241231,STR0042,PRD00035,58,23,Adequate,4.5,2026-06-07,C1
INV0003316,20241231,STR0042,PRD00036,55,40,Adequate,18.3,2026-06-11,A1
INV0003317,20241231,STR0042,PRD00037,54,23,Adequate,13.5,2026-07-03,C2
INV0003318,20241231,STR0042,PRD00038,130,27,Adequate,32.5,2026-06-21,A1
INV0003319,20241231,STR0042,PRD00039,170,38,Adequate,18.9,2026-06-28,B1
INV0003320,20241231,STR0042,PRD00040,117,44,Adequate,14.6,2026-06-10,A2
INV0003321,20241231,STR0042,PRD00041,120,33,Adequate,30.0,2026-06-21,D1
INV0003322,20241231,STR0042,PRD00042,127,14,Adequate,12.7,2026-05-23,C1
INV0003323,20241231,STR0042,PRD00043,161,21,Adequate,32.2,2026-07-05,C2
INV0003324,20241231,STR0042,PRD00044,75,19,Adequate,9.4,2026-06-07,B1
INV0003325,20241231,STR0042,PRD00045,128,11,Adequate,9.1,2026-06-11,B1
INV0003326,20241231,STR0042,PRD00046,153,40,Adequate,10.9,2026-05-27,A2
INV0003327,20241231,STR0042,PRD00047,112,14,Adequate,12.4,2026-06-12,C1
INV0003328,20241231,STR0042,PRD00048,140,31,Adequate,46.7,2026-05-15,D1
INV0003329,20241231,STR0042,PRD00049,157,41,Adequate,52.3,2026-05-21,B2
INV0003330,20241231,STR0042,PRD00050,99,39,Adequate,19.8,2026-05-26,C2
INV0003331,20241231,STR0042,PRD00051,174,26,Adequate,29.0,2026-05-11,D1
INV0003332,20241231,STR0042,PRD00052,183,13,Adequate,22.9,2026-06-12,D1
INV0003333,20241231,STR0042,PRD00053,189,20,Adequate,47.2,2026-06-28,D1
INV0003334,20241231,STR0042,PRD00054,172,19,Adequate,24.6,2026-05-09,C2
INV0003335,20241231,STR0042,PRD00055,122,38,Adequate,17.4,2026-06-06,A1
INV0003336,20241231,STR0042,PRD00056,94,30,Adequate,31.3,2026-05-30,C1
INV0003337,20241231,STR0042,PRD00057,187,44,Adequate,31.2,2026-07-02,D1
INV0003338,20241231,STR0042,PRD00058,105,19,Adequate,15.0,2026-06-09,B1
INV0003339,20241231,STR0042,PRD00059,27,44,Reorder Required,27.0,2026-06-06,C1
INV0003340,20241231,STR0042,PRD00060,30,28,Adequate,4.3,2026-06-05,B1
INV0003341,20241231,STR0042,PRD00061,43,38,Adequate,3.6,2026-06-26,C1
INV0003342,20241231,STR0042,PRD00062,79,18,Adequate,8.8,2026-05-24,C2
INV0003343,20241231,STR0042,PRD00063,196,24,Adequate,196.0,2026-05-11,C2
INV0003344,20241231,STR0042,PRD00064,29,22,Adequate,3.6,2026-05-18,C2
INV0003345,20241231,STR0042,PRD00065,52,22,Adequate,4.0,2026-05-26,C1
INV0003346,20241231,STR0042,PRD00066,140,15,Adequate,28.0,2026-05-30,C2
INV0003347,20241231,STR0042,PRD00067,48,42,Adequate,6.0,2026-06-19,B1
INV0003348,20241231,STR0042,PRD00068,193,37,Adequate,21.4,2026-07-06,C2
INV0003349,20241231,STR0042,PRD00069,30,29,Adequate,3.0,2026-06-06,C2
INV0003350,20241231,STR0042,PRD00070,183,38,Adequate,61.0,2026-06-11,C1
INV0003351,20241231,STR0042,PRD00071,115,37,Adequate,115.0,2026-06-22,A1
INV0003352,20241231,STR0042,PRD00072,102,15,Adequate,11.3,2026-07-02,C2
INV0003353,20241231,STR0042,PRD00073,4,31,Reorder Required,0.4,2026-06-08,A1
INV0003354,20241231,STR0042,PRD00074,79,10,Adequate,6.1,2026-06-17,D1
INV0003355,20241231,STR0042,PRD00075,43,39,Adequate,43.0,2026-06-10,C1
INV0003356,20241231,STR0042,PRD00076,84,34,Adequate,8.4,2026-05-16,B2
INV0003357,20241231,STR0042,PRD00077,56,47,Adequate,18.7,2026-06-03,A1
INV0003358,20241231,STR0042,PRD00078,151,10,Adequate,12.6,2026-05-23,C1
INV0003359,20241231,STR0042,PRD00079,178,28,Adequate,22.2,2026-05-08,D1
INV0003360,20241231,STR0042,PRD00080,122,11,Adequate,30.5,2026-05-21,A2
INV0003361,20241231,STR0043,PRD00001,122,50,Adequate,9.4,2026-06-24,A2
INV0003362,20241231,STR0043,PRD00002,150,17,Adequate,75.0,2026-06-03,A1
INV0003363,20241231,STR0043,PRD00003,126,44,Adequate,15.8,2026-07-03,C2
INV0003364,20241231,STR0043,PRD00004,150,27,Adequate,16.7,2026-06-05,A2
INV0003365,20241231,STR0043,PRD00005,98,40,Adequate,32.7,2026-05-29,D1
INV0003366,20241231,STR0043,PRD00006,73,33,Adequate,12.2,2026-06-27,C1
INV0003367,20241231,STR0043,PRD00007,165,39,Adequate,18.3,2026-07-03,A2
INV0003368,20241231,STR0043,PRD00008,183,20,Adequate,13.1,2026-06-08,A2
INV0003369,20241231,STR0043,PRD00009,25,38,Reorder Required,2.3,2026-06-16,C2
INV0003370,20241231,STR0043,PRD00010,53,30,Adequate,5.3,2026-06-18,B2
INV0003371,20241231,STR0043,PRD00011,23,36,Reorder Required,7.7,2026-06-02,C2
INV0003372,20241231,STR0043,PRD00012,53,13,Adequate,26.5,2026-05-20,C1
INV0003373,20241231,STR0043,PRD00013,148,34,Adequate,13.5,2026-05-25,A1
INV0003374,20241231,STR0043,PRD00014,122,27,Adequate,15.2,2026-06-11,C1
INV0003375,20241231,STR0043,PRD00015,155,27,Adequate,25.8,2026-05-23,D1
INV0003376,20241231,STR0043,PRD00016,185,31,Adequate,185.0,2026-05-22,B2
INV0003377,20241231,STR0043,PRD00017,140,50,Adequate,14.0,2026-05-12,A2
INV0003378,20241231,STR0043,PRD00018,198,24,Adequate,66.0,2026-05-28,C2
INV0003379,20241231,STR0043,PRD00019,190,23,Adequate,38.0,2026-05-21,C2
INV0003380,20241231,STR0043,PRD00020,118,37,Adequate,19.7,2026-06-19,B1
INV0003381,20241231,STR0043,PRD00021,155,24,Adequate,17.2,2026-06-04,B2
INV0003382,20241231,STR0043,PRD00022,49,12,Adequate,5.4,2026-07-04,B1
INV0003383,20241231,STR0043,PRD00023,92,37,Adequate,8.4,2026-07-02,A2
INV0003384,20241231,STR0043,PRD00024,25,16,Adequate,2.5,2026-07-06,C2
INV0003385,20241231,STR0043,PRD00025,52,36,Adequate,5.2,2026-05-28,A1
INV0003386,20241231,STR0043,PRD00026,54,15,Adequate,18.0,2026-05-10,D1
INV0003387,20241231,STR0043,PRD00027,132,46,Adequate,26.4,2026-07-03,C1
INV0003388,20241231,STR0043,PRD00028,149,18,Adequate,9.9,2026-06-04,C1
INV0003389,20241231,STR0043,PRD00029,109,10,Adequate,12.1,2026-06-22,D1
INV0003390,20241231,STR0043,PRD00030,136,12,Adequate,34.0,2026-05-25,A1
INV0003391,20241231,STR0043,PRD00031,33,44,Reorder Required,4.1,2026-07-05,B2
INV0003392,20241231,STR0043,PRD00032,52,31,Adequate,4.0,2026-07-03,B2
INV0003393,20241231,STR0043,PRD00033,88,33,Adequate,9.8,2026-06-25,A1
INV0003394,20241231,STR0043,PRD00034,134,33,Adequate,44.7,2026-05-12,D1
INV0003395,20241231,STR0043,PRD00035,37,23,Adequate,3.7,2026-06-18,B2
INV0003396,20241231,STR0043,PRD00036,97,40,Adequate,19.4,2026-06-03,C2
INV0003397,20241231,STR0043,PRD00037,198,23,Adequate,49.5,2026-05-09,A2
INV0003398,20241231,STR0043,PRD00038,38,27,Adequate,3.2,2026-05-12,B2
INV0003399,20241231,STR0043,PRD00039,138,38,Adequate,23.0,2026-05-30,D1
INV0003400,20241231,STR0043,PRD00040,62,44,Adequate,15.5,2026-05-13,A2
INV0003401,20241231,STR0043,PRD00041,7,33,Reorder Required,0.5,2026-05-11,B1
INV0003402,20241231,STR0043,PRD00042,69,14,Adequate,23.0,2026-06-20,A1
INV0003403,20241231,STR0043,PRD00043,131,21,Adequate,43.7,2026-06-25,B2
INV0003404,20241231,STR0043,PRD00044,64,19,Adequate,10.7,2026-07-06,C2
INV0003405,20241231,STR0043,PRD00045,9,11,Reorder Required,0.6,2026-05-25,C1
INV0003406,20241231,STR0043,PRD00046,107,40,Adequate,11.9,2026-05-29,C1
INV0003407,20241231,STR0043,PRD00047,75,14,Adequate,6.2,2026-06-04,B1
INV0003408,20241231,STR0043,PRD00048,46,31,Adequate,5.1,2026-06-12,B1
INV0003409,20241231,STR0043,PRD00049,63,41,Adequate,21.0,2026-05-08,C1
INV0003410,20241231,STR0043,PRD00050,169,39,Adequate,21.1,2026-05-26,B2
INV0003411,20241231,STR0043,PRD00051,153,26,Adequate,38.2,2026-05-31,C2
INV0003412,20241231,STR0043,PRD00052,41,13,Adequate,2.9,2026-06-12,A1
INV0003413,20241231,STR0043,PRD00053,198,20,Adequate,49.5,2026-06-05,D1
INV0003414,20241231,STR0043,PRD00054,43,19,Adequate,4.3,2026-06-01,B1
INV0003415,20241231,STR0043,PRD00055,76,38,Adequate,10.9,2026-05-26,C1
INV0003416,20241231,STR0043,PRD00056,8,30,Reorder Required,0.8,2026-06-14,A1
INV0003417,20241231,STR0043,PRD00057,155,44,Adequate,10.3,2026-06-13,C1
INV0003418,20241231,STR0043,PRD00058,172,19,Adequate,86.0,2026-05-17,A2
INV0003419,20241231,STR0043,PRD00059,4,44,Reorder Required,1.3,2026-06-29,B2
INV0003420,20241231,STR0043,PRD00060,101,28,Adequate,12.6,2026-06-19,A1
INV0003421,20241231,STR0043,PRD00061,4,38,Reorder Required,0.4,2026-05-31,B1
INV0003422,20241231,STR0043,PRD00062,81,18,Adequate,5.4,2026-06-20,C1
INV0003423,20241231,STR0043,PRD00063,15,24,Reorder Required,1.2,2026-05-23,A2
INV0003424,20241231,STR0043,PRD00064,60,22,Adequate,30.0,2026-07-06,B1
INV0003425,20241231,STR0043,PRD00065,112,22,Adequate,28.0,2026-06-13,C1
INV0003426,20241231,STR0043,PRD00066,152,15,Adequate,21.7,2026-06-10,A1
INV0003427,20241231,STR0043,PRD00067,65,42,Adequate,13.0,2026-05-22,B1
INV0003428,20241231,STR0043,PRD00068,6,37,Reorder Required,1.5,2026-06-16,B1
INV0003429,20241231,STR0043,PRD00069,176,29,Adequate,22.0,2026-06-22,A1
INV0003430,20241231,STR0043,PRD00070,76,38,Adequate,38.0,2026-05-25,D1
INV0003431,20241231,STR0043,PRD00071,85,37,Adequate,21.2,2026-06-26,A2
INV0003432,20241231,STR0043,PRD00072,140,15,Adequate,46.7,2026-05-23,D1
INV0003433,20241231,STR0043,PRD00073,163,31,Adequate,12.5,2026-06-30,D1
INV0003434,20241231,STR0043,PRD00074,29,10,Adequate,2.9,2026-06-06,A2
INV0003435,20241231,STR0043,PRD00075,130,39,Adequate,10.0,2026-06-18,C1
INV0003436,20241231,STR0043,PRD00076,15,34,Reorder Required,1.0,2026-06-21,B1
INV0003437,20241231,STR0043,PRD00077,174,47,Adequate,43.5,2026-05-08,A1
INV0003438,20241231,STR0043,PRD00078,155,10,Adequate,38.8,2026-06-07,B1
INV0003439,20241231,STR0043,PRD00079,197,28,Adequate,24.6,2026-07-04,A2
INV0003440,20241231,STR0043,PRD00080,47,11,Adequate,3.6,2026-05-11,A2
INV0003441,20241231,STR0044,PRD00001,67,50,Adequate,4.8,2026-05-09,B2
INV0003442,20241231,STR0044,PRD00002,81,17,Adequate,13.5,2026-05-19,B1
INV0003443,20241231,STR0044,PRD00003,154,44,Adequate,19.2,2026-06-14,B1
INV0003444,20241231,STR0044,PRD00004,121,27,Adequate,13.4,2026-05-10,C2
INV0003445,20241231,STR0044,PRD00005,97,40,Adequate,8.8,2026-06-21,A1
INV0003446,20241231,STR0044,PRD00006,107,33,Adequate,15.3,2026-05-15,B1
INV0003447,20241231,STR0044,PRD00007,129,39,Adequate,25.8,2026-06-04,C1
INV0003448,20241231,STR0044,PRD00008,66,20,Adequate,6.0,2026-06-08,B2
INV0003449,20241231,STR0044,PRD00009,50,38,Adequate,5.0,2026-06-02,D1
INV0003450,20241231,STR0044,PRD00010,56,30,Adequate,14.0,2026-05-22,C2
INV0003451,20241231,STR0044,PRD00011,156,36,Adequate,78.0,2026-05-09,A2
INV0003452,20241231,STR0044,PRD00012,47,13,Adequate,4.7,2026-06-11,C2
INV0003453,20241231,STR0044,PRD00013,27,34,Reorder Required,13.5,2026-06-28,C1
INV0003454,20241231,STR0044,PRD00014,25,27,Reorder Required,2.3,2026-06-26,D1
INV0003455,20241231,STR0044,PRD00015,167,27,Adequate,27.8,2026-05-29,A1
INV0003456,20241231,STR0044,PRD00016,144,31,Adequate,28.8,2026-05-18,C2
INV0003457,20241231,STR0044,PRD00017,113,50,Adequate,18.8,2026-05-11,B1
INV0003458,20241231,STR0044,PRD00018,105,24,Adequate,7.5,2026-06-30,C1
INV0003459,20241231,STR0044,PRD00019,4,23,Reorder Required,1.0,2026-05-17,C1
INV0003460,20241231,STR0044,PRD00020,110,37,Adequate,10.0,2026-06-26,C2
INV0003461,20241231,STR0044,PRD00021,37,24,Adequate,5.3,2026-06-08,A1
INV0003462,20241231,STR0044,PRD00022,37,12,Adequate,7.4,2026-06-01,C1
INV0003463,20241231,STR0044,PRD00023,58,37,Adequate,4.8,2026-06-08,B2
INV0003464,20241231,STR0044,PRD00024,39,16,Adequate,9.8,2026-06-21,C2
INV0003465,20241231,STR0044,PRD00025,103,36,Adequate,14.7,2026-07-04,C1
INV0003466,20241231,STR0044,PRD00026,119,15,Adequate,10.8,2026-07-04,A1
INV0003467,20241231,STR0044,PRD00027,197,46,Adequate,24.6,2026-05-30,A1
INV0003468,20241231,STR0044,PRD00028,129,18,Adequate,9.2,2026-06-24,A2
INV0003469,20241231,STR0044,PRD00029,159,10,Adequate,14.5,2026-07-04,B2
INV0003470,20241231,STR0044,PRD00030,200,12,Adequate,50.0,2026-05-09,D1
INV0003471,20241231,STR0044,PRD00031,195,44,Adequate,27.9,2026-06-21,A1
INV0003472,20241231,STR0044,PRD00032,96,31,Adequate,10.7,2026-06-24,B1
INV0003473,20241231,STR0044,PRD00033,77,33,Adequate,25.7,2026-05-24,B2
INV0003474,20241231,STR0044,PRD00034,103,33,Adequate,6.9,2026-06-06,B1
INV0003475,20241231,STR0044,PRD00035,76,23,Adequate,10.9,2026-06-25,C1
INV0003476,20241231,STR0044,PRD00036,190,40,Adequate,15.8,2026-05-28,C2
INV0003477,20241231,STR0044,PRD00037,22,23,Reorder Required,1.6,2026-05-10,A1
INV0003478,20241231,STR0044,PRD00038,25,27,Reorder Required,8.3,2026-06-21,B2
INV0003479,20241231,STR0044,PRD00039,17,38,Reorder Required,8.5,2026-05-12,B1
INV0003480,20241231,STR0044,PRD00040,166,44,Adequate,55.3,2026-06-20,C2
INV0003481,20241231,STR0044,PRD00041,23,33,Reorder Required,2.1,2026-05-11,D1
INV0003482,20241231,STR0044,PRD00042,151,14,Adequate,30.2,2026-05-22,B1
INV0003483,20241231,STR0044,PRD00043,93,21,Adequate,93.0,2026-07-05,D1
INV0003484,20241231,STR0044,PRD00044,107,19,Adequate,7.6,2026-06-05,A2
INV0003485,20241231,STR0044,PRD00045,82,11,Adequate,27.3,2026-06-10,C1
INV0003486,20241231,STR0044,PRD00046,29,40,Reorder Required,2.2,2026-06-29,A1
INV0003487,20241231,STR0044,PRD00047,148,14,Adequate,21.1,2026-06-28,B2
INV0003488,20241231,STR0044,PRD00048,42,31,Adequate,10.5,2026-06-23,A1
INV0003489,20241231,STR0044,PRD00049,26,41,Reorder Required,4.3,2026-07-05,B2
INV0003490,20241231,STR0044,PRD00050,166,39,Adequate,18.4,2026-06-26,C1
INV0003491,20241231,STR0044,PRD00051,55,26,Adequate,27.5,2026-05-18,D1
INV0003492,20241231,STR0044,PRD00052,7,13,Reorder Required,0.5,2026-06-14,B2
INV0003493,20241231,STR0044,PRD00053,142,20,Adequate,11.8,2026-05-21,C1
INV0003494,20241231,STR0044,PRD00054,27,19,Adequate,2.1,2026-06-27,C1
INV0003495,20241231,STR0044,PRD00055,165,38,Adequate,41.2,2026-05-08,B2
INV0003496,20241231,STR0044,PRD00056,154,30,Adequate,11.0,2026-07-01,B2
INV0003497,20241231,STR0044,PRD00057,133,44,Adequate,10.2,2026-05-31,A1
INV0003498,20241231,STR0044,PRD00058,30,19,Adequate,2.3,2026-05-18,A2
INV0003499,20241231,STR0044,PRD00059,174,44,Adequate,11.6,2026-05-28,B2
INV0003500,20241231,STR0044,PRD00060,142,28,Adequate,28.4,2026-06-09,C2
INV0003501,20241231,STR0044,PRD00061,82,38,Adequate,16.4,2026-05-12,C1
INV0003502,20241231,STR0044,PRD00062,30,18,Adequate,30.0,2026-07-06,B1
INV0003503,20241231,STR0044,PRD00063,23,24,Reorder Required,1.6,2026-06-23,A2
INV0003504,20241231,STR0044,PRD00064,111,22,Adequate,18.5,2026-05-13,B2
INV0003505,20241231,STR0044,PRD00065,156,22,Adequate,17.3,2026-05-14,C1
INV0003506,20241231,STR0044,PRD00066,158,15,Adequate,15.8,2026-07-03,C2
INV0003507,20241231,STR0044,PRD00067,145,42,Adequate,10.4,2026-05-09,A1
INV0003508,20241231,STR0044,PRD00068,104,37,Adequate,6.9,2026-05-11,A2
INV0003509,20241231,STR0044,PRD00069,72,29,Adequate,18.0,2026-06-16,B2
INV0003510,20241231,STR0044,PRD00070,23,38,Reorder Required,1.8,2026-06-28,A2
INV0003511,20241231,STR0044,PRD00071,93,37,Adequate,23.2,2026-06-18,B1
INV0003512,20241231,STR0044,PRD00072,23,15,Adequate,1.5,2026-07-06,A2
INV0003513,20241231,STR0044,PRD00073,199,31,Adequate,22.1,2026-06-04,D1
INV0003514,20241231,STR0044,PRD00074,189,10,Adequate,31.5,2026-05-23,B1
INV0003515,20241231,STR0044,PRD00075,65,39,Adequate,7.2,2026-06-01,A2
INV0003516,20241231,STR0044,PRD00076,53,34,Adequate,5.9,2026-06-12,C1
INV0003517,20241231,STR0044,PRD00077,165,47,Adequate,11.8,2026-06-16,C2
INV0003518,20241231,STR0044,PRD00078,140,10,Adequate,17.5,2026-06-17,B1
INV0003519,20241231,STR0044,PRD00079,32,28,Adequate,3.6,2026-05-21,B2
INV0003520,20241231,STR0044,PRD00080,126,11,Adequate,126.0,2026-06-03,A1
INV0003521,20241231,STR0045,PRD00001,26,50,Reorder Required,2.2,2026-05-24,B1
INV0003522,20241231,STR0045,PRD00002,53,17,Adequate,53.0,2026-06-18,A2
INV0003523,20241231,STR0045,PRD00003,28,44,Reorder Required,2.0,2026-06-10,D1
INV0003524,20241231,STR0045,PRD00004,164,27,Adequate,20.5,2026-07-06,C1
INV0003525,20241231,STR0045,PRD00005,118,40,Adequate,59.0,2026-06-23,D1
INV0003526,20241231,STR0045,PRD00006,46,33,Adequate,15.3,2026-05-10,A2
INV0003527,20241231,STR0045,PRD00007,83,39,Adequate,83.0,2026-06-27,A1
INV0003528,20241231,STR0045,PRD00008,200,20,Adequate,15.4,2026-05-11,B1
INV0003529,20241231,STR0045,PRD00009,74,38,Adequate,24.7,2026-05-13,C2
INV0003530,20241231,STR0045,PRD00010,60,30,Adequate,5.0,2026-06-20,C1
INV0003531,20241231,STR0045,PRD00011,138,36,Adequate,9.2,2026-07-03,B1
INV0003532,20241231,STR0045,PRD00012,7,13,Reorder Required,2.3,2026-06-01,C2
INV0003533,20241231,STR0045,PRD00013,177,34,Adequate,88.5,2026-06-19,C2
INV0003534,20241231,STR0045,PRD00014,200,27,Adequate,50.0,2026-07-01,D1
INV0003535,20241231,STR0045,PRD00015,108,27,Adequate,8.3,2026-05-20,B1
INV0003536,20241231,STR0045,PRD00016,161,31,Adequate,14.6,2026-05-18,B1
INV0003537,20241231,STR0045,PRD00017,60,50,Adequate,8.6,2026-06-13,A1
INV0003538,20241231,STR0045,PRD00018,29,24,Adequate,7.2,2026-06-01,C1
INV0003539,20241231,STR0045,PRD00019,125,23,Adequate,12.5,2026-05-24,D1
INV0003540,20241231,STR0045,PRD00020,196,37,Adequate,98.0,2026-06-03,B1
INV0003541,20241231,STR0045,PRD00021,11,24,Reorder Required,0.7,2026-06-13,C1
INV0003542,20241231,STR0045,PRD00022,197,12,Adequate,13.1,2026-06-08,C2
INV0003543,20241231,STR0045,PRD00023,64,37,Adequate,32.0,2026-05-26,B1
INV0003544,20241231,STR0045,PRD00024,188,16,Adequate,37.6,2026-06-09,B1
INV0003545,20241231,STR0045,PRD00025,193,36,Adequate,38.6,2026-06-04,A1
INV0003546,20241231,STR0045,PRD00026,156,15,Adequate,15.6,2026-06-15,C2
INV0003547,20241231,STR0045,PRD00027,108,46,Adequate,15.4,2026-06-21,A2
INV0003548,20241231,STR0045,PRD00028,26,18,Adequate,6.5,2026-06-18,C1
INV0003549,20241231,STR0045,PRD00029,17,10,Adequate,4.2,2026-06-25,C2
INV0003550,20241231,STR0045,PRD00030,135,12,Adequate,45.0,2026-05-30,A2
INV0003551,20241231,STR0045,PRD00031,94,44,Adequate,11.8,2026-05-22,A1
INV0003552,20241231,STR0045,PRD00032,131,31,Adequate,10.9,2026-05-31,A1
INV0003553,20241231,STR0045,PRD00033,97,33,Adequate,7.5,2026-05-09,A2
INV0003554,20241231,STR0045,PRD00034,142,33,Adequate,142.0,2026-06-01,D1
INV0003555,20241231,STR0045,PRD00035,15,23,Reorder Required,1.4,2026-07-02,A2
INV0003556,20241231,STR0045,PRD00036,148,40,Adequate,9.9,2026-06-14,D1
INV0003557,20241231,STR0045,PRD00037,161,23,Adequate,13.4,2026-05-11,A1
INV0003558,20241231,STR0045,PRD00038,143,27,Adequate,23.8,2026-05-30,C1
INV0003559,20241231,STR0045,PRD00039,126,38,Adequate,14.0,2026-05-16,C1
INV0003560,20241231,STR0045,PRD00040,81,44,Adequate,81.0,2026-06-26,C1
INV0003561,20241231,STR0045,PRD00041,6,33,Reorder Required,0.4,2026-05-28,C2
INV0003562,20241231,STR0045,PRD00042,22,14,Adequate,7.3,2026-06-30,B2
INV0003563,20241231,STR0045,PRD00043,58,21,Adequate,6.4,2026-06-21,C2
INV0003564,20241231,STR0045,PRD00044,76,19,Adequate,10.9,2026-05-31,C2
INV0003565,20241231,STR0045,PRD00045,47,11,Adequate,47.0,2026-06-12,A2
INV0003566,20241231,STR0045,PRD00046,82,40,Adequate,16.4,2026-05-17,D1
INV0003567,20241231,STR0045,PRD00047,89,14,Adequate,22.2,2026-06-01,C1
INV0003568,20241231,STR0045,PRD00048,25,31,Reorder Required,4.2,2026-06-28,C2
INV0003569,20241231,STR0045,PRD00049,180,41,Adequate,180.0,2026-07-06,C2
INV0003570,20241231,STR0045,PRD00050,144,39,Adequate,28.8,2026-05-13,B1
INV0003571,20241231,STR0045,PRD00051,79,26,Adequate,7.9,2026-06-13,A2
INV0003572,20241231,STR0045,PRD00052,58,13,Adequate,4.8,2026-06-04,C2
INV0003573,20241231,STR0045,PRD00053,135,20,Adequate,45.0,2026-06-27,C2
INV0003574,20241231,STR0045,PRD00054,172,19,Adequate,34.4,2026-06-02,D1
INV0003575,20241231,STR0045,PRD00055,142,38,Adequate,11.8,2026-06-24,C1
INV0003576,20241231,STR0045,PRD00056,60,30,Adequate,6.7,2026-06-03,B2
INV0003577,20241231,STR0045,PRD00057,78,44,Adequate,5.6,2026-06-23,D1
INV0003578,20241231,STR0045,PRD00058,155,19,Adequate,51.7,2026-05-27,A2
INV0003579,20241231,STR0045,PRD00059,62,44,Adequate,4.8,2026-05-12,C2
INV0003580,20241231,STR0045,PRD00060,92,28,Adequate,30.7,2026-06-22,A1
INV0003581,20241231,STR0045,PRD00061,109,38,Adequate,54.5,2026-06-27,B2
INV0003582,20241231,STR0045,PRD00062,183,18,Adequate,91.5,2026-05-10,A1
INV0003583,20241231,STR0045,PRD00063,47,24,Adequate,11.8,2026-05-17,C2
INV0003584,20241231,STR0045,PRD00064,3,22,Reorder Required,0.2,2026-06-19,C2
INV0003585,20241231,STR0045,PRD00065,152,22,Adequate,11.7,2026-05-18,D1
INV0003586,20241231,STR0045,PRD00066,95,15,Adequate,19.0,2026-06-14,C1
INV0003587,20241231,STR0045,PRD00067,38,42,Reorder Required,3.5,2026-06-11,B2
INV0003588,20241231,STR0045,PRD00068,67,37,Adequate,5.2,2026-06-02,A1
INV0003589,20241231,STR0045,PRD00069,165,29,Adequate,15.0,2026-05-26,A1
INV0003590,20241231,STR0045,PRD00070,155,38,Adequate,22.1,2026-06-26,A2
INV0003591,20241231,STR0045,PRD00071,23,37,Reorder Required,1.6,2026-06-08,B2
INV0003592,20241231,STR0045,PRD00072,186,15,Adequate,12.4,2026-06-01,B1
INV0003593,20241231,STR0045,PRD00073,135,31,Adequate,22.5,2026-05-19,B1
INV0003594,20241231,STR0045,PRD00074,92,10,Adequate,7.1,2026-05-27,B1
INV0003595,20241231,STR0045,PRD00075,187,39,Adequate,14.4,2026-06-26,A2
INV0003596,20241231,STR0045,PRD00076,60,34,Adequate,6.7,2026-05-19,B1
INV0003597,20241231,STR0045,PRD00077,89,47,Adequate,9.9,2026-06-26,B2
INV0003598,20241231,STR0045,PRD00078,105,10,Adequate,10.5,2026-06-10,C1
INV0003599,20241231,STR0045,PRD00079,78,28,Adequate,6.0,2026-06-20,B2
INV0003600,20241231,STR0045,PRD00080,31,11,Adequate,2.6,2026-06-24,B1
INV0003601,20241231,STR0046,PRD00001,147,50,Adequate,147.0,2026-06-21,A1
INV0003602,20241231,STR0046,PRD00002,129,17,Adequate,25.8,2026-05-30,B1
INV0003603,20241231,STR0046,PRD00003,27,44,Reorder Required,2.2,2026-06-16,B2
INV0003604,20241231,STR0046,PRD00004,124,27,Adequate,9.5,2026-05-31,A2
INV0003605,20241231,STR0046,PRD00005,31,40,Reorder Required,2.8,2026-07-06,C2
INV0003606,20241231,STR0046,PRD00006,166,33,Adequate,18.4,2026-06-13,B2
INV0003607,20241231,STR0046,PRD00007,91,39,Adequate,11.4,2026-06-16,C1
INV0003608,20241231,STR0046,PRD00008,127,20,Adequate,9.8,2026-05-28,A2
INV0003609,20241231,STR0046,PRD00009,131,38,Adequate,18.7,2026-06-08,A1
INV0003610,20241231,STR0046,PRD00010,117,30,Adequate,8.4,2026-05-09,A2
INV0003611,20241231,STR0046,PRD00011,161,36,Adequate,20.1,2026-06-05,C2
INV0003612,20241231,STR0046,PRD00012,49,13,Adequate,3.3,2026-05-26,C2
INV0003613,20241231,STR0046,PRD00013,4,34,Reorder Required,0.4,2026-06-10,A1
INV0003614,20241231,STR0046,PRD00014,60,27,Adequate,4.3,2026-05-25,D1
INV0003615,20241231,STR0046,PRD00015,126,27,Adequate,42.0,2026-06-27,A2
INV0003616,20241231,STR0046,PRD00016,185,31,Adequate,46.2,2026-05-24,B2
INV0003617,20241231,STR0046,PRD00017,191,50,Adequate,27.3,2026-05-10,C1
INV0003618,20241231,STR0046,PRD00018,12,24,Reorder Required,1.2,2026-05-08,C1
INV0003619,20241231,STR0046,PRD00019,46,23,Adequate,3.1,2026-06-16,A2
INV0003620,20241231,STR0046,PRD00020,186,37,Adequate,13.3,2026-06-16,A1
INV0003621,20241231,STR0046,PRD00021,106,24,Adequate,7.1,2026-06-21,A2
INV0003622,20241231,STR0046,PRD00022,151,12,Adequate,12.6,2026-05-24,C1
INV0003623,20241231,STR0046,PRD00023,32,37,Reorder Required,2.3,2026-05-09,C2
INV0003624,20241231,STR0046,PRD00024,76,16,Adequate,15.2,2026-07-02,B2
INV0003625,20241231,STR0046,PRD00025,159,36,Adequate,79.5,2026-05-08,A1
INV0003626,20241231,STR0046,PRD00026,4,15,Reorder Required,2.0,2026-06-03,A1
INV0003627,20241231,STR0046,PRD00027,182,46,Adequate,13.0,2026-07-06,B1
INV0003628,20241231,STR0046,PRD00028,67,18,Adequate,6.1,2026-06-17,B2
INV0003629,20241231,STR0046,PRD00029,150,10,Adequate,30.0,2026-05-10,A1
INV0003630,20241231,STR0046,PRD00030,148,12,Adequate,13.5,2026-06-10,C1
INV0003631,20241231,STR0046,PRD00031,175,44,Adequate,87.5,2026-05-20,A1
INV0003632,20241231,STR0046,PRD00032,132,31,Adequate,18.9,2026-05-16,C2
INV0003633,20241231,STR0046,PRD00033,174,33,Adequate,43.5,2026-05-21,C1
INV0003634,20241231,STR0046,PRD00034,167,33,Adequate,41.8,2026-05-24,A2
INV0003635,20241231,STR0046,PRD00035,190,23,Adequate,31.7,2026-06-06,A2
INV0003636,20241231,STR0046,PRD00036,57,40,Adequate,5.7,2026-06-21,B2
INV0003637,20241231,STR0046,PRD00037,33,23,Adequate,2.8,2026-05-12,A1
INV0003638,20241231,STR0046,PRD00038,56,27,Adequate,9.3,2026-06-19,A2
INV0003639,20241231,STR0046,PRD00039,49,38,Adequate,7.0,2026-05-25,D1
INV0003640,20241231,STR0046,PRD00040,145,44,Adequate,72.5,2026-05-29,C2
INV0003641,20241231,STR0046,PRD00041,139,33,Adequate,11.6,2026-05-16,A2
INV0003642,20241231,STR0046,PRD00042,104,14,Adequate,34.7,2026-06-15,B2
INV0003643,20241231,STR0046,PRD00043,84,21,Adequate,7.6,2026-05-28,D1
INV0003644,20241231,STR0046,PRD00044,153,19,Adequate,153.0,2026-06-27,B1
INV0003645,20241231,STR0046,PRD00045,155,11,Adequate,15.5,2026-06-28,A2
INV0003646,20241231,STR0046,PRD00046,125,40,Adequate,15.6,2026-06-24,D1
INV0003647,20241231,STR0046,PRD00047,148,14,Adequate,74.0,2026-05-15,D1
INV0003648,20241231,STR0046,PRD00048,16,31,Reorder Required,2.0,2026-06-24,A2
INV0003649,20241231,STR0046,PRD00049,171,41,Adequate,34.2,2026-05-29,A2
INV0003650,20241231,STR0046,PRD00050,175,39,Adequate,12.5,2026-05-17,B1
INV0003651,20241231,STR0046,PRD00051,10,26,Reorder Required,0.8,2026-06-15,C2
INV0003652,20241231,STR0046,PRD00052,88,13,Adequate,6.8,2026-07-03,A2
INV0003653,20241231,STR0046,PRD00053,84,20,Adequate,16.8,2026-06-09,A1
INV0003654,20241231,STR0046,PRD00054,147,19,Adequate,21.0,2026-06-16,C1
INV0003655,20241231,STR0046,PRD00055,182,38,Adequate,16.5,2026-06-24,C1
INV0003656,20241231,STR0046,PRD00056,198,30,Adequate,24.8,2026-06-10,A1
INV0003657,20241231,STR0046,PRD00057,50,44,Adequate,3.3,2026-06-30,A1
INV0003658,20241231,STR0046,PRD00058,144,19,Adequate,14.4,2026-06-03,B1
INV0003659,20241231,STR0046,PRD00059,88,44,Adequate,7.3,2026-06-05,B2
INV0003660,20241231,STR0046,PRD00060,63,28,Adequate,63.0,2026-06-25,B1
INV0003661,20241231,STR0046,PRD00061,8,38,Reorder Required,0.6,2026-06-24,A2
INV0003662,20241231,STR0046,PRD00062,6,18,Reorder Required,0.9,2026-05-24,C2
INV0003663,20241231,STR0046,PRD00063,98,24,Adequate,7.5,2026-05-08,B2
INV0003664,20241231,STR0046,PRD00064,129,22,Adequate,25.8,2026-06-14,A2
INV0003665,20241231,STR0046,PRD00065,12,22,Reorder Required,1.2,2026-06-07,A2
INV0003666,20241231,STR0046,PRD00066,85,15,Adequate,5.7,2026-06-22,C1
INV0003667,20241231,STR0046,PRD00067,126,42,Adequate,14.0,2026-05-28,B1
INV0003668,20241231,STR0046,PRD00068,91,37,Adequate,7.6,2026-05-08,A1
INV0003669,20241231,STR0046,PRD00069,10,29,Reorder Required,0.8,2026-06-20,D1
INV0003670,20241231,STR0046,PRD00070,181,38,Adequate,30.2,2026-05-22,B2
INV0003671,20241231,STR0046,PRD00071,165,37,Adequate,82.5,2026-06-06,A1
INV0003672,20241231,STR0046,PRD00072,120,15,Adequate,120.0,2026-07-01,B2
INV0003673,20241231,STR0046,PRD00073,45,31,Adequate,15.0,2026-06-09,B1
INV0003674,20241231,STR0046,PRD00074,59,10,Adequate,8.4,2026-06-13,C2
INV0003675,20241231,STR0046,PRD00075,128,39,Adequate,11.6,2026-05-10,B1
INV0003676,20241231,STR0046,PRD00076,29,34,Reorder Required,2.1,2026-06-15,C1
INV0003677,20241231,STR0046,PRD00077,33,47,Reorder Required,5.5,2026-05-26,C2
INV0003678,20241231,STR0046,PRD00078,65,10,Adequate,5.9,2026-05-29,A1
INV0003679,20241231,STR0046,PRD00079,59,28,Adequate,4.2,2026-06-27,A1
INV0003680,20241231,STR0046,PRD00080,154,11,Adequate,22.0,2026-05-11,A1
INV0003681,20241231,STR0047,PRD00001,56,50,Adequate,4.3,2026-06-10,C1
INV0003682,20241231,STR0047,PRD00002,84,17,Adequate,21.0,2026-05-30,D1
INV0003683,20241231,STR0047,PRD00003,106,44,Adequate,8.8,2026-05-15,A1
INV0003684,20241231,STR0047,PRD00004,33,27,Adequate,3.0,2026-06-05,A1
INV0003685,20241231,STR0047,PRD00005,106,40,Adequate,10.6,2026-06-14,D1
INV0003686,20241231,STR0047,PRD00006,100,33,Adequate,10.0,2026-05-10,B1
INV0003687,20241231,STR0047,PRD00007,11,39,Reorder Required,1.0,2026-06-10,A1
INV0003688,20241231,STR0047,PRD00008,119,20,Adequate,9.9,2026-06-23,C1
INV0003689,20241231,STR0047,PRD00009,17,38,Reorder Required,1.4,2026-05-30,B1
INV0003690,20241231,STR0047,PRD00010,180,30,Adequate,180.0,2026-06-27,A2
INV0003691,20241231,STR0047,PRD00011,122,36,Adequate,11.1,2026-05-29,B2
INV0003692,20241231,STR0047,PRD00012,25,13,Adequate,1.8,2026-06-17,A1
INV0003693,20241231,STR0047,PRD00013,87,34,Adequate,6.7,2026-05-31,C1
INV0003694,20241231,STR0047,PRD00014,157,27,Adequate,14.3,2026-05-23,D1
INV0003695,20241231,STR0047,PRD00015,15,27,Reorder Required,1.2,2026-06-20,C2
INV0003696,20241231,STR0047,PRD00016,185,31,Adequate,23.1,2026-05-25,B1
INV0003697,20241231,STR0047,PRD00017,126,50,Adequate,18.0,2026-06-15,C1
INV0003698,20241231,STR0047,PRD00018,167,24,Adequate,23.9,2026-06-17,C1
INV0003699,20241231,STR0047,PRD00019,35,23,Adequate,4.4,2026-05-16,B2
INV0003700,20241231,STR0047,PRD00020,35,37,Reorder Required,5.0,2026-07-06,B2
INV0003701,20241231,STR0047,PRD00021,172,24,Adequate,13.2,2026-05-22,A1
INV0003702,20241231,STR0047,PRD00022,68,12,Adequate,4.9,2026-07-03,A1
INV0003703,20241231,STR0047,PRD00023,170,37,Adequate,15.5,2026-05-31,C1
INV0003704,20241231,STR0047,PRD00024,3,16,Reorder Required,0.3,2026-05-08,C2
INV0003705,20241231,STR0047,PRD00025,193,36,Adequate,48.2,2026-06-07,C2
INV0003706,20241231,STR0047,PRD00026,187,15,Adequate,20.8,2026-06-26,B2
INV0003707,20241231,STR0047,PRD00027,20,46,Reorder Required,1.7,2026-06-17,D1
INV0003708,20241231,STR0047,PRD00028,53,18,Adequate,4.8,2026-05-10,B2
INV0003709,20241231,STR0047,PRD00029,126,10,Adequate,15.8,2026-07-02,D1
INV0003710,20241231,STR0047,PRD00030,175,12,Adequate,13.5,2026-06-02,B1
INV0003711,20241231,STR0047,PRD00031,117,44,Adequate,10.6,2026-05-31,C2
INV0003712,20241231,STR0047,PRD00032,142,31,Adequate,142.0,2026-06-23,C1
INV0003713,20241231,STR0047,PRD00033,47,33,Adequate,4.7,2026-05-25,A2
INV0003714,20241231,STR0047,PRD00034,155,33,Adequate,10.3,2026-06-28,B2
INV0003715,20241231,STR0047,PRD00035,173,23,Adequate,86.5,2026-05-17,D1
INV0003716,20241231,STR0047,PRD00036,96,40,Adequate,16.0,2026-06-26,C2
INV0003717,20241231,STR0047,PRD00037,180,23,Adequate,180.0,2026-05-27,B1
INV0003718,20241231,STR0047,PRD00038,24,27,Reorder Required,6.0,2026-06-30,B2
INV0003719,20241231,STR0047,PRD00039,197,38,Adequate,197.0,2026-05-22,A1
INV0003720,20241231,STR0047,PRD00040,125,44,Adequate,15.6,2026-07-06,D1
INV0003721,20241231,STR0047,PRD00041,128,33,Adequate,16.0,2026-06-21,A1
INV0003722,20241231,STR0047,PRD00042,49,14,Adequate,5.4,2026-06-01,C1
INV0003723,20241231,STR0047,PRD00043,126,21,Adequate,8.4,2026-05-22,C2
INV0003724,20241231,STR0047,PRD00044,200,19,Adequate,22.2,2026-05-21,C1
INV0003725,20241231,STR0047,PRD00045,64,11,Adequate,64.0,2026-06-05,A2
INV0003726,20241231,STR0047,PRD00046,22,40,Reorder Required,7.3,2026-05-08,C1
INV0003727,20241231,STR0047,PRD00047,187,14,Adequate,13.4,2026-07-05,B1
INV0003728,20241231,STR0047,PRD00048,154,31,Adequate,77.0,2026-06-15,C1
INV0003729,20241231,STR0047,PRD00049,192,41,Adequate,64.0,2026-05-20,D1
INV0003730,20241231,STR0047,PRD00050,77,39,Adequate,12.8,2026-06-09,B2
INV0003731,20241231,STR0047,PRD00051,132,26,Adequate,13.2,2026-06-24,C1
INV0003732,20241231,STR0047,PRD00052,141,13,Adequate,10.8,2026-06-29,C2
INV0003733,20241231,STR0047,PRD00053,72,20,Adequate,5.1,2026-06-29,B2
INV0003734,20241231,STR0047,PRD00054,181,19,Adequate,181.0,2026-06-06,C1
INV0003735,20241231,STR0047,PRD00055,165,38,Adequate,12.7,2026-06-08,A2
INV0003736,20241231,STR0047,PRD00056,155,30,Adequate,155.0,2026-05-28,A1
INV0003737,20241231,STR0047,PRD00057,55,44,Adequate,55.0,2026-06-26,A2
INV0003738,20241231,STR0047,PRD00058,180,19,Adequate,13.8,2026-06-04,C2
INV0003739,20241231,STR0047,PRD00059,179,44,Adequate,13.8,2026-05-22,B2
INV0003740,20241231,STR0047,PRD00060,105,28,Adequate,10.5,2026-05-27,A2
INV0003741,20241231,STR0047,PRD00061,148,38,Adequate,16.4,2026-06-27,A1
INV0003742,20241231,STR0047,PRD00062,154,18,Adequate,12.8,2026-05-14,C1
INV0003743,20241231,STR0047,PRD00063,62,24,Adequate,31.0,2026-06-23,B1
INV0003744,20241231,STR0047,PRD00064,59,22,Adequate,4.9,2026-06-23,B2
INV0003745,20241231,STR0047,PRD00065,117,22,Adequate,29.2,2026-05-28,A1
INV0003746,20241231,STR0047,PRD00066,74,15,Adequate,74.0,2026-06-25,A2
INV0003747,20241231,STR0047,PRD00067,159,42,Adequate,12.2,2026-06-29,A1
INV0003748,20241231,STR0047,PRD00068,133,37,Adequate,26.6,2026-06-22,A1
INV0003749,20241231,STR0047,PRD00069,168,29,Adequate,12.9,2026-06-06,B2
INV0003750,20241231,STR0047,PRD00070,6,38,Reorder Required,0.5,2026-06-07,A1
INV0003751,20241231,STR0047,PRD00071,51,37,Adequate,4.2,2026-05-17,A1
INV0003752,20241231,STR0047,PRD00072,129,15,Adequate,10.8,2026-06-24,C1
INV0003753,20241231,STR0047,PRD00073,1,31,Reorder Required,1.0,2026-06-21,A2
INV0003754,20241231,STR0047,PRD00074,185,10,Adequate,23.1,2026-07-01,B2
INV0003755,20241231,STR0047,PRD00075,147,39,Adequate,73.5,2026-05-19,B1
INV0003756,20241231,STR0047,PRD00076,183,34,Adequate,36.6,2026-06-26,D1
INV0003757,20241231,STR0047,PRD00077,162,47,Adequate,32.4,2026-06-02,C1
INV0003758,20241231,STR0047,PRD00078,21,10,Adequate,21.0,2026-06-01,B1
INV0003759,20241231,STR0047,PRD00079,29,28,Adequate,9.7,2026-05-26,A2
INV0003760,20241231,STR0047,PRD00080,73,11,Adequate,4.9,2026-05-23,A1
INV0003761,20241231,STR0048,PRD00001,60,50,Adequate,4.6,2026-05-25,B2
INV0003762,20241231,STR0048,PRD00002,32,17,Adequate,2.1,2026-05-21,A2
INV0003763,20241231,STR0048,PRD00003,193,44,Adequate,27.6,2026-05-13,C1
INV0003764,20241231,STR0048,PRD00004,25,27,Reorder Required,2.3,2026-05-28,C1
INV0003765,20241231,STR0048,PRD00005,71,40,Adequate,5.5,2026-06-03,D1
INV0003766,20241231,STR0048,PRD00006,199,33,Adequate,16.6,2026-05-17,B1
INV0003767,20241231,STR0048,PRD00007,139,39,Adequate,27.8,2026-06-30,B1
INV0003768,20241231,STR0048,PRD00008,175,20,Adequate,58.3,2026-05-14,A1
INV0003769,20241231,STR0048,PRD00009,66,38,Adequate,8.2,2026-05-26,B1
INV0003770,20241231,STR0048,PRD00010,77,30,Adequate,38.5,2026-05-30,A2
INV0003771,20241231,STR0048,PRD00011,20,36,Reorder Required,10.0,2026-05-30,B1
INV0003772,20241231,STR0048,PRD00012,63,13,Adequate,5.2,2026-05-30,B1
INV0003773,20241231,STR0048,PRD00013,104,34,Adequate,34.7,2026-05-13,C1
INV0003774,20241231,STR0048,PRD00014,198,27,Adequate,28.3,2026-05-20,D1
INV0003775,20241231,STR0048,PRD00015,104,27,Adequate,7.4,2026-05-29,A2
INV0003776,20241231,STR0048,PRD00016,157,31,Adequate,11.2,2026-07-02,A2
INV0003777,20241231,STR0048,PRD00017,76,50,Adequate,5.4,2026-06-03,C2
INV0003778,20241231,STR0048,PRD00018,106,24,Adequate,8.2,2026-06-26,A2
INV0003779,20241231,STR0048,PRD00019,21,23,Reorder Required,1.5,2026-05-14,B1
INV0003780,20241231,STR0048,PRD00020,39,37,Adequate,6.5,2026-05-14,C1
INV0003781,20241231,STR0048,PRD00021,195,24,Adequate,48.8,2026-05-27,C2
INV0003782,20241231,STR0048,PRD00022,148,12,Adequate,24.7,2026-06-22,A2
INV0003783,20241231,STR0048,PRD00023,156,37,Adequate,31.2,2026-06-11,C1
INV0003784,20241231,STR0048,PRD00024,177,16,Adequate,44.2,2026-05-18,B1
INV0003785,20241231,STR0048,PRD00025,176,36,Adequate,88.0,2026-05-09,B1
INV0003786,20241231,STR0048,PRD00026,51,15,Adequate,3.6,2026-05-30,B2
INV0003787,20241231,STR0048,PRD00027,4,46,Reorder Required,0.3,2026-05-11,D1
INV0003788,20241231,STR0048,PRD00028,50,18,Adequate,8.3,2026-06-15,C2
INV0003789,20241231,STR0048,PRD00029,180,10,Adequate,45.0,2026-05-16,A2
INV0003790,20241231,STR0048,PRD00030,170,12,Adequate,34.0,2026-06-09,A1
INV0003791,20241231,STR0048,PRD00031,191,44,Adequate,47.8,2026-06-20,A2
INV0003792,20241231,STR0048,PRD00032,180,31,Adequate,22.5,2026-06-04,A2
INV0003793,20241231,STR0048,PRD00033,143,33,Adequate,20.4,2026-06-23,C2
INV0003794,20241231,STR0048,PRD00034,19,33,Reorder Required,1.5,2026-06-15,B2
INV0003795,20241231,STR0048,PRD00035,0,23,Reorder Required,0.0,2026-06-16,D1
INV0003796,20241231,STR0048,PRD00036,37,40,Reorder Required,37.0,2026-05-15,A2
INV0003797,20241231,STR0048,PRD00037,137,23,Adequate,11.4,2026-05-20,C2
INV0003798,20241231,STR0048,PRD00038,153,27,Adequate,153.0,2026-06-28,B2
INV0003799,20241231,STR0048,PRD00039,3,38,Reorder Required,0.4,2026-07-03,C2
INV0003800,20241231,STR0048,PRD00040,111,44,Adequate,11.1,2026-06-09,B2
INV0003801,20241231,STR0048,PRD00041,158,33,Adequate,31.6,2026-06-19,C2
INV0003802,20241231,STR0048,PRD00042,3,14,Reorder Required,3.0,2026-07-06,C2
INV0003803,20241231,STR0048,PRD00043,17,21,Reorder Required,1.4,2026-06-06,A2
INV0003804,20241231,STR0048,PRD00044,58,19,Adequate,3.9,2026-06-10,B2
INV0003805,20241231,STR0048,PRD00045,101,11,Adequate,25.2,2026-05-10,C1
INV0003806,20241231,STR0048,PRD00046,182,40,Adequate,26.0,2026-06-07,A2
INV0003807,20241231,STR0048,PRD00047,100,14,Adequate,14.3,2026-07-05,D1
INV0003808,20241231,STR0048,PRD00048,51,31,Adequate,4.6,2026-06-17,C1
INV0003809,20241231,STR0048,PRD00049,174,41,Adequate,13.4,2026-06-27,C1
INV0003810,20241231,STR0048,PRD00050,156,39,Adequate,31.2,2026-05-23,D1
INV0003811,20241231,STR0048,PRD00051,196,26,Adequate,14.0,2026-06-04,A1
INV0003812,20241231,STR0048,PRD00052,89,13,Adequate,17.8,2026-05-16,D1
INV0003813,20241231,STR0048,PRD00053,147,20,Adequate,36.8,2026-06-28,A2
INV0003814,20241231,STR0048,PRD00054,39,19,Adequate,5.6,2026-05-27,B1
INV0003815,20241231,STR0048,PRD00055,155,38,Adequate,38.8,2026-06-12,C1
INV0003816,20241231,STR0048,PRD00056,26,30,Reorder Required,6.5,2026-05-18,C1
INV0003817,20241231,STR0048,PRD00057,6,44,Reorder Required,0.4,2026-06-07,B1
INV0003818,20241231,STR0048,PRD00058,92,19,Adequate,8.4,2026-06-21,C2
INV0003819,20241231,STR0048,PRD00059,32,44,Reorder Required,4.0,2026-05-08,C1
INV0003820,20241231,STR0048,PRD00060,195,28,Adequate,65.0,2026-05-08,C2
INV0003821,20241231,STR0048,PRD00061,172,38,Adequate,19.1,2026-05-12,B2
INV0003822,20241231,STR0048,PRD00062,199,18,Adequate,18.1,2026-06-03,B2
INV0003823,20241231,STR0048,PRD00063,52,24,Adequate,4.0,2026-06-10,B1
INV0003824,20241231,STR0048,PRD00064,159,22,Adequate,15.9,2026-05-13,D1
INV0003825,20241231,STR0048,PRD00065,173,22,Adequate,57.7,2026-07-03,D1
INV0003826,20241231,STR0048,PRD00066,99,15,Adequate,9.9,2026-07-01,B2
INV0003827,20241231,STR0048,PRD00067,39,42,Reorder Required,3.5,2026-05-21,B2
INV0003828,20241231,STR0048,PRD00068,156,37,Adequate,12.0,2026-06-27,B2
INV0003829,20241231,STR0048,PRD00069,49,29,Adequate,49.0,2026-05-31,C1
INV0003830,20241231,STR0048,PRD00070,119,38,Adequate,59.5,2026-06-04,B2
INV0003831,20241231,STR0048,PRD00071,49,37,Adequate,16.3,2026-05-15,C1
INV0003832,20241231,STR0048,PRD00072,60,15,Adequate,60.0,2026-06-23,B1
INV0003833,20241231,STR0048,PRD00073,46,31,Adequate,5.1,2026-05-22,C2
INV0003834,20241231,STR0048,PRD00074,98,10,Adequate,49.0,2026-05-14,D1
INV0003835,20241231,STR0048,PRD00075,188,39,Adequate,14.5,2026-05-30,A2
INV0003836,20241231,STR0048,PRD00076,166,34,Adequate,33.2,2026-05-09,C2
INV0003837,20241231,STR0048,PRD00077,124,47,Adequate,62.0,2026-05-26,C2
INV0003838,20241231,STR0048,PRD00078,140,10,Adequate,23.3,2026-06-27,C1
INV0003839,20241231,STR0048,PRD00079,43,28,Adequate,8.6,2026-05-27,B2
INV0003840,20241231,STR0048,PRD00080,90,11,Adequate,6.4,2026-06-10,C2
INV0003841,20241231,STR0049,PRD00001,16,50,Reorder Required,8.0,2026-06-21,C1
INV0003842,20241231,STR0049,PRD00002,127,17,Adequate,10.6,2026-06-24,B1
INV0003843,20241231,STR0049,PRD00003,6,44,Reorder Required,0.7,2026-06-28,A2
INV0003844,20241231,STR0049,PRD00004,27,27,Reorder Required,2.1,2026-06-17,B2
INV0003845,20241231,STR0049,PRD00005,85,40,Adequate,9.4,2026-05-15,D1
INV0003846,20241231,STR0049,PRD00006,116,33,Adequate,12.9,2026-06-17,D1
INV0003847,20241231,STR0049,PRD00007,182,39,Adequate,12.1,2026-07-02,C1
INV0003848,20241231,STR0049,PRD00008,47,20,Adequate,15.7,2026-06-14,A1
INV0003849,20241231,STR0049,PRD00009,69,38,Adequate,34.5,2026-05-22,B2
INV0003850,20241231,STR0049,PRD00010,177,30,Adequate,12.6,2026-06-08,C1
INV0003851,20241231,STR0049,PRD00011,75,36,Adequate,25.0,2026-05-22,A1
INV0003852,20241231,STR0049,PRD00012,161,13,Adequate,11.5,2026-05-13,B1
INV0003853,20241231,STR0049,PRD00013,19,34,Reorder Required,1.4,2026-05-15,C1
INV0003854,20241231,STR0049,PRD00014,5,27,Reorder Required,0.6,2026-05-10,A2
INV0003855,20241231,STR0049,PRD00015,113,27,Adequate,113.0,2026-05-22,D1
INV0003856,20241231,STR0049,PRD00016,162,31,Adequate,40.5,2026-06-19,C1
INV0003857,20241231,STR0049,PRD00017,18,50,Reorder Required,1.5,2026-06-29,B1
INV0003858,20241231,STR0049,PRD00018,179,24,Adequate,29.8,2026-07-01,A1
INV0003859,20241231,STR0049,PRD00019,146,23,Adequate,12.2,2026-05-24,C1
INV0003860,20241231,STR0049,PRD00020,21,37,Reorder Required,2.3,2026-06-26,C2
INV0003861,20241231,STR0049,PRD00021,175,24,Adequate,15.9,2026-06-30,D1
INV0003862,20241231,STR0049,PRD00022,91,12,Adequate,91.0,2026-05-15,B2
INV0003863,20241231,STR0049,PRD00023,195,37,Adequate,19.5,2026-05-28,A1
INV0003864,20241231,STR0049,PRD00024,95,16,Adequate,11.9,2026-05-24,C2
INV0003865,20241231,STR0049,PRD00025,118,36,Adequate,13.1,2026-06-30,B1
INV0003866,20241231,STR0049,PRD00026,49,15,Adequate,6.1,2026-05-26,C2
INV0003867,20241231,STR0049,PRD00027,175,46,Adequate,14.6,2026-06-02,A1
INV0003868,20241231,STR0049,PRD00028,111,18,Adequate,9.2,2026-06-28,A2
INV0003869,20241231,STR0049,PRD00029,156,10,Adequate,12.0,2026-06-06,C1
INV0003870,20241231,STR0049,PRD00030,77,12,Adequate,5.1,2026-06-05,B1
INV0003871,20241231,STR0049,PRD00031,116,44,Adequate,58.0,2026-06-10,A1
INV0003872,20241231,STR0049,PRD00032,60,31,Adequate,6.0,2026-06-18,B1
INV0003873,20241231,STR0049,PRD00033,47,33,Adequate,3.1,2026-05-18,D1
INV0003874,20241231,STR0049,PRD00034,6,33,Reorder Required,2.0,2026-06-26,B2
INV0003875,20241231,STR0049,PRD00035,161,23,Adequate,20.1,2026-06-11,C1
INV0003876,20241231,STR0049,PRD00036,177,40,Adequate,35.4,2026-07-05,C2
INV0003877,20241231,STR0049,PRD00037,37,23,Adequate,3.4,2026-07-04,B2
INV0003878,20241231,STR0049,PRD00038,27,27,Reorder Required,3.9,2026-06-10,B1
INV0003879,20241231,STR0049,PRD00039,168,38,Adequate,12.9,2026-06-03,C2
INV0003880,20241231,STR0049,PRD00040,191,44,Adequate,27.3,2026-06-19,A1
INV0003881,20241231,STR0049,PRD00041,163,33,Adequate,12.5,2026-05-19,B1
INV0003882,20241231,STR0049,PRD00042,193,14,Adequate,32.2,2026-05-13,A1
INV0003883,20241231,STR0049,PRD00043,67,21,Adequate,4.8,2026-05-10,A2
INV0003884,20241231,STR0049,PRD00044,86,19,Adequate,5.7,2026-05-13,C2
INV0003885,20241231,STR0049,PRD00045,163,11,Adequate,11.6,2026-05-25,A2
INV0003886,20241231,STR0049,PRD00046,35,40,Reorder Required,7.0,2026-06-08,B2
INV0003887,20241231,STR0049,PRD00047,141,14,Adequate,11.8,2026-05-30,A2
INV0003888,20241231,STR0049,PRD00048,42,31,Adequate,3.8,2026-06-19,D1
INV0003889,20241231,STR0049,PRD00049,142,41,Adequate,15.8,2026-05-13,B1
INV0003890,20241231,STR0049,PRD00050,175,39,Adequate,13.5,2026-07-05,B2
INV0003891,20241231,STR0049,PRD00051,154,26,Adequate,22.0,2026-05-22,A2
INV0003892,20241231,STR0049,PRD00052,96,13,Adequate,7.4,2026-05-29,D1
INV0003893,20241231,STR0049,PRD00053,193,20,Adequate,21.4,2026-06-01,C2
INV0003894,20241231,STR0049,PRD00054,116,19,Adequate,23.2,2026-05-12,D1
INV0003895,20241231,STR0049,PRD00055,84,38,Adequate,10.5,2026-06-12,C2
INV0003896,20241231,STR0049,PRD00056,1,30,Reorder Required,0.3,2026-06-20,D1
INV0003897,20241231,STR0049,PRD00057,110,44,Adequate,9.2,2026-05-12,A2
INV0003898,20241231,STR0049,PRD00058,190,19,Adequate,27.1,2026-06-19,B2
INV0003899,20241231,STR0049,PRD00059,89,44,Adequate,7.4,2026-06-06,A1
INV0003900,20241231,STR0049,PRD00060,68,28,Adequate,6.8,2026-06-20,A2
INV0003901,20241231,STR0049,PRD00061,147,38,Adequate,49.0,2026-05-23,C1
INV0003902,20241231,STR0049,PRD00062,61,18,Adequate,5.5,2026-05-10,B2
INV0003903,20241231,STR0049,PRD00063,41,24,Adequate,3.7,2026-06-30,D1
INV0003904,20241231,STR0049,PRD00064,33,22,Adequate,3.3,2026-06-13,A2
INV0003905,20241231,STR0049,PRD00065,65,22,Adequate,4.6,2026-06-06,C2
INV0003906,20241231,STR0049,PRD00066,60,15,Adequate,60.0,2026-06-19,C2
INV0003907,20241231,STR0049,PRD00067,19,42,Reorder Required,1.4,2026-05-30,A1
INV0003908,20241231,STR0049,PRD00068,191,37,Adequate,191.0,2026-06-30,B1
INV0003909,20241231,STR0049,PRD00069,75,29,Adequate,12.5,2026-06-20,A2
INV0003910,20241231,STR0049,PRD00070,129,38,Adequate,32.2,2026-05-25,B2
INV0003911,20241231,STR0049,PRD00071,173,37,Adequate,17.3,2026-06-20,B1
INV0003912,20241231,STR0049,PRD00072,42,15,Adequate,3.0,2026-06-16,A1
INV0003913,20241231,STR0049,PRD00073,40,31,Adequate,4.4,2026-06-04,A2
INV0003914,20241231,STR0049,PRD00074,96,10,Adequate,8.7,2026-05-12,A1
INV0003915,20241231,STR0049,PRD00075,39,39,Reorder Required,3.0,2026-06-15,C2
INV0003916,20241231,STR0049,PRD00076,46,34,Adequate,3.5,2026-06-13,B1
INV0003917,20241231,STR0049,PRD00077,99,47,Adequate,7.1,2026-06-02,A1
INV0003918,20241231,STR0049,PRD00078,119,10,Adequate,7.9,2026-06-14,B1
INV0003919,20241231,STR0049,PRD00079,186,28,Adequate,16.9,2026-05-29,C1
INV0003920,20241231,STR0049,PRD00080,45,11,Adequate,15.0,2026-06-13,B1
INV0003921,20241231,STR0050,PRD00001,19,50,Reorder Required,1.4,2026-07-06,A1
INV0003922,20241231,STR0050,PRD00002,61,17,Adequate,10.2,2026-05-15,B1
INV0003923,20241231,STR0050,PRD00003,43,44,Reorder Required,6.1,2026-06-08,B2
INV0003924,20241231,STR0050,PRD00004,88,27,Adequate,9.8,2026-06-03,C1
INV0003925,20241231,STR0050,PRD00005,188,40,Adequate,188.0,2026-05-20,A1
INV0003926,20241231,STR0050,PRD00006,64,33,Adequate,32.0,2026-05-20,A2
INV0003927,20241231,STR0050,PRD00007,56,39,Adequate,5.6,2026-06-15,C1
INV0003928,20241231,STR0050,PRD00008,60,20,Adequate,15.0,2026-05-30,C2
INV0003929,20241231,STR0050,PRD00009,107,38,Adequate,8.9,2026-06-04,C1
INV0003930,20241231,STR0050,PRD00010,168,30,Adequate,84.0,2026-06-01,A2
INV0003931,20241231,STR0050,PRD00011,126,36,Adequate,14.0,2026-06-25,A1
INV0003932,20241231,STR0050,PRD00012,58,13,Adequate,6.4,2026-05-24,C1
INV0003933,20241231,STR0050,PRD00013,174,34,Adequate,15.8,2026-05-30,A1
INV0003934,20241231,STR0050,PRD00014,7,27,Reorder Required,0.5,2026-06-30,B2
INV0003935,20241231,STR0050,PRD00015,167,27,Adequate,27.8,2026-07-02,C1
INV0003936,20241231,STR0050,PRD00016,198,31,Adequate,24.8,2026-06-21,D1
INV0003937,20241231,STR0050,PRD00017,69,50,Adequate,34.5,2026-05-26,A1
INV0003938,20241231,STR0050,PRD00018,89,24,Adequate,8.1,2026-06-24,A2
INV0003939,20241231,STR0050,PRD00019,122,23,Adequate,24.4,2026-05-28,B1
INV0003940,20241231,STR0050,PRD00020,56,37,Adequate,56.0,2026-06-19,D1
INV0003941,20241231,STR0050,PRD00021,52,24,Adequate,5.2,2026-06-14,A2
INV0003942,20241231,STR0050,PRD00022,149,12,Adequate,13.5,2026-05-31,D1
INV0003943,20241231,STR0050,PRD00023,53,37,Adequate,3.5,2026-06-16,B2
INV0003944,20241231,STR0050,PRD00024,44,16,Adequate,8.8,2026-06-16,B1
INV0003945,20241231,STR0050,PRD00025,109,36,Adequate,36.3,2026-06-30,D1
INV0003946,20241231,STR0050,PRD00026,50,15,Adequate,16.7,2026-05-25,C1
INV0003947,20241231,STR0050,PRD00027,45,46,Reorder Required,22.5,2026-05-11,A1
INV0003948,20241231,STR0050,PRD00028,88,18,Adequate,22.0,2026-06-24,B2
INV0003949,20241231,STR0050,PRD00029,64,10,Adequate,4.9,2026-05-16,C1
INV0003950,20241231,STR0050,PRD00030,164,12,Adequate,11.7,2026-06-28,A1
INV0003951,20241231,STR0050,PRD00031,31,44,Reorder Required,2.8,2026-06-12,C2
INV0003952,20241231,STR0050,PRD00032,163,31,Adequate,40.8,2026-05-15,A2
INV0003953,20241231,STR0050,PRD00033,75,33,Adequate,9.4,2026-06-25,B1
INV0003954,20241231,STR0050,PRD00034,172,33,Adequate,28.7,2026-05-12,B1
INV0003955,20241231,STR0050,PRD00035,112,23,Adequate,12.4,2026-06-05,D1
INV0003956,20241231,STR0050,PRD00036,122,40,Adequate,20.3,2026-06-13,A2
INV0003957,20241231,STR0050,PRD00037,121,23,Adequate,17.3,2026-06-17,D1
INV0003958,20241231,STR0050,PRD00038,80,27,Adequate,11.4,2026-06-28,A1
INV0003959,20241231,STR0050,PRD00039,64,38,Adequate,5.8,2026-05-26,B2
INV0003960,20241231,STR0050,PRD00040,154,44,Adequate,77.0,2026-06-08,C2
INV0003961,20241231,STR0050,PRD00041,196,33,Adequate,98.0,2026-06-25,B1
INV0003962,20241231,STR0050,PRD00042,57,14,Adequate,7.1,2026-07-01,C2
INV0003963,20241231,STR0050,PRD00043,157,21,Adequate,12.1,2026-06-30,B1
INV0003964,20241231,STR0050,PRD00044,153,19,Adequate,10.2,2026-05-12,B1
INV0003965,20241231,STR0050,PRD00045,168,11,Adequate,14.0,2026-06-18,C1
INV0003966,20241231,STR0050,PRD00046,76,40,Adequate,38.0,2026-05-08,B2
INV0003967,20241231,STR0050,PRD00047,84,14,Adequate,14.0,2026-06-27,B2
INV0003968,20241231,STR0050,PRD00048,162,31,Adequate,14.7,2026-05-09,A1
INV0003969,20241231,STR0050,PRD00049,161,41,Adequate,11.5,2026-06-18,D1
INV0003970,20241231,STR0050,PRD00050,99,39,Adequate,7.1,2026-05-16,D1
INV0003971,20241231,STR0050,PRD00051,62,26,Adequate,6.2,2026-06-24,B1
INV0003972,20241231,STR0050,PRD00052,102,13,Adequate,25.5,2026-06-17,C2
INV0003973,20241231,STR0050,PRD00053,152,20,Adequate,76.0,2026-06-18,A1
INV0003974,20241231,STR0050,PRD00054,177,19,Adequate,25.3,2026-06-10,D1
INV0003975,20241231,STR0050,PRD00055,197,38,Adequate,19.7,2026-05-27,C1
INV0003976,20241231,STR0050,PRD00056,112,30,Adequate,37.3,2026-06-17,C2
INV0003977,20241231,STR0050,PRD00057,49,44,Adequate,4.9,2026-07-02,C2
INV0003978,20241231,STR0050,PRD00058,123,19,Adequate,10.2,2026-05-22,B1
INV0003979,20241231,STR0050,PRD00059,33,44,Reorder Required,8.2,2026-06-28,C1
INV0003980,20241231,STR0050,PRD00060,126,28,Adequate,42.0,2026-06-06,B1
INV0003981,20241231,STR0050,PRD00061,8,38,Reorder Required,0.7,2026-05-30,B2
INV0003982,20241231,STR0050,PRD00062,83,18,Adequate,41.5,2026-06-19,C2
INV0003983,20241231,STR0050,PRD00063,195,24,Adequate,97.5,2026-06-03,A2
INV0003984,20241231,STR0050,PRD00064,10,22,Reorder Required,0.8,2026-05-17,C2
INV0003985,20241231,STR0050,PRD00065,153,22,Adequate,17.0,2026-05-08,B1
INV0003986,20241231,STR0050,PRD00066,125,15,Adequate,12.5,2026-06-04,C1
INV0003987,20241231,STR0050,PRD00067,156,42,Adequate,14.2,2026-05-19,A2
INV0003988,20241231,STR0050,PRD00068,61,37,Adequate,4.7,2026-06-10,A2
INV0003989,20241231,STR0050,PRD00069,143,29,Adequate,13.0,2026-06-18,C2
INV0003990,20241231,STR0050,PRD00070,153,38,Adequate,17.0,2026-06-29,B2
INV0003991,20241231,STR0050,PRD00071,131,37,Adequate,32.8,2026-06-29,B2
INV0003992,20241231,STR0050,PRD00072,11,15,Reorder Required,3.7,2026-05-22,C2
INV0003993,20241231,STR0050,PRD00073,129,31,Adequate,16.1,2026-05-08,B1
INV0003994,20241231,STR0050,PRD00074,161,10,Adequate,17.9,2026-06-21,C2
INV0003995,20241231,STR0050,PRD00075,111,39,Adequate,37.0,2026-05-27,C1
INV0003996,20241231,STR0050,PRD00076,162,34,Adequate,12.5,2026-05-20,C2
INV0003997,20241231,STR0050,PRD00077,37,47,Reorder Required,7.4,2026-05-13,A1
INV0003998,20241231,STR0050,PRD00078,117,10,Adequate,9.0,2026-06-03,D1
INV0003999,20241231,STR0050,PRD00079,98,28,Adequate,49.0,2026-06-01,B1
INV0004000,20241231,STR0050,PRD00080,35,11,Adequate,17.5,2026-06-22,D1
INV0004001,20241231,STR0051,PRD00001,116,50,Adequate,12.9,2026-05-25,B1
INV0004002,20241231,STR0051,PRD00002,25,17,Adequate,5.0,2026-06-07,D1
INV0004003,20241231,STR0051,PRD00003,91,44,Adequate,10.1,2026-05-22,B2
INV0004004,20241231,STR0051,PRD00004,71,27,Adequate,14.2,2026-05-16,D1
INV0004005,20241231,STR0051,PRD00005,80,40,Adequate,20.0,2026-05-20,B2
INV0004006,20241231,STR0051,PRD00006,138,33,Adequate,10.6,2026-05-30,A1
INV0004007,20241231,STR0051,PRD00007,130,39,Adequate,11.8,2026-05-21,D1
INV0004008,20241231,STR0051,PRD00008,4,20,Reorder Required,0.4,2026-05-18,A1
INV0004009,20241231,STR0051,PRD00009,155,38,Adequate,12.9,2026-05-26,C2
INV0004010,20241231,STR0051,PRD00010,188,30,Adequate,47.0,2026-06-19,C2
INV0004011,20241231,STR0051,PRD00011,25,36,Reorder Required,5.0,2026-06-13,B1
INV0004012,20241231,STR0051,PRD00012,109,13,Adequate,18.2,2026-07-06,A1
INV0004013,20241231,STR0051,PRD00013,174,34,Adequate,12.4,2026-06-01,A1
INV0004014,20241231,STR0051,PRD00014,117,27,Adequate,13.0,2026-05-31,A2
INV0004015,20241231,STR0051,PRD00015,21,27,Reorder Required,1.5,2026-05-29,C1
INV0004016,20241231,STR0051,PRD00016,106,31,Adequate,8.8,2026-06-24,B1
INV0004017,20241231,STR0051,PRD00017,10,50,Reorder Required,1.4,2026-05-23,B1
INV0004018,20241231,STR0051,PRD00018,48,24,Adequate,4.0,2026-06-12,D1
INV0004019,20241231,STR0051,PRD00019,194,23,Adequate,48.5,2026-05-10,C2
INV0004020,20241231,STR0051,PRD00020,95,37,Adequate,7.9,2026-06-27,C2
INV0004021,20241231,STR0051,PRD00021,38,24,Adequate,12.7,2026-06-17,C1
INV0004022,20241231,STR0051,PRD00022,139,12,Adequate,9.9,2026-07-01,D1
INV0004023,20241231,STR0051,PRD00023,122,37,Adequate,13.6,2026-06-13,A2
INV0004024,20241231,STR0051,PRD00024,97,16,Adequate,19.4,2026-07-06,C1
INV0004025,20241231,STR0051,PRD00025,147,36,Adequate,21.0,2026-06-06,A2
INV0004026,20241231,STR0051,PRD00026,186,15,Adequate,20.7,2026-05-20,B1
INV0004027,20241231,STR0051,PRD00027,8,46,Reorder Required,0.6,2026-06-24,A2
INV0004028,20241231,STR0051,PRD00028,162,18,Adequate,18.0,2026-06-21,B1
INV0004029,20241231,STR0051,PRD00029,19,10,Adequate,9.5,2026-07-02,C1
INV0004030,20241231,STR0051,PRD00030,190,12,Adequate,95.0,2026-05-23,C1
INV0004031,20241231,STR0051,PRD00031,27,44,Reorder Required,4.5,2026-05-28,A1
INV0004032,20241231,STR0051,PRD00032,133,31,Adequate,33.2,2026-06-25,C1
INV0004033,20241231,STR0051,PRD00033,192,33,Adequate,16.0,2026-06-30,B2
INV0004034,20241231,STR0051,PRD00034,92,33,Adequate,30.7,2026-06-07,C1
INV0004035,20241231,STR0051,PRD00035,11,23,Reorder Required,1.0,2026-05-24,B1
INV0004036,20241231,STR0051,PRD00036,47,40,Adequate,4.7,2026-05-11,B2
INV0004037,20241231,STR0051,PRD00037,65,23,Adequate,6.5,2026-05-30,B2
INV0004038,20241231,STR0051,PRD00038,165,27,Adequate,12.7,2026-05-11,B2
INV0004039,20241231,STR0051,PRD00039,53,38,Adequate,53.0,2026-05-21,B1
INV0004040,20241231,STR0051,PRD00040,9,44,Reorder Required,1.0,2026-06-01,A1
INV0004041,20241231,STR0051,PRD00041,146,33,Adequate,48.7,2026-06-28,B2
INV0004042,20241231,STR0051,PRD00042,45,14,Adequate,3.8,2026-05-12,B1
INV0004043,20241231,STR0051,PRD00043,187,21,Adequate,37.4,2026-05-21,A2
INV0004044,20241231,STR0051,PRD00044,161,19,Adequate,40.2,2026-07-04,C2
INV0004045,20241231,STR0051,PRD00045,24,11,Adequate,1.8,2026-06-23,B2
INV0004046,20241231,STR0051,PRD00046,19,40,Reorder Required,4.8,2026-06-19,D1
INV0004047,20241231,STR0051,PRD00047,82,14,Adequate,5.5,2026-06-17,B2
INV0004048,20241231,STR0051,PRD00048,151,31,Adequate,10.8,2026-05-11,C1
INV0004049,20241231,STR0051,PRD00049,155,41,Adequate,25.8,2026-06-29,D1
INV0004050,20241231,STR0051,PRD00050,154,39,Adequate,25.7,2026-07-02,D1
INV0004051,20241231,STR0051,PRD00051,6,26,Reorder Required,0.5,2026-05-23,A1
INV0004052,20241231,STR0051,PRD00052,137,13,Adequate,15.2,2026-06-20,D1
INV0004053,20241231,STR0051,PRD00053,117,20,Adequate,117.0,2026-05-19,C2
INV0004054,20241231,STR0051,PRD00054,56,19,Adequate,7.0,2026-06-17,C2
INV0004055,20241231,STR0051,PRD00055,97,38,Adequate,48.5,2026-06-04,C2
INV0004056,20241231,STR0051,PRD00056,78,30,Adequate,13.0,2026-05-25,C1
INV0004057,20241231,STR0051,PRD00057,196,44,Adequate,17.8,2026-05-30,C1
INV0004058,20241231,STR0051,PRD00058,197,19,Adequate,49.2,2026-05-17,D1
INV0004059,20241231,STR0051,PRD00059,94,44,Adequate,11.8,2026-05-30,B2
INV0004060,20241231,STR0051,PRD00060,40,28,Adequate,4.4,2026-05-15,B1
INV0004061,20241231,STR0051,PRD00061,117,38,Adequate,16.7,2026-07-06,A1
INV0004062,20241231,STR0051,PRD00062,185,18,Adequate,14.2,2026-05-21,D1
INV0004063,20241231,STR0051,PRD00063,89,24,Adequate,89.0,2026-07-06,C2
INV0004064,20241231,STR0051,PRD00064,45,22,Adequate,3.5,2026-05-14,D1
INV0004065,20241231,STR0051,PRD00065,139,22,Adequate,9.9,2026-05-24,B2
INV0004066,20241231,STR0051,PRD00066,122,15,Adequate,12.2,2026-05-22,A2
INV0004067,20241231,STR0051,PRD00067,185,42,Adequate,37.0,2026-07-03,C1
INV0004068,20241231,STR0051,PRD00068,32,37,Reorder Required,2.5,2026-05-08,B1
INV0004069,20241231,STR0051,PRD00069,24,29,Reorder Required,3.0,2026-06-03,B2
INV0004070,20241231,STR0051,PRD00070,162,38,Adequate,32.4,2026-07-03,C1
INV0004071,20241231,STR0051,PRD00071,10,37,Reorder Required,0.9,2026-05-27,B2
INV0004072,20241231,STR0051,PRD00072,154,15,Adequate,38.5,2026-05-29,C2
INV0004073,20241231,STR0051,PRD00073,54,31,Adequate,54.0,2026-06-05,A2
INV0004074,20241231,STR0051,PRD00074,51,10,Adequate,51.0,2026-05-31,C1
INV0004075,20241231,STR0051,PRD00075,35,39,Reorder Required,7.0,2026-05-20,B1
INV0004076,20241231,STR0051,PRD00076,120,34,Adequate,15.0,2026-05-23,C1
INV0004077,20241231,STR0051,PRD00077,139,47,Adequate,69.5,2026-05-19,A2
INV0004078,20241231,STR0051,PRD00078,55,10,Adequate,6.9,2026-06-04,D1
INV0004079,20241231,STR0051,PRD00079,106,28,Adequate,106.0,2026-05-12,C1
INV0004080,20241231,STR0051,PRD00080,166,11,Adequate,27.7,2026-05-25,A2
INV0004081,20241231,STR0052,PRD00001,2,50,Reorder Required,0.3,2026-05-15,A2
INV0004082,20241231,STR0052,PRD00002,45,17,Adequate,3.0,2026-07-02,A1
INV0004083,20241231,STR0052,PRD00003,176,44,Adequate,19.6,2026-06-15,A1
INV0004084,20241231,STR0052,PRD00004,16,27,Reorder Required,1.1,2026-05-09,A1
INV0004085,20241231,STR0052,PRD00005,30,40,Reorder Required,10.0,2026-05-25,D1
INV0004086,20241231,STR0052,PRD00006,182,33,Adequate,91.0,2026-05-22,A1
INV0004087,20241231,STR0052,PRD00007,131,39,Adequate,10.9,2026-06-19,C2
INV0004088,20241231,STR0052,PRD00008,108,20,Adequate,108.0,2026-06-03,B1
INV0004089,20241231,STR0052,PRD00009,101,38,Adequate,10.1,2026-05-21,B1
INV0004090,20241231,STR0052,PRD00010,123,30,Adequate,30.8,2026-06-21,D1
INV0004091,20241231,STR0052,PRD00011,74,36,Adequate,24.7,2026-06-06,B1
INV0004092,20241231,STR0052,PRD00012,45,13,Adequate,15.0,2026-05-09,B1
INV0004093,20241231,STR0052,PRD00013,61,34,Adequate,5.5,2026-06-19,B2
INV0004094,20241231,STR0052,PRD00014,165,27,Adequate,15.0,2026-06-01,B2
INV0004095,20241231,STR0052,PRD00015,176,27,Adequate,17.6,2026-06-11,B2
INV0004096,20241231,STR0052,PRD00016,74,31,Adequate,74.0,2026-06-23,D1
INV0004097,20241231,STR0052,PRD00017,6,50,Reorder Required,0.5,2026-05-27,A1
INV0004098,20241231,STR0052,PRD00018,76,24,Adequate,25.3,2026-06-17,C1
INV0004099,20241231,STR0052,PRD00019,74,23,Adequate,74.0,2026-05-26,C2
INV0004100,20241231,STR0052,PRD00020,31,37,Reorder Required,31.0,2026-06-03,A2
INV0004101,20241231,STR0052,PRD00021,69,24,Adequate,6.9,2026-06-20,C2
INV0004102,20241231,STR0052,PRD00022,152,12,Adequate,38.0,2026-06-15,B2
INV0004103,20241231,STR0052,PRD00023,44,37,Adequate,4.0,2026-06-11,D1
INV0004104,20241231,STR0052,PRD00024,116,16,Adequate,12.9,2026-06-14,C2
INV0004105,20241231,STR0052,PRD00025,24,36,Reorder Required,4.0,2026-05-10,C1
INV0004106,20241231,STR0052,PRD00026,37,15,Adequate,4.6,2026-05-26,B1
INV0004107,20241231,STR0052,PRD00027,37,46,Reorder Required,3.1,2026-06-12,A2
INV0004108,20241231,STR0052,PRD00028,84,18,Adequate,12.0,2026-06-23,C1
INV0004109,20241231,STR0052,PRD00029,39,10,Adequate,3.5,2026-06-05,C2
INV0004110,20241231,STR0052,PRD00030,136,12,Adequate,27.2,2026-06-06,A1
INV0004111,20241231,STR0052,PRD00031,143,44,Adequate,11.0,2026-06-21,C1
INV0004112,20241231,STR0052,PRD00032,163,31,Adequate,20.4,2026-05-25,D1
INV0004113,20241231,STR0052,PRD00033,197,33,Adequate,16.4,2026-05-29,C1
INV0004114,20241231,STR0052,PRD00034,72,33,Adequate,14.4,2026-05-20,B2
INV0004115,20241231,STR0052,PRD00035,87,23,Adequate,87.0,2026-06-02,C1
INV0004116,20241231,STR0052,PRD00036,77,40,Adequate,25.7,2026-06-05,C1
INV0004117,20241231,STR0052,PRD00037,140,23,Adequate,9.3,2026-05-31,A2
INV0004118,20241231,STR0052,PRD00038,89,27,Adequate,11.1,2026-05-27,D1
INV0004119,20241231,STR0052,PRD00039,159,38,Adequate,31.8,2026-05-25,C1
INV0004120,20241231,STR0052,PRD00040,152,44,Adequate,21.7,2026-05-24,C2
INV0004121,20241231,STR0052,PRD00041,81,33,Adequate,20.2,2026-06-28,D1
INV0004122,20241231,STR0052,PRD00042,190,14,Adequate,63.3,2026-06-21,A2
INV0004123,20241231,STR0052,PRD00043,139,21,Adequate,13.9,2026-05-14,B2
INV0004124,20241231,STR0052,PRD00044,149,19,Adequate,49.7,2026-06-03,B2
INV0004125,20241231,STR0052,PRD00045,9,11,Reorder Required,4.5,2026-06-25,B1
INV0004126,20241231,STR0052,PRD00046,143,40,Adequate,143.0,2026-06-01,A2
INV0004127,20241231,STR0052,PRD00047,120,14,Adequate,10.0,2026-05-30,B1
INV0004128,20241231,STR0052,PRD00048,175,31,Adequate,17.5,2026-06-18,B1
INV0004129,20241231,STR0052,PRD00049,195,41,Adequate,97.5,2026-07-06,B2
INV0004130,20241231,STR0052,PRD00050,40,39,Adequate,40.0,2026-06-10,C2
INV0004131,20241231,STR0052,PRD00051,161,26,Adequate,161.0,2026-06-21,A2
INV0004132,20241231,STR0052,PRD00052,91,13,Adequate,13.0,2026-05-31,C2
INV0004133,20241231,STR0052,PRD00053,54,20,Adequate,6.0,2026-05-22,C1
INV0004134,20241231,STR0052,PRD00054,165,19,Adequate,16.5,2026-06-15,A2
INV0004135,20241231,STR0052,PRD00055,122,38,Adequate,10.2,2026-06-18,B2
INV0004136,20241231,STR0052,PRD00056,24,30,Reorder Required,24.0,2026-05-31,C1
INV0004137,20241231,STR0052,PRD00057,94,44,Adequate,10.4,2026-06-16,C1
INV0004138,20241231,STR0052,PRD00058,46,19,Adequate,4.2,2026-05-25,B1
INV0004139,20241231,STR0052,PRD00059,148,44,Adequate,11.4,2026-06-04,B2
INV0004140,20241231,STR0052,PRD00060,79,28,Adequate,5.3,2026-06-24,B2
INV0004141,20241231,STR0052,PRD00061,40,38,Adequate,10.0,2026-06-29,B2
INV0004142,20241231,STR0052,PRD00062,113,18,Adequate,22.6,2026-05-13,A1
INV0004143,20241231,STR0052,PRD00063,90,24,Adequate,8.2,2026-05-19,B2
INV0004144,20241231,STR0052,PRD00064,151,22,Adequate,21.6,2026-05-20,C1
INV0004145,20241231,STR0052,PRD00065,68,22,Adequate,34.0,2026-05-19,C1
INV0004146,20241231,STR0052,PRD00066,188,15,Adequate,37.6,2026-06-10,B1
INV0004147,20241231,STR0052,PRD00067,195,42,Adequate,39.0,2026-07-06,D1
INV0004148,20241231,STR0052,PRD00068,79,37,Adequate,26.3,2026-06-24,A1
INV0004149,20241231,STR0052,PRD00069,83,29,Adequate,5.9,2026-06-02,C2
INV0004150,20241231,STR0052,PRD00070,176,38,Adequate,22.0,2026-07-03,A2
INV0004151,20241231,STR0052,PRD00071,0,37,Reorder Required,0.0,2026-05-13,C1
INV0004152,20241231,STR0052,PRD00072,32,15,Adequate,2.7,2026-06-25,A2
INV0004153,20241231,STR0052,PRD00073,144,31,Adequate,48.0,2026-06-30,A1
INV0004154,20241231,STR0052,PRD00074,6,10,Reorder Required,3.0,2026-06-06,B1
INV0004155,20241231,STR0052,PRD00075,85,39,Adequate,42.5,2026-06-27,B1
INV0004156,20241231,STR0052,PRD00076,94,34,Adequate,6.3,2026-06-21,C1
INV0004157,20241231,STR0052,PRD00077,11,47,Reorder Required,2.2,2026-05-14,B2
INV0004158,20241231,STR0052,PRD00078,198,10,Adequate,24.8,2026-06-21,C2
INV0004159,20241231,STR0052,PRD00079,160,28,Adequate,12.3,2026-05-30,C2
INV0004160,20241231,STR0052,PRD00080,125,11,Adequate,31.2,2026-06-06,C1
INV0004161,20241231,STR0053,PRD00001,61,50,Adequate,4.4,2026-05-19,C1
INV0004162,20241231,STR0053,PRD00002,115,17,Adequate,57.5,2026-06-09,C2
INV0004163,20241231,STR0053,PRD00003,98,44,Adequate,7.0,2026-05-23,B2
INV0004164,20241231,STR0053,PRD00004,132,27,Adequate,8.8,2026-05-26,B1
INV0004165,20241231,STR0053,PRD00005,50,40,Adequate,4.5,2026-06-07,A2
INV0004166,20241231,STR0053,PRD00006,139,33,Adequate,139.0,2026-05-21,A1
INV0004167,20241231,STR0053,PRD00007,24,39,Reorder Required,1.6,2026-07-06,D1
INV0004168,20241231,STR0053,PRD00008,178,20,Adequate,22.2,2026-05-17,B1
INV0004169,20241231,STR0053,PRD00009,81,38,Adequate,6.8,2026-07-02,C1
INV0004170,20241231,STR0053,PRD00010,118,30,Adequate,10.7,2026-06-06,C1
INV0004171,20241231,STR0053,PRD00011,188,36,Adequate,26.9,2026-06-27,D1
INV0004172,20241231,STR0053,PRD00012,116,13,Adequate,8.9,2026-06-30,C2
INV0004173,20241231,STR0053,PRD00013,36,34,Adequate,36.0,2026-06-04,D1
INV0004174,20241231,STR0053,PRD00014,43,27,Adequate,3.9,2026-06-03,C1
INV0004175,20241231,STR0053,PRD00015,68,27,Adequate,22.7,2026-06-01,A1
INV0004176,20241231,STR0053,PRD00016,156,31,Adequate,39.0,2026-05-22,A1
INV0004177,20241231,STR0053,PRD00017,83,50,Adequate,83.0,2026-06-09,C2
INV0004178,20241231,STR0053,PRD00018,169,24,Adequate,169.0,2026-05-15,A1
INV0004179,20241231,STR0053,PRD00019,69,23,Adequate,6.3,2026-06-26,B2
INV0004180,20241231,STR0053,PRD00020,135,37,Adequate,11.2,2026-07-02,B1
INV0004181,20241231,STR0053,PRD00021,165,24,Adequate,18.3,2026-06-09,A1
INV0004182,20241231,STR0053,PRD00022,40,12,Adequate,4.4,2026-06-08,A2
INV0004183,20241231,STR0053,PRD00023,100,37,Adequate,7.7,2026-05-13,C2
INV0004184,20241231,STR0053,PRD00024,112,16,Adequate,18.7,2026-06-04,A2
INV0004185,20241231,STR0053,PRD00025,123,36,Adequate,8.8,2026-06-17,A1
INV0004186,20241231,STR0053,PRD00026,92,15,Adequate,7.1,2026-05-23,A2
INV0004187,20241231,STR0053,PRD00027,101,46,Adequate,14.4,2026-06-05,A2
INV0004188,20241231,STR0053,PRD00028,53,18,Adequate,7.6,2026-05-09,B1
INV0004189,20241231,STR0053,PRD00029,179,10,Adequate,89.5,2026-06-12,B2
INV0004190,20241231,STR0053,PRD00030,8,12,Reorder Required,1.6,2026-06-27,A1
INV0004191,20241231,STR0053,PRD00031,120,44,Adequate,8.0,2026-05-08,B1
INV0004192,20241231,STR0053,PRD00032,86,31,Adequate,86.0,2026-06-26,B2
INV0004193,20241231,STR0053,PRD00033,100,33,Adequate,50.0,2026-06-01,C2
INV0004194,20241231,STR0053,PRD00034,47,33,Adequate,9.4,2026-07-06,A2
INV0004195,20241231,STR0053,PRD00035,138,23,Adequate,23.0,2026-06-01,A1
INV0004196,20241231,STR0053,PRD00036,91,40,Adequate,7.6,2026-06-30,A1
INV0004197,20241231,STR0053,PRD00037,44,23,Adequate,4.0,2026-06-03,B2
INV0004198,20241231,STR0053,PRD00038,118,27,Adequate,11.8,2026-06-18,C2
INV0004199,20241231,STR0053,PRD00039,19,38,Reorder Required,6.3,2026-05-14,B1
INV0004200,20241231,STR0053,PRD00040,119,44,Adequate,10.8,2026-05-23,D1
INV0004201,20241231,STR0053,PRD00041,21,33,Reorder Required,1.5,2026-07-06,A2
INV0004202,20241231,STR0053,PRD00042,21,14,Adequate,7.0,2026-07-04,C1
INV0004203,20241231,STR0053,PRD00043,178,21,Adequate,16.2,2026-05-25,B1
INV0004204,20241231,STR0053,PRD00044,8,19,Reorder Required,0.6,2026-05-31,A2
INV0004205,20241231,STR0053,PRD00045,7,11,Reorder Required,0.6,2026-05-09,B2
INV0004206,20241231,STR0053,PRD00046,156,40,Adequate,15.6,2026-06-14,A2
INV0004207,20241231,STR0053,PRD00047,196,14,Adequate,196.0,2026-05-15,C2
INV0004208,20241231,STR0053,PRD00048,52,31,Adequate,3.7,2026-06-03,C2
INV0004209,20241231,STR0053,PRD00049,171,41,Adequate,171.0,2026-05-22,B2
INV0004210,20241231,STR0053,PRD00050,46,39,Adequate,46.0,2026-05-25,A1
INV0004211,20241231,STR0053,PRD00051,90,26,Adequate,30.0,2026-06-07,C1
INV0004212,20241231,STR0053,PRD00052,57,13,Adequate,9.5,2026-06-18,B2
INV0004213,20241231,STR0053,PRD00053,12,20,Reorder Required,2.4,2026-06-28,C2
INV0004214,20241231,STR0053,PRD00054,108,19,Adequate,7.7,2026-05-10,B1
INV0004215,20241231,STR0053,PRD00055,200,38,Adequate,18.2,2026-05-09,B2
INV0004216,20241231,STR0053,PRD00056,79,30,Adequate,5.3,2026-06-18,D1
INV0004217,20241231,STR0053,PRD00057,7,44,Reorder Required,0.5,2026-06-08,C1
INV0004218,20241231,STR0053,PRD00058,65,19,Adequate,32.5,2026-07-04,B1
INV0004219,20241231,STR0053,PRD00059,124,44,Adequate,8.9,2026-06-19,B1
INV0004220,20241231,STR0053,PRD00060,158,28,Adequate,10.5,2026-05-23,A2
INV0004221,20241231,STR0053,PRD00061,51,38,Adequate,8.5,2026-06-08,A1
INV0004222,20241231,STR0053,PRD00062,94,18,Adequate,11.8,2026-06-02,B1
INV0004223,20241231,STR0053,PRD00063,30,24,Adequate,2.1,2026-05-30,B2
INV0004224,20241231,STR0053,PRD00064,34,22,Adequate,11.3,2026-05-08,B2
INV0004225,20241231,STR0053,PRD00065,71,22,Adequate,35.5,2026-05-17,C2
INV0004226,20241231,STR0053,PRD00066,152,15,Adequate,21.7,2026-06-05,A2
INV0004227,20241231,STR0053,PRD00067,195,42,Adequate,13.9,2026-05-22,B2
INV0004228,20241231,STR0053,PRD00068,107,37,Adequate,11.9,2026-05-31,B1
INV0004229,20241231,STR0053,PRD00069,177,29,Adequate,11.8,2026-07-02,B2
INV0004230,20241231,STR0053,PRD00070,65,38,Adequate,16.2,2026-07-02,B1
INV0004231,20241231,STR0053,PRD00071,55,37,Adequate,4.2,2026-05-25,D1
INV0004232,20241231,STR0053,PRD00072,106,15,Adequate,8.2,2026-06-01,A1
INV0004233,20241231,STR0053,PRD00073,195,31,Adequate,13.9,2026-06-26,B1
INV0004234,20241231,STR0053,PRD00074,44,10,Adequate,14.7,2026-06-14,A2
INV0004235,20241231,STR0053,PRD00075,49,39,Adequate,9.8,2026-06-19,C2
INV0004236,20241231,STR0053,PRD00076,53,34,Adequate,3.5,2026-05-16,C1
INV0004237,20241231,STR0053,PRD00077,199,47,Adequate,66.3,2026-06-05,C2
INV0004238,20241231,STR0053,PRD00078,77,10,Adequate,6.4,2026-07-02,A2
INV0004239,20241231,STR0053,PRD00079,30,28,Adequate,6.0,2026-06-20,D1
INV0004240,20241231,STR0053,PRD00080,74,11,Adequate,8.2,2026-07-04,D1
INV0004241,20241231,STR0054,PRD00001,52,50,Adequate,3.5,2026-06-09,A1
INV0004242,20241231,STR0054,PRD00002,179,17,Adequate,29.8,2026-06-14,C2
INV0004243,20241231,STR0054,PRD00003,106,44,Adequate,10.6,2026-06-24,D1
INV0004244,20241231,STR0054,PRD00004,32,27,Adequate,2.3,2026-05-22,C2
INV0004245,20241231,STR0054,PRD00005,124,40,Adequate,11.3,2026-07-04,D1
INV0004246,20241231,STR0054,PRD00006,140,33,Adequate,17.5,2026-06-14,C2
INV0004247,20241231,STR0054,PRD00007,11,39,Reorder Required,0.8,2026-06-27,A2
INV0004248,20241231,STR0054,PRD00008,3,20,Reorder Required,0.2,2026-06-21,A2
INV0004249,20241231,STR0054,PRD00009,187,38,Adequate,26.7,2026-06-26,B2
INV0004250,20241231,STR0054,PRD00010,156,30,Adequate,15.6,2026-05-16,D1
INV0004251,20241231,STR0054,PRD00011,150,36,Adequate,10.0,2026-07-06,C2
INV0004252,20241231,STR0054,PRD00012,88,13,Adequate,44.0,2026-06-09,A1
INV0004253,20241231,STR0054,PRD00013,26,34,Reorder Required,2.0,2026-05-11,C2
INV0004254,20241231,STR0054,PRD00014,50,27,Adequate,10.0,2026-07-02,B2
INV0004255,20241231,STR0054,PRD00015,100,27,Adequate,25.0,2026-05-30,B2
INV0004256,20241231,STR0054,PRD00016,13,31,Reorder Required,1.4,2026-07-01,C2
INV0004257,20241231,STR0054,PRD00017,44,50,Reorder Required,8.8,2026-05-17,B2
INV0004258,20241231,STR0054,PRD00018,80,24,Adequate,26.7,2026-07-02,A1
INV0004259,20241231,STR0054,PRD00019,33,23,Adequate,3.3,2026-05-13,A2
INV0004260,20241231,STR0054,PRD00020,173,37,Adequate,11.5,2026-06-08,C2
INV0004261,20241231,STR0054,PRD00021,49,24,Adequate,9.8,2026-05-27,C1
INV0004262,20241231,STR0054,PRD00022,125,12,Adequate,125.0,2026-05-10,D1
INV0004263,20241231,STR0054,PRD00023,175,37,Adequate,11.7,2026-05-18,B1
INV0004264,20241231,STR0054,PRD00024,83,16,Adequate,41.5,2026-05-14,B1
INV0004265,20241231,STR0054,PRD00025,35,36,Reorder Required,3.5,2026-06-09,C1
INV0004266,20241231,STR0054,PRD00026,54,15,Adequate,6.0,2026-06-09,C2
INV0004267,20241231,STR0054,PRD00027,191,46,Adequate,191.0,2026-05-10,B1
INV0004268,20241231,STR0054,PRD00028,100,18,Adequate,20.0,2026-06-14,C2
INV0004269,20241231,STR0054,PRD00029,99,10,Adequate,33.0,2026-05-26,C2
INV0004270,20241231,STR0054,PRD00030,61,12,Adequate,4.7,2026-07-03,B2
INV0004271,20241231,STR0054,PRD00031,166,44,Adequate,55.3,2026-05-28,D1
INV0004272,20241231,STR0054,PRD00032,190,31,Adequate,95.0,2026-06-30,B2
INV0004273,20241231,STR0054,PRD00033,47,33,Adequate,3.9,2026-06-02,C1
INV0004274,20241231,STR0054,PRD00034,3,33,Reorder Required,0.2,2026-06-12,C1
INV0004275,20241231,STR0054,PRD00035,52,23,Adequate,8.7,2026-05-30,B1
INV0004276,20241231,STR0054,PRD00036,3,40,Reorder Required,0.4,2026-06-11,C1
INV0004277,20241231,STR0054,PRD00037,92,23,Adequate,6.1,2026-06-16,D1
INV0004278,20241231,STR0054,PRD00038,85,27,Adequate,8.5,2026-05-29,C2
INV0004279,20241231,STR0054,PRD00039,44,38,Adequate,3.1,2026-06-13,C1
INV0004280,20241231,STR0054,PRD00040,166,44,Adequate,83.0,2026-06-18,A1
INV0004281,20241231,STR0054,PRD00041,190,33,Adequate,13.6,2026-05-22,C1
INV0004282,20241231,STR0054,PRD00042,94,14,Adequate,31.3,2026-05-15,C2
INV0004283,20241231,STR0054,PRD00043,86,21,Adequate,5.7,2026-05-26,B1
INV0004284,20241231,STR0054,PRD00044,72,19,Adequate,12.0,2026-06-21,B1
INV0004285,20241231,STR0054,PRD00045,88,11,Adequate,11.0,2026-06-14,A1
INV0004286,20241231,STR0054,PRD00046,39,40,Reorder Required,9.8,2026-07-04,A1
INV0004287,20241231,STR0054,PRD00047,69,14,Adequate,7.7,2026-06-09,D1
INV0004288,20241231,STR0054,PRD00048,117,31,Adequate,14.6,2026-05-29,D1
INV0004289,20241231,STR0054,PRD00049,157,41,Adequate,31.4,2026-06-10,A2
INV0004290,20241231,STR0054,PRD00050,200,39,Adequate,100.0,2026-05-10,B1
INV0004291,20241231,STR0054,PRD00051,99,26,Adequate,49.5,2026-05-08,C1
INV0004292,20241231,STR0054,PRD00052,80,13,Adequate,13.3,2026-05-30,A1
INV0004293,20241231,STR0054,PRD00053,134,20,Adequate,14.9,2026-05-22,B2
INV0004294,20241231,STR0054,PRD00054,164,19,Adequate,82.0,2026-06-05,D1
INV0004295,20241231,STR0054,PRD00055,103,38,Adequate,10.3,2026-05-23,C2
INV0004296,20241231,STR0054,PRD00056,95,30,Adequate,31.7,2026-05-15,A2
INV0004297,20241231,STR0054,PRD00057,128,44,Adequate,11.6,2026-05-09,A1
INV0004298,20241231,STR0054,PRD00058,35,19,Adequate,2.5,2026-07-05,B2
INV0004299,20241231,STR0054,PRD00059,69,44,Adequate,13.8,2026-05-23,C1
INV0004300,20241231,STR0054,PRD00060,25,28,Reorder Required,1.7,2026-06-03,B2
INV0004301,20241231,STR0054,PRD00061,8,38,Reorder Required,0.7,2026-06-09,B2
INV0004302,20241231,STR0054,PRD00062,98,18,Adequate,10.9,2026-05-17,B2
INV0004303,20241231,STR0054,PRD00063,68,24,Adequate,11.3,2026-07-02,A1
INV0004304,20241231,STR0054,PRD00064,87,22,Adequate,8.7,2026-06-19,A2
INV0004305,20241231,STR0054,PRD00065,179,22,Adequate,17.9,2026-06-06,B1
INV0004306,20241231,STR0054,PRD00066,187,15,Adequate,187.0,2026-06-15,C1
INV0004307,20241231,STR0054,PRD00067,83,42,Adequate,27.7,2026-05-13,A2
INV0004308,20241231,STR0054,PRD00068,82,37,Adequate,5.9,2026-05-30,B1
INV0004309,20241231,STR0054,PRD00069,180,29,Adequate,15.0,2026-06-09,B1
INV0004310,20241231,STR0054,PRD00070,28,38,Reorder Required,3.5,2026-06-13,C2
INV0004311,20241231,STR0054,PRD00071,102,37,Adequate,20.4,2026-05-16,A2
INV0004312,20241231,STR0054,PRD00072,8,15,Reorder Required,8.0,2026-05-23,A1
INV0004313,20241231,STR0054,PRD00073,66,31,Adequate,16.5,2026-07-02,A1
INV0004314,20241231,STR0054,PRD00074,146,10,Adequate,9.7,2026-06-22,A1
INV0004315,20241231,STR0054,PRD00075,35,39,Reorder Required,5.0,2026-05-15,C1
INV0004316,20241231,STR0054,PRD00076,122,34,Adequate,10.2,2026-06-18,D1
INV0004317,20241231,STR0054,PRD00077,35,47,Reorder Required,7.0,2026-06-01,B2
INV0004318,20241231,STR0054,PRD00078,148,10,Adequate,21.1,2026-06-16,D1
INV0004319,20241231,STR0054,PRD00079,190,28,Adequate,14.6,2026-07-01,A1
INV0004320,20241231,STR0054,PRD00080,66,11,Adequate,33.0,2026-05-15,C1
INV0004321,20241231,STR0055,PRD00001,74,50,Adequate,6.2,2026-06-26,B1
INV0004322,20241231,STR0055,PRD00002,101,17,Adequate,11.2,2026-06-10,A2
INV0004323,20241231,STR0055,PRD00003,179,44,Adequate,35.8,2026-05-24,B2
INV0004324,20241231,STR0055,PRD00004,0,27,Reorder Required,0.0,2026-05-17,C2
INV0004325,20241231,STR0055,PRD00005,51,40,Adequate,5.7,2026-05-18,D1
INV0004326,20241231,STR0055,PRD00006,153,33,Adequate,30.6,2026-07-04,A1
INV0004327,20241231,STR0055,PRD00007,64,39,Adequate,6.4,2026-05-31,C2
INV0004328,20241231,STR0055,PRD00008,103,20,Adequate,7.4,2026-06-14,B1
INV0004329,20241231,STR0055,PRD00009,33,38,Reorder Required,2.8,2026-06-24,D1
INV0004330,20241231,STR0055,PRD00010,150,30,Adequate,150.0,2026-05-28,B2
INV0004331,20241231,STR0055,PRD00011,20,36,Reorder Required,1.4,2026-06-23,C2
INV0004332,20241231,STR0055,PRD00012,61,13,Adequate,12.2,2026-06-04,C2
INV0004333,20241231,STR0055,PRD00013,178,34,Adequate,59.3,2026-06-19,D1
INV0004334,20241231,STR0055,PRD00014,5,27,Reorder Required,1.7,2026-05-27,D1
INV0004335,20241231,STR0055,PRD00015,57,27,Adequate,57.0,2026-06-04,B1
INV0004336,20241231,STR0055,PRD00016,125,31,Adequate,10.4,2026-05-24,A2
INV0004337,20241231,STR0055,PRD00017,61,50,Adequate,15.2,2026-06-07,B1
INV0004338,20241231,STR0055,PRD00018,58,24,Adequate,6.4,2026-07-02,C1
INV0004339,20241231,STR0055,PRD00019,174,23,Adequate,29.0,2026-06-13,A2
INV0004340,20241231,STR0055,PRD00020,45,37,Adequate,5.0,2026-06-27,A1
INV0004341,20241231,STR0055,PRD00021,10,24,Reorder Required,2.0,2026-06-15,C1
INV0004342,20241231,STR0055,PRD00022,179,12,Adequate,44.8,2026-05-12,A2
INV0004343,20241231,STR0055,PRD00023,179,37,Adequate,35.8,2026-05-21,A1
INV0004344,20241231,STR0055,PRD00024,3,16,Reorder Required,0.6,2026-05-13,D1
INV0004345,20241231,STR0055,PRD00025,112,36,Adequate,8.0,2026-06-20,A2
INV0004346,20241231,STR0055,PRD00026,75,15,Adequate,37.5,2026-06-11,B1
INV0004347,20241231,STR0055,PRD00027,100,46,Adequate,100.0,2026-06-21,A1
INV0004348,20241231,STR0055,PRD00028,42,18,Adequate,3.5,2026-05-21,A1
INV0004349,20241231,STR0055,PRD00029,159,10,Adequate,13.2,2026-06-03,B1
INV0004350,20241231,STR0055,PRD00030,32,12,Adequate,2.3,2026-07-06,B2
INV0004351,20241231,STR0055,PRD00031,186,44,Adequate,62.0,2026-07-04,A1
INV0004352,20241231,STR0055,PRD00032,199,31,Adequate,18.1,2026-05-08,A1
INV0004353,20241231,STR0055,PRD00033,196,33,Adequate,19.6,2026-05-27,B2
INV0004354,20241231,STR0055,PRD00034,183,33,Adequate,183.0,2026-06-30,B1
INV0004355,20241231,STR0055,PRD00035,135,23,Adequate,15.0,2026-05-20,A2
INV0004356,20241231,STR0055,PRD00036,170,40,Adequate,13.1,2026-06-13,A2
INV0004357,20241231,STR0055,PRD00037,127,23,Adequate,21.2,2026-05-28,D1
INV0004358,20241231,STR0055,PRD00038,177,27,Adequate,19.7,2026-05-20,C1
INV0004359,20241231,STR0055,PRD00039,178,38,Adequate,29.7,2026-05-11,B1
INV0004360,20241231,STR0055,PRD00040,176,44,Adequate,19.6,2026-06-22,C2
INV0004361,20241231,STR0055,PRD00041,51,33,Adequate,10.2,2026-05-12,B2
INV0004362,20241231,STR0055,PRD00042,154,14,Adequate,38.5,2026-06-18,C1
INV0004363,20241231,STR0055,PRD00043,74,21,Adequate,6.2,2026-07-04,C2
INV0004364,20241231,STR0055,PRD00044,99,19,Adequate,7.6,2026-06-26,C1
INV0004365,20241231,STR0055,PRD00045,135,11,Adequate,11.2,2026-05-08,C1
INV0004366,20241231,STR0055,PRD00046,12,40,Reorder Required,3.0,2026-06-19,B1
INV0004367,20241231,STR0055,PRD00047,143,14,Adequate,14.3,2026-06-21,A2
INV0004368,20241231,STR0055,PRD00048,67,31,Adequate,67.0,2026-06-10,C1
INV0004369,20241231,STR0055,PRD00049,110,41,Adequate,11.0,2026-06-17,A1
INV0004370,20241231,STR0055,PRD00050,78,39,Adequate,39.0,2026-06-05,A2
INV0004371,20241231,STR0055,PRD00051,134,26,Adequate,11.2,2026-05-14,A2
INV0004372,20241231,STR0055,PRD00052,141,13,Adequate,9.4,2026-06-26,C1
INV0004373,20241231,STR0055,PRD00053,168,20,Adequate,12.0,2026-07-04,C1
INV0004374,20241231,STR0055,PRD00054,166,19,Adequate,11.9,2026-05-27,C1
INV0004375,20241231,STR0055,PRD00055,194,38,Adequate,24.2,2026-07-03,B2
INV0004376,20241231,STR0055,PRD00056,35,30,Adequate,3.5,2026-06-13,A1
INV0004377,20241231,STR0055,PRD00057,65,44,Adequate,65.0,2026-05-31,C2
INV0004378,20241231,STR0055,PRD00058,51,19,Adequate,4.2,2026-05-31,C1
INV0004379,20241231,STR0055,PRD00059,124,44,Adequate,62.0,2026-06-08,B2
INV0004380,20241231,STR0055,PRD00060,138,28,Adequate,9.9,2026-06-27,A1
INV0004381,20241231,STR0055,PRD00061,186,38,Adequate,23.2,2026-05-13,A2
INV0004382,20241231,STR0055,PRD00062,69,18,Adequate,17.2,2026-05-27,A2
INV0004383,20241231,STR0055,PRD00063,111,24,Adequate,111.0,2026-06-23,C2
INV0004384,20241231,STR0055,PRD00064,14,22,Reorder Required,1.8,2026-05-14,A2
INV0004385,20241231,STR0055,PRD00065,67,22,Adequate,9.6,2026-06-26,A1
INV0004386,20241231,STR0055,PRD00066,45,15,Adequate,5.0,2026-06-12,A1
INV0004387,20241231,STR0055,PRD00067,124,42,Adequate,13.8,2026-06-20,A1
INV0004388,20241231,STR0055,PRD00068,52,37,Adequate,5.8,2026-06-28,C2
INV0004389,20241231,STR0055,PRD00069,172,29,Adequate,12.3,2026-06-22,C1
INV0004390,20241231,STR0055,PRD00070,132,38,Adequate,26.4,2026-07-02,B2
INV0004391,20241231,STR0055,PRD00071,82,37,Adequate,9.1,2026-06-25,B2
INV0004392,20241231,STR0055,PRD00072,191,15,Adequate,21.2,2026-05-16,C1
INV0004393,20241231,STR0055,PRD00073,3,31,Reorder Required,1.5,2026-05-17,C1
INV0004394,20241231,STR0055,PRD00074,69,10,Adequate,13.8,2026-06-03,D1
INV0004395,20241231,STR0055,PRD00075,177,39,Adequate,177.0,2026-06-04,C1
INV0004396,20241231,STR0055,PRD00076,72,34,Adequate,6.0,2026-05-30,C1
INV0004397,20241231,STR0055,PRD00077,58,47,Adequate,6.4,2026-06-07,D1
INV0004398,20241231,STR0055,PRD00078,128,10,Adequate,8.5,2026-05-12,B1
INV0004399,20241231,STR0055,PRD00079,5,28,Reorder Required,0.4,2026-06-10,A1
INV0004400,20241231,STR0055,PRD00080,107,11,Adequate,7.6,2026-06-10,C1
INV0004401,20241231,STR0056,PRD00001,74,50,Adequate,7.4,2026-05-18,D1
INV0004402,20241231,STR0056,PRD00002,94,17,Adequate,7.2,2026-07-04,A1
INV0004403,20241231,STR0056,PRD00003,113,44,Adequate,7.5,2026-05-10,A2
INV0004404,20241231,STR0056,PRD00004,166,27,Adequate,166.0,2026-06-18,B1
INV0004405,20241231,STR0056,PRD00005,96,40,Adequate,13.7,2026-05-20,A1
INV0004406,20241231,STR0056,PRD00006,150,33,Adequate,75.0,2026-06-14,B2
INV0004407,20241231,STR0056,PRD00007,192,39,Adequate,16.0,2026-06-09,A1
INV0004408,20241231,STR0056,PRD00008,16,20,Reorder Required,4.0,2026-06-08,C2
INV0004409,20241231,STR0056,PRD00009,198,38,Adequate,18.0,2026-05-27,D1
INV0004410,20241231,STR0056,PRD00010,85,30,Adequate,28.3,2026-07-05,A1
INV0004411,20241231,STR0056,PRD00011,170,36,Adequate,24.3,2026-05-12,A2
INV0004412,20241231,STR0056,PRD00012,85,13,Adequate,12.1,2026-05-13,B1
INV0004413,20241231,STR0056,PRD00013,190,34,Adequate,95.0,2026-06-01,C2
INV0004414,20241231,STR0056,PRD00014,57,27,Adequate,4.1,2026-05-23,C2
INV0004415,20241231,STR0056,PRD00015,117,27,Adequate,16.7,2026-05-24,B2
INV0004416,20241231,STR0056,PRD00016,27,31,Reorder Required,13.5,2026-07-03,A2
INV0004417,20241231,STR0056,PRD00017,185,50,Adequate,46.2,2026-05-14,B2
INV0004418,20241231,STR0056,PRD00018,134,24,Adequate,9.6,2026-06-13,C2
INV0004419,20241231,STR0056,PRD00019,80,23,Adequate,20.0,2026-06-02,A1
INV0004420,20241231,STR0056,PRD00020,70,37,Adequate,10.0,2026-05-16,B1
INV0004421,20241231,STR0056,PRD00021,2,24,Reorder Required,0.2,2026-05-08,B2
INV0004422,20241231,STR0056,PRD00022,137,12,Adequate,137.0,2026-06-05,B1
INV0004423,20241231,STR0056,PRD00023,12,37,Reorder Required,1.1,2026-06-27,C2
INV0004424,20241231,STR0056,PRD00024,34,16,Adequate,8.5,2026-06-19,A2
INV0004425,20241231,STR0056,PRD00025,126,36,Adequate,11.5,2026-06-08,D1
INV0004426,20241231,STR0056,PRD00026,200,15,Adequate,20.0,2026-05-23,B1
INV0004427,20241231,STR0056,PRD00027,2,46,Reorder Required,1.0,2026-06-20,B2
INV0004428,20241231,STR0056,PRD00028,194,18,Adequate,21.6,2026-05-30,D1
INV0004429,20241231,STR0056,PRD00029,170,10,Adequate,14.2,2026-05-09,D1
INV0004430,20241231,STR0056,PRD00030,193,12,Adequate,24.1,2026-05-16,A2
INV0004431,20241231,STR0056,PRD00031,8,44,Reorder Required,0.9,2026-07-05,D1
INV0004432,20241231,STR0056,PRD00032,179,31,Adequate,29.8,2026-05-20,B2
INV0004433,20241231,STR0056,PRD00033,184,33,Adequate,20.4,2026-06-12,C1
INV0004434,20241231,STR0056,PRD00034,77,33,Adequate,7.7,2026-06-02,D1
INV0004435,20241231,STR0056,PRD00035,149,23,Adequate,21.3,2026-06-07,B2
INV0004436,20241231,STR0056,PRD00036,187,40,Adequate,46.8,2026-06-09,B2
INV0004437,20241231,STR0056,PRD00037,2,23,Reorder Required,0.2,2026-06-26,C1
INV0004438,20241231,STR0056,PRD00038,51,27,Adequate,51.0,2026-07-05,A1
INV0004439,20241231,STR0056,PRD00039,76,38,Adequate,12.7,2026-05-10,D1
INV0004440,20241231,STR0056,PRD00040,112,44,Adequate,28.0,2026-06-18,A2
INV0004441,20241231,STR0056,PRD00041,81,33,Adequate,11.6,2026-07-04,A2
INV0004442,20241231,STR0056,PRD00042,123,14,Adequate,24.6,2026-06-18,D1
INV0004443,20241231,STR0056,PRD00043,150,21,Adequate,18.8,2026-05-11,B1
INV0004444,20241231,STR0056,PRD00044,8,19,Reorder Required,0.8,2026-06-29,A1
INV0004445,20241231,STR0056,PRD00045,70,11,Adequate,7.8,2026-06-08,D1
INV0004446,20241231,STR0056,PRD00046,156,40,Adequate,52.0,2026-05-09,C2
INV0004447,20241231,STR0056,PRD00047,131,14,Adequate,65.5,2026-05-27,B1
INV0004448,20241231,STR0056,PRD00048,159,31,Adequate,12.2,2026-07-01,D1
INV0004449,20241231,STR0056,PRD00049,83,41,Adequate,83.0,2026-07-03,C1
INV0004450,20241231,STR0056,PRD00050,191,39,Adequate,17.4,2026-06-24,A2
INV0004451,20241231,STR0056,PRD00051,1,26,Reorder Required,0.2,2026-06-14,D1
INV0004452,20241231,STR0056,PRD00052,96,13,Adequate,6.9,2026-06-25,A1
INV0004453,20241231,STR0056,PRD00053,154,20,Adequate,15.4,2026-06-26,D1
INV0004454,20241231,STR0056,PRD00054,100,19,Adequate,100.0,2026-05-23,C1
INV0004455,20241231,STR0056,PRD00055,142,38,Adequate,17.8,2026-05-22,C1
INV0004456,20241231,STR0056,PRD00056,80,30,Adequate,8.0,2026-06-21,A2
INV0004457,20241231,STR0056,PRD00057,121,44,Adequate,40.3,2026-07-04,D1
INV0004458,20241231,STR0056,PRD00058,145,19,Adequate,11.2,2026-06-14,C2
INV0004459,20241231,STR0056,PRD00059,127,44,Adequate,14.1,2026-05-23,A1
INV0004460,20241231,STR0056,PRD00060,98,28,Adequate,9.8,2026-05-23,B1
INV0004461,20241231,STR0056,PRD00061,130,38,Adequate,8.7,2026-07-05,B2
INV0004462,20241231,STR0056,PRD00062,165,18,Adequate,27.5,2026-06-11,B1
INV0004463,20241231,STR0056,PRD00063,34,24,Adequate,2.3,2026-05-21,B2
INV0004464,20241231,STR0056,PRD00064,36,22,Adequate,3.0,2026-05-28,C2
INV0004465,20241231,STR0056,PRD00065,88,22,Adequate,5.9,2026-05-21,A2
INV0004466,20241231,STR0056,PRD00066,193,15,Adequate,193.0,2026-05-18,A2
INV0004467,20241231,STR0056,PRD00067,143,42,Adequate,143.0,2026-05-13,A2
INV0004468,20241231,STR0056,PRD00068,138,37,Adequate,69.0,2026-06-12,D1
INV0004469,20241231,STR0056,PRD00069,162,29,Adequate,11.6,2026-05-30,B1
INV0004470,20241231,STR0056,PRD00070,97,38,Adequate,19.4,2026-06-04,A1
INV0004471,20241231,STR0056,PRD00071,179,37,Adequate,59.7,2026-06-10,A1
INV0004472,20241231,STR0056,PRD00072,64,15,Adequate,4.6,2026-06-22,B2
INV0004473,20241231,STR0056,PRD00073,135,31,Adequate,13.5,2026-06-01,A1
INV0004474,20241231,STR0056,PRD00074,132,10,Adequate,18.9,2026-06-13,D1
INV0004475,20241231,STR0056,PRD00075,171,39,Adequate,171.0,2026-06-24,D1
INV0004476,20241231,STR0056,PRD00076,156,34,Adequate,11.1,2026-07-01,C2
INV0004477,20241231,STR0056,PRD00077,190,47,Adequate,21.1,2026-06-10,C1
INV0004478,20241231,STR0056,PRD00078,82,10,Adequate,20.5,2026-06-13,A2
INV0004479,20241231,STR0056,PRD00079,153,28,Adequate,12.8,2026-07-04,C1
INV0004480,20241231,STR0056,PRD00080,64,11,Adequate,4.3,2026-06-08,C2
INV0004481,20241231,STR0057,PRD00001,72,50,Adequate,7.2,2026-06-21,D1
INV0004482,20241231,STR0057,PRD00002,188,17,Adequate,94.0,2026-06-03,A2
INV0004483,20241231,STR0057,PRD00003,198,44,Adequate,13.2,2026-06-18,A2
INV0004484,20241231,STR0057,PRD00004,118,27,Adequate,39.3,2026-06-14,D1
INV0004485,20241231,STR0057,PRD00005,80,40,Adequate,8.0,2026-05-19,C1
INV0004486,20241231,STR0057,PRD00006,82,33,Adequate,8.2,2026-06-23,B2
INV0004487,20241231,STR0057,PRD00007,30,39,Reorder Required,30.0,2026-06-19,D1
INV0004488,20241231,STR0057,PRD00008,65,20,Adequate,4.6,2026-06-11,D1
INV0004489,20241231,STR0057,PRD00009,91,38,Adequate,22.8,2026-06-16,B1
INV0004490,20241231,STR0057,PRD00010,142,30,Adequate,10.9,2026-06-23,D1
INV0004491,20241231,STR0057,PRD00011,83,36,Adequate,6.9,2026-06-09,A2
INV0004492,20241231,STR0057,PRD00012,56,13,Adequate,5.6,2026-07-02,A2
INV0004493,20241231,STR0057,PRD00013,184,34,Adequate,20.4,2026-06-19,D1
INV0004494,20241231,STR0057,PRD00014,62,27,Adequate,12.4,2026-06-29,C2
INV0004495,20241231,STR0057,PRD00015,54,27,Adequate,5.4,2026-07-03,C2
INV0004496,20241231,STR0057,PRD00016,199,31,Adequate,22.1,2026-06-08,D1
INV0004497,20241231,STR0057,PRD00017,26,50,Reorder Required,2.2,2026-05-27,D1
INV0004498,20241231,STR0057,PRD00018,164,24,Adequate,32.8,2026-05-20,A1
INV0004499,20241231,STR0057,PRD00019,159,23,Adequate,12.2,2026-05-28,D1
INV0004500,20241231,STR0057,PRD00020,172,37,Adequate,57.3,2026-05-22,C1
INV0004501,20241231,STR0057,PRD00021,182,24,Adequate,20.2,2026-06-06,A2
INV0004502,20241231,STR0057,PRD00022,177,12,Adequate,16.1,2026-05-22,C2
INV0004503,20241231,STR0057,PRD00023,105,37,Adequate,10.5,2026-05-11,B1
INV0004504,20241231,STR0057,PRD00024,67,16,Adequate,11.2,2026-06-01,B1
INV0004505,20241231,STR0057,PRD00025,7,36,Reorder Required,0.5,2026-05-30,C2
INV0004506,20241231,STR0057,PRD00026,190,15,Adequate,38.0,2026-07-06,C1
INV0004507,20241231,STR0057,PRD00027,11,46,Reorder Required,1.0,2026-07-01,B1
INV0004508,20241231,STR0057,PRD00028,83,18,Adequate,9.2,2026-07-03,A1
INV0004509,20241231,STR0057,PRD00029,184,10,Adequate,23.0,2026-06-11,C1
INV0004510,20241231,STR0057,PRD00030,54,12,Adequate,5.4,2026-06-13,D1
INV0004511,20241231,STR0057,PRD00031,85,44,Adequate,42.5,2026-06-14,C2
INV0004512,20241231,STR0057,PRD00032,74,31,Adequate,24.7,2026-06-09,C2
INV0004513,20241231,STR0057,PRD00033,76,33,Adequate,6.3,2026-06-13,A1
INV0004514,20241231,STR0057,PRD00034,104,33,Adequate,104.0,2026-06-19,D1
INV0004515,20241231,STR0057,PRD00035,46,23,Adequate,11.5,2026-05-20,C2
INV0004516,20241231,STR0057,PRD00036,113,40,Adequate,12.6,2026-05-23,A1
INV0004517,20241231,STR0057,PRD00037,113,23,Adequate,22.6,2026-06-08,B2
INV0004518,20241231,STR0057,PRD00038,166,27,Adequate,11.9,2026-05-15,C2
INV0004519,20241231,STR0057,PRD00039,41,38,Adequate,4.6,2026-06-21,A2
INV0004520,20241231,STR0057,PRD00040,127,44,Adequate,15.9,2026-06-07,B1
INV0004521,20241231,STR0057,PRD00041,33,33,Reorder Required,3.7,2026-06-01,D1
INV0004522,20241231,STR0057,PRD00042,66,14,Adequate,4.4,2026-05-16,C2
INV0004523,20241231,STR0057,PRD00043,91,21,Adequate,18.2,2026-06-09,C1
INV0004524,20241231,STR0057,PRD00044,193,19,Adequate,32.2,2026-05-17,C1
INV0004525,20241231,STR0057,PRD00045,197,11,Adequate,28.1,2026-05-26,C1
INV0004526,20241231,STR0057,PRD00046,133,40,Adequate,14.8,2026-06-06,C2
INV0004527,20241231,STR0057,PRD00047,75,14,Adequate,5.0,2026-06-09,B2
INV0004528,20241231,STR0057,PRD00048,173,31,Adequate,43.2,2026-07-05,B2
INV0004529,20241231,STR0057,PRD00049,3,41,Reorder Required,0.2,2026-06-15,B1
INV0004530,20241231,STR0057,PRD00050,68,39,Adequate,68.0,2026-05-31,A2
INV0004531,20241231,STR0057,PRD00051,119,26,Adequate,17.0,2026-06-15,A1
INV0004532,20241231,STR0057,PRD00052,156,13,Adequate,26.0,2026-05-17,A2
INV0004533,20241231,STR0057,PRD00053,37,20,Adequate,4.1,2026-05-22,B2
INV0004534,20241231,STR0057,PRD00054,10,19,Reorder Required,0.9,2026-06-16,B2
INV0004535,20241231,STR0057,PRD00055,138,38,Adequate,34.5,2026-05-31,D1
INV0004536,20241231,STR0057,PRD00056,159,30,Adequate,159.0,2026-05-19,A1
INV0004537,20241231,STR0057,PRD00057,67,44,Adequate,11.2,2026-06-02,B1
INV0004538,20241231,STR0057,PRD00058,150,19,Adequate,15.0,2026-06-13,A2
INV0004539,20241231,STR0057,PRD00059,115,44,Adequate,28.8,2026-05-30,C2
INV0004540,20241231,STR0057,PRD00060,102,28,Adequate,17.0,2026-05-12,C2
INV0004541,20241231,STR0057,PRD00061,51,38,Adequate,10.2,2026-06-29,C1
INV0004542,20241231,STR0057,PRD00062,0,18,Reorder Required,0.0,2026-06-26,D1
INV0004543,20241231,STR0057,PRD00063,189,24,Adequate,63.0,2026-06-05,B2
INV0004544,20241231,STR0057,PRD00064,129,22,Adequate,18.4,2026-06-16,D1
INV0004545,20241231,STR0057,PRD00065,190,22,Adequate,21.1,2026-07-03,C1
INV0004546,20241231,STR0057,PRD00066,121,15,Adequate,17.3,2026-05-27,C1
INV0004547,20241231,STR0057,PRD00067,116,42,Adequate,16.6,2026-06-15,C1
INV0004548,20241231,STR0057,PRD00068,138,37,Adequate,34.5,2026-06-02,C1
INV0004549,20241231,STR0057,PRD00069,184,29,Adequate,61.3,2026-06-23,A2
INV0004550,20241231,STR0057,PRD00070,102,38,Adequate,7.3,2026-06-27,D1
INV0004551,20241231,STR0057,PRD00071,140,37,Adequate,10.8,2026-05-21,B1
INV0004552,20241231,STR0057,PRD00072,99,15,Adequate,9.9,2026-07-03,A1
INV0004553,20241231,STR0057,PRD00073,26,31,Reorder Required,2.0,2026-05-25,C1
INV0004554,20241231,STR0057,PRD00074,165,10,Adequate,41.2,2026-05-23,A1
INV0004555,20241231,STR0057,PRD00075,166,39,Adequate,41.5,2026-05-11,C1
INV0004556,20241231,STR0057,PRD00076,6,34,Reorder Required,0.4,2026-06-18,A2
INV0004557,20241231,STR0057,PRD00077,194,47,Adequate,64.7,2026-07-03,C2
INV0004558,20241231,STR0057,PRD00078,181,10,Adequate,36.2,2026-05-09,C1
INV0004559,20241231,STR0057,PRD00079,188,28,Adequate,17.1,2026-05-31,A2
INV0004560,20241231,STR0057,PRD00080,158,11,Adequate,39.5,2026-05-20,A2
INV0004561,20241231,STR0058,PRD00001,174,50,Adequate,11.6,2026-05-12,B1
INV0004562,20241231,STR0058,PRD00002,199,17,Adequate,19.9,2026-05-23,A2
INV0004563,20241231,STR0058,PRD00003,197,44,Adequate,16.4,2026-06-07,B1
INV0004564,20241231,STR0058,PRD00004,139,27,Adequate,17.4,2026-06-23,C2
INV0004565,20241231,STR0058,PRD00005,119,40,Adequate,7.9,2026-05-11,B1
INV0004566,20241231,STR0058,PRD00006,149,33,Adequate,18.6,2026-06-13,B1
INV0004567,20241231,STR0058,PRD00007,117,39,Adequate,8.4,2026-05-16,B2
INV0004568,20241231,STR0058,PRD00008,167,20,Adequate,15.2,2026-06-12,C2
INV0004569,20241231,STR0058,PRD00009,26,38,Reorder Required,3.2,2026-06-20,A1
INV0004570,20241231,STR0058,PRD00010,165,30,Adequate,41.2,2026-05-21,C1
INV0004571,20241231,STR0058,PRD00011,189,36,Adequate,37.8,2026-07-04,B1
INV0004572,20241231,STR0058,PRD00012,49,13,Adequate,3.3,2026-05-28,A2
INV0004573,20241231,STR0058,PRD00013,6,34,Reorder Required,1.2,2026-07-03,B2
INV0004574,20241231,STR0058,PRD00014,51,27,Adequate,3.4,2026-06-02,B2
INV0004575,20241231,STR0058,PRD00015,31,27,Adequate,4.4,2026-06-13,C1
INV0004576,20241231,STR0058,PRD00016,117,31,Adequate,7.8,2026-05-10,A2
INV0004577,20241231,STR0058,PRD00017,126,50,Adequate,31.5,2026-07-02,D1
INV0004578,20241231,STR0058,PRD00018,126,24,Adequate,9.0,2026-06-21,C1
INV0004579,20241231,STR0058,PRD00019,75,23,Adequate,8.3,2026-05-09,B1
INV0004580,20241231,STR0058,PRD00020,119,37,Adequate,39.7,2026-06-24,D1
INV0004581,20241231,STR0058,PRD00021,71,24,Adequate,5.5,2026-07-02,D1
INV0004582,20241231,STR0058,PRD00022,126,12,Adequate,8.4,2026-06-12,B2
INV0004583,20241231,STR0058,PRD00023,166,37,Adequate,16.6,2026-06-21,C2
INV0004584,20241231,STR0058,PRD00024,56,16,Adequate,18.7,2026-06-10,B2
INV0004585,20241231,STR0058,PRD00025,41,36,Adequate,3.7,2026-06-06,C2
INV0004586,20241231,STR0058,PRD00026,126,15,Adequate,14.0,2026-05-20,A2
INV0004587,20241231,STR0058,PRD00027,23,46,Reorder Required,23.0,2026-06-29,C1
INV0004588,20241231,STR0058,PRD00028,31,18,Adequate,15.5,2026-05-09,D1
INV0004589,20241231,STR0058,PRD00029,75,10,Adequate,12.5,2026-05-16,A1
INV0004590,20241231,STR0058,PRD00030,87,12,Adequate,7.9,2026-05-15,C1
INV0004591,20241231,STR0058,PRD00031,146,44,Adequate,14.6,2026-06-26,B1
INV0004592,20241231,STR0058,PRD00032,121,31,Adequate,24.2,2026-05-22,C1
INV0004593,20241231,STR0058,PRD00033,156,33,Adequate,13.0,2026-06-08,A1
INV0004594,20241231,STR0058,PRD00034,63,33,Adequate,15.8,2026-06-08,B2
INV0004595,20241231,STR0058,PRD00035,48,23,Adequate,4.0,2026-05-09,B2
INV0004596,20241231,STR0058,PRD00036,112,40,Adequate,112.0,2026-05-16,A2
INV0004597,20241231,STR0058,PRD00037,11,23,Reorder Required,0.8,2026-06-13,D1
INV0004598,20241231,STR0058,PRD00038,97,27,Adequate,24.2,2026-06-11,B1
INV0004599,20241231,STR0058,PRD00039,29,38,Reorder Required,2.2,2026-05-08,C2
INV0004600,20241231,STR0058,PRD00040,117,44,Adequate,9.0,2026-05-08,A2
INV0004601,20241231,STR0058,PRD00041,110,33,Adequate,7.3,2026-06-18,B1
INV0004602,20241231,STR0058,PRD00042,79,14,Adequate,26.3,2026-05-31,D1
INV0004603,20241231,STR0058,PRD00043,80,21,Adequate,5.3,2026-06-26,B1
INV0004604,20241231,STR0058,PRD00044,172,19,Adequate,14.3,2026-06-10,C1
INV0004605,20241231,STR0058,PRD00045,189,11,Adequate,63.0,2026-05-23,B2
INV0004606,20241231,STR0058,PRD00046,7,40,Reorder Required,1.2,2026-05-20,C2
INV0004607,20241231,STR0058,PRD00047,172,14,Adequate,28.7,2026-06-08,B1
INV0004608,20241231,STR0058,PRD00048,48,31,Adequate,3.4,2026-06-30,A2
INV0004609,20241231,STR0058,PRD00049,167,41,Adequate,55.7,2026-06-23,C2
INV0004610,20241231,STR0058,PRD00050,126,39,Adequate,42.0,2026-06-17,A2
INV0004611,20241231,STR0058,PRD00051,131,26,Adequate,21.8,2026-06-29,B1
INV0004612,20241231,STR0058,PRD00052,191,13,Adequate,95.5,2026-06-29,D1
INV0004613,20241231,STR0058,PRD00053,170,20,Adequate,14.2,2026-05-10,A1
INV0004614,20241231,STR0058,PRD00054,8,19,Reorder Required,0.8,2026-05-17,B1
INV0004615,20241231,STR0058,PRD00055,127,38,Adequate,14.1,2026-05-28,B2
INV0004616,20241231,STR0058,PRD00056,169,30,Adequate,33.8,2026-05-27,B2
INV0004617,20241231,STR0058,PRD00057,32,44,Reorder Required,2.9,2026-05-19,A2
INV0004618,20241231,STR0058,PRD00058,116,19,Adequate,12.9,2026-05-21,B1
INV0004619,20241231,STR0058,PRD00059,174,44,Adequate,17.4,2026-06-22,A2
INV0004620,20241231,STR0058,PRD00060,51,28,Adequate,5.7,2026-06-08,B1
INV0004621,20241231,STR0058,PRD00061,115,38,Adequate,7.7,2026-06-13,B1
INV0004622,20241231,STR0058,PRD00062,82,18,Adequate,8.2,2026-05-11,A2
INV0004623,20241231,STR0058,PRD00063,200,24,Adequate,25.0,2026-05-28,D1
INV0004624,20241231,STR0058,PRD00064,121,22,Adequate,11.0,2026-05-27,B2
INV0004625,20241231,STR0058,PRD00065,51,22,Adequate,25.5,2026-06-23,A1
INV0004626,20241231,STR0058,PRD00066,3,15,Reorder Required,0.3,2026-05-28,B2
INV0004627,20241231,STR0058,PRD00067,133,42,Adequate,9.5,2026-05-09,B1
INV0004628,20241231,STR0058,PRD00068,168,37,Adequate,21.0,2026-06-26,C2
INV0004629,20241231,STR0058,PRD00069,46,29,Adequate,3.1,2026-05-20,B2
INV0004630,20241231,STR0058,PRD00070,53,38,Adequate,7.6,2026-06-07,A2
INV0004631,20241231,STR0058,PRD00071,82,37,Adequate,5.5,2026-05-26,D1
INV0004632,20241231,STR0058,PRD00072,51,15,Adequate,10.2,2026-07-01,C1
INV0004633,20241231,STR0058,PRD00073,134,31,Adequate,67.0,2026-07-02,D1
INV0004634,20241231,STR0058,PRD00074,57,10,Adequate,28.5,2026-06-22,C1
INV0004635,20241231,STR0058,PRD00075,193,39,Adequate,193.0,2026-05-29,B2
INV0004636,20241231,STR0058,PRD00076,10,34,Reorder Required,1.0,2026-06-10,A1
INV0004637,20241231,STR0058,PRD00077,15,47,Reorder Required,1.7,2026-05-13,A2
INV0004638,20241231,STR0058,PRD00078,44,10,Adequate,5.5,2026-06-21,B1
INV0004639,20241231,STR0058,PRD00079,64,28,Adequate,32.0,2026-06-17,D1
INV0004640,20241231,STR0058,PRD00080,51,11,Adequate,25.5,2026-05-11,C2
INV0004641,20241231,STR0059,PRD00001,70,50,Adequate,8.8,2026-05-25,C1
INV0004642,20241231,STR0059,PRD00002,20,17,Adequate,2.5,2026-05-28,A1
INV0004643,20241231,STR0059,PRD00003,117,44,Adequate,58.5,2026-06-12,C1
INV0004644,20241231,STR0059,PRD00004,89,27,Adequate,14.8,2026-05-30,C2
INV0004645,20241231,STR0059,PRD00005,117,40,Adequate,10.6,2026-05-26,B1
INV0004646,20241231,STR0059,PRD00006,186,33,Adequate,13.3,2026-06-05,A1
INV0004647,20241231,STR0059,PRD00007,79,39,Adequate,39.5,2026-06-27,B2
INV0004648,20241231,STR0059,PRD00008,182,20,Adequate,13.0,2026-05-26,C1
INV0004649,20241231,STR0059,PRD00009,97,38,Adequate,8.1,2026-05-21,B1
INV0004650,20241231,STR0059,PRD00010,87,30,Adequate,7.9,2026-06-22,A1
INV0004651,20241231,STR0059,PRD00011,92,36,Adequate,30.7,2026-06-08,C2
INV0004652,20241231,STR0059,PRD00012,133,13,Adequate,13.3,2026-06-16,C2
INV0004653,20241231,STR0059,PRD00013,35,34,Adequate,2.7,2026-05-08,B2
INV0004654,20241231,STR0059,PRD00014,113,27,Adequate,56.5,2026-06-27,C2
INV0004655,20241231,STR0059,PRD00015,168,27,Adequate,42.0,2026-06-20,B2
INV0004656,20241231,STR0059,PRD00016,103,31,Adequate,7.4,2026-05-27,C2
INV0004657,20241231,STR0059,PRD00017,0,50,Reorder Required,0.0,2026-05-10,A2
INV0004658,20241231,STR0059,PRD00018,142,24,Adequate,17.8,2026-05-08,B2
INV0004659,20241231,STR0059,PRD00019,124,23,Adequate,8.9,2026-06-29,C1
INV0004660,20241231,STR0059,PRD00020,113,37,Adequate,14.1,2026-05-13,A1
INV0004661,20241231,STR0059,PRD00021,138,24,Adequate,12.5,2026-06-05,C2
INV0004662,20241231,STR0059,PRD00022,49,12,Adequate,9.8,2026-05-28,C2
INV0004663,20241231,STR0059,PRD00023,128,37,Adequate,21.3,2026-06-19,D1
INV0004664,20241231,STR0059,PRD00024,10,16,Reorder Required,10.0,2026-06-02,C1
INV0004665,20241231,STR0059,PRD00025,166,36,Adequate,15.1,2026-05-22,B2
INV0004666,20241231,STR0059,PRD00026,40,15,Adequate,4.4,2026-06-01,A2
INV0004667,20241231,STR0059,PRD00027,145,46,Adequate,18.1,2026-05-08,D1
INV0004668,20241231,STR0059,PRD00028,50,18,Adequate,25.0,2026-05-28,A2
INV0004669,20241231,STR0059,PRD00029,83,10,Adequate,7.5,2026-05-15,B1
INV0004670,20241231,STR0059,PRD00030,76,12,Adequate,6.3,2026-06-20,A2
INV0004671,20241231,STR0059,PRD00031,117,44,Adequate,8.4,2026-05-17,C2
INV0004672,20241231,STR0059,PRD00032,200,31,Adequate,100.0,2026-05-18,B1
INV0004673,20241231,STR0059,PRD00033,104,33,Adequate,7.4,2026-05-21,B2
INV0004674,20241231,STR0059,PRD00034,129,33,Adequate,9.2,2026-05-16,A1
INV0004675,20241231,STR0059,PRD00035,110,23,Adequate,15.7,2026-05-24,B2
INV0004676,20241231,STR0059,PRD00036,157,40,Adequate,17.4,2026-06-13,B1
INV0004677,20241231,STR0059,PRD00037,12,23,Reorder Required,1.5,2026-05-12,C1
INV0004678,20241231,STR0059,PRD00038,165,27,Adequate,18.3,2026-05-22,A2
INV0004679,20241231,STR0059,PRD00039,77,38,Adequate,7.7,2026-06-16,B2
INV0004680,20241231,STR0059,PRD00040,57,44,Adequate,11.4,2026-06-21,A1
INV0004681,20241231,STR0059,PRD00041,152,33,Adequate,76.0,2026-06-29,B1
INV0004682,20241231,STR0059,PRD00042,10,14,Reorder Required,3.3,2026-05-11,C1
INV0004683,20241231,STR0059,PRD00043,132,21,Adequate,12.0,2026-06-02,A1
INV0004684,20241231,STR0059,PRD00044,177,19,Adequate,22.1,2026-06-21,A1
INV0004685,20241231,STR0059,PRD00045,167,11,Adequate,11.9,2026-05-17,B1
INV0004686,20241231,STR0059,PRD00046,54,40,Adequate,10.8,2026-05-18,A1
INV0004687,20241231,STR0059,PRD00047,148,14,Adequate,13.5,2026-06-04,A2
INV0004688,20241231,STR0059,PRD00048,149,31,Adequate,11.5,2026-07-03,B1
INV0004689,20241231,STR0059,PRD00049,171,41,Adequate,17.1,2026-06-02,B1
INV0004690,20241231,STR0059,PRD00050,50,39,Adequate,3.6,2026-06-25,B2
INV0004691,20241231,STR0059,PRD00051,124,26,Adequate,8.9,2026-06-05,A2
INV0004692,20241231,STR0059,PRD00052,168,13,Adequate,15.3,2026-07-03,A1
INV0004693,20241231,STR0059,PRD00053,71,20,Adequate,4.7,2026-06-02,C1
INV0004694,20241231,STR0059,PRD00054,161,19,Adequate,11.5,2026-05-17,B1
INV0004695,20241231,STR0059,PRD00055,121,38,Adequate,8.6,2026-06-14,C2
INV0004696,20241231,STR0059,PRD00056,22,30,Reorder Required,22.0,2026-05-08,C2
INV0004697,20241231,STR0059,PRD00057,138,44,Adequate,11.5,2026-05-30,C2
INV0004698,20241231,STR0059,PRD00058,120,19,Adequate,30.0,2026-06-13,D1
INV0004699,20241231,STR0059,PRD00059,194,44,Adequate,14.9,2026-06-29,D1
INV0004700,20241231,STR0059,PRD00060,19,28,Reorder Required,1.4,2026-06-21,B1
INV0004701,20241231,STR0059,PRD00061,28,38,Reorder Required,2.3,2026-06-03,B2
INV0004702,20241231,STR0059,PRD00062,164,18,Adequate,11.7,2026-06-23,A2
INV0004703,20241231,STR0059,PRD00063,93,24,Adequate,31.0,2026-05-08,A2
INV0004704,20241231,STR0059,PRD00064,121,22,Adequate,24.2,2026-05-10,B1
INV0004705,20241231,STR0059,PRD00065,30,22,Adequate,3.8,2026-05-27,D1
INV0004706,20241231,STR0059,PRD00066,143,15,Adequate,23.8,2026-06-26,C2
INV0004707,20241231,STR0059,PRD00067,144,42,Adequate,28.8,2026-05-08,C1
INV0004708,20241231,STR0059,PRD00068,40,37,Adequate,40.0,2026-05-20,B2
INV0004709,20241231,STR0059,PRD00069,79,29,Adequate,7.2,2026-06-17,C2
INV0004710,20241231,STR0059,PRD00070,114,38,Adequate,57.0,2026-06-06,A2
INV0004711,20241231,STR0059,PRD00071,160,37,Adequate,10.7,2026-06-08,B1
INV0004712,20241231,STR0059,PRD00072,102,15,Adequate,8.5,2026-06-06,B2
INV0004713,20241231,STR0059,PRD00073,9,31,Reorder Required,2.2,2026-05-22,C2
INV0004714,20241231,STR0059,PRD00074,87,10,Adequate,17.4,2026-06-11,C2
INV0004715,20241231,STR0059,PRD00075,29,39,Reorder Required,9.7,2026-05-12,B1
INV0004716,20241231,STR0059,PRD00076,121,34,Adequate,60.5,2026-07-01,B1
INV0004717,20241231,STR0059,PRD00077,140,47,Adequate,23.3,2026-06-13,D1
INV0004718,20241231,STR0059,PRD00078,32,10,Adequate,6.4,2026-06-30,C1
INV0004719,20241231,STR0059,PRD00079,193,28,Adequate,16.1,2026-05-31,A1
INV0004720,20241231,STR0059,PRD00080,95,11,Adequate,95.0,2026-06-10,B1
INV0004721,20241231,STR0060,PRD00001,176,50,Adequate,12.6,2026-05-26,B2
INV0004722,20241231,STR0060,PRD00002,144,17,Adequate,72.0,2026-06-02,B2
INV0004723,20241231,STR0060,PRD00003,65,44,Adequate,8.1,2026-06-26,A1
INV0004724,20241231,STR0060,PRD00004,151,27,Adequate,18.9,2026-05-12,B1
INV0004725,20241231,STR0060,PRD00005,9,40,Reorder Required,0.7,2026-06-13,C1
INV0004726,20241231,STR0060,PRD00006,86,33,Adequate,8.6,2026-05-24,B2
INV0004727,20241231,STR0060,PRD00007,200,39,Adequate,200.0,2026-06-30,C2
INV0004728,20241231,STR0060,PRD00008,149,20,Adequate,14.9,2026-06-23,B2
INV0004729,20241231,STR0060,PRD00009,136,38,Adequate,15.1,2026-06-28,B1
INV0004730,20241231,STR0060,PRD00010,80,30,Adequate,8.9,2026-06-23,A1
INV0004731,20241231,STR0060,PRD00011,56,36,Adequate,28.0,2026-07-05,B1
INV0004732,20241231,STR0060,PRD00012,157,13,Adequate,10.5,2026-05-10,C1
INV0004733,20241231,STR0060,PRD00013,106,34,Adequate,21.2,2026-05-28,D1
INV0004734,20241231,STR0060,PRD00014,45,27,Adequate,22.5,2026-06-06,C1
INV0004735,20241231,STR0060,PRD00015,8,27,Reorder Required,0.7,2026-07-06,A1
INV0004736,20241231,STR0060,PRD00016,187,31,Adequate,26.7,2026-05-12,A1
INV0004737,20241231,STR0060,PRD00017,35,50,Reorder Required,2.7,2026-07-04,B2
INV0004738,20241231,STR0060,PRD00018,65,24,Adequate,9.3,2026-05-20,A1
INV0004739,20241231,STR0060,PRD00019,185,23,Adequate,46.2,2026-07-06,C2
INV0004740,20241231,STR0060,PRD00020,22,37,Reorder Required,22.0,2026-06-12,B1
INV0004741,20241231,STR0060,PRD00021,47,24,Adequate,23.5,2026-05-14,D1
INV0004742,20241231,STR0060,PRD00022,198,12,Adequate,18.0,2026-07-02,B1
INV0004743,20241231,STR0060,PRD00023,118,37,Adequate,19.7,2026-07-02,D1
INV0004744,20241231,STR0060,PRD00024,101,16,Adequate,20.2,2026-07-02,B1
INV0004745,20241231,STR0060,PRD00025,139,36,Adequate,10.7,2026-06-28,D1
INV0004746,20241231,STR0060,PRD00026,45,15,Adequate,5.0,2026-05-10,A2
INV0004747,20241231,STR0060,PRD00027,134,46,Adequate,9.6,2026-05-31,A2
INV0004748,20241231,STR0060,PRD00028,69,18,Adequate,8.6,2026-06-04,C1
INV0004749,20241231,STR0060,PRD00029,180,10,Adequate,12.0,2026-05-30,B2
INV0004750,20241231,STR0060,PRD00030,48,12,Adequate,6.0,2026-06-24,A2
INV0004751,20241231,STR0060,PRD00031,48,44,Adequate,48.0,2026-05-17,B2
INV0004752,20241231,STR0060,PRD00032,67,31,Adequate,6.1,2026-06-16,C1
INV0004753,20241231,STR0060,PRD00033,21,33,Reorder Required,1.9,2026-05-09,B2
INV0004754,20241231,STR0060,PRD00034,142,33,Adequate,12.9,2026-05-24,D1
INV0004755,20241231,STR0060,PRD00035,124,23,Adequate,124.0,2026-06-18,C2
INV0004756,20241231,STR0060,PRD00036,146,40,Adequate,24.3,2026-06-14,C1
INV0004757,20241231,STR0060,PRD00037,117,23,Adequate,13.0,2026-06-23,D1
INV0004758,20241231,STR0060,PRD00038,161,27,Adequate,161.0,2026-06-23,A1
INV0004759,20241231,STR0060,PRD00039,122,38,Adequate,20.3,2026-05-27,C1
INV0004760,20241231,STR0060,PRD00040,11,44,Reorder Required,1.1,2026-06-15,C2
INV0004761,20241231,STR0060,PRD00041,114,33,Adequate,8.1,2026-05-11,A1
INV0004762,20241231,STR0060,PRD00042,156,14,Adequate,156.0,2026-05-12,B1
INV0004763,20241231,STR0060,PRD00043,162,21,Adequate,18.0,2026-06-10,A1
INV0004764,20241231,STR0060,PRD00044,106,19,Adequate,7.1,2026-06-02,B1
INV0004765,20241231,STR0060,PRD00045,164,11,Adequate,16.4,2026-07-05,A1
INV0004766,20241231,STR0060,PRD00046,187,40,Adequate,23.4,2026-07-04,C1
INV0004767,20241231,STR0060,PRD00047,186,14,Adequate,37.2,2026-05-12,D1
INV0004768,20241231,STR0060,PRD00048,127,31,Adequate,63.5,2026-05-17,C2
INV0004769,20241231,STR0060,PRD00049,19,41,Reorder Required,1.7,2026-06-19,B1
INV0004770,20241231,STR0060,PRD00050,66,39,Adequate,6.0,2026-06-13,A1
INV0004771,20241231,STR0060,PRD00051,145,26,Adequate,36.2,2026-06-15,B1
INV0004772,20241231,STR0060,PRD00052,42,13,Adequate,4.7,2026-05-31,C1
INV0004773,20241231,STR0060,PRD00053,105,20,Adequate,105.0,2026-05-09,D1
INV0004774,20241231,STR0060,PRD00054,192,19,Adequate,64.0,2026-05-31,B2
INV0004775,20241231,STR0060,PRD00055,196,38,Adequate,65.3,2026-05-20,B1
INV0004776,20241231,STR0060,PRD00056,65,30,Adequate,4.6,2026-06-23,A2
INV0004777,20241231,STR0060,PRD00057,54,44,Adequate,6.8,2026-05-17,C1
INV0004778,20241231,STR0060,PRD00058,71,19,Adequate,71.0,2026-05-08,C2
INV0004779,20241231,STR0060,PRD00059,199,44,Adequate,22.1,2026-05-14,C2
INV0004780,20241231,STR0060,PRD00060,73,28,Adequate,6.1,2026-06-14,A2
INV0004781,20241231,STR0060,PRD00061,61,38,Adequate,7.6,2026-06-01,A2
INV0004782,20241231,STR0060,PRD00062,58,18,Adequate,5.8,2026-06-22,A1
INV0004783,20241231,STR0060,PRD00063,160,24,Adequate,40.0,2026-06-12,C2
INV0004784,20241231,STR0060,PRD00064,55,22,Adequate,3.7,2026-06-24,C2
INV0004785,20241231,STR0060,PRD00065,168,22,Adequate,11.2,2026-06-11,B2
INV0004786,20241231,STR0060,PRD00066,51,15,Adequate,5.7,2026-06-07,B1
INV0004787,20241231,STR0060,PRD00067,24,42,Reorder Required,1.7,2026-06-06,C2
INV0004788,20241231,STR0060,PRD00068,111,37,Adequate,15.9,2026-06-29,A1
INV0004789,20241231,STR0060,PRD00069,142,29,Adequate,12.9,2026-05-30,A1
INV0004790,20241231,STR0060,PRD00070,79,38,Adequate,26.3,2026-06-02,A2
INV0004791,20241231,STR0060,PRD00071,93,37,Adequate,11.6,2026-07-03,A1
INV0004792,20241231,STR0060,PRD00072,107,15,Adequate,53.5,2026-07-06,C2
INV0004793,20241231,STR0060,PRD00073,125,31,Adequate,25.0,2026-05-23,C1
INV0004794,20241231,STR0060,PRD00074,92,10,Adequate,9.2,2026-06-04,A2
INV0004795,20241231,STR0060,PRD00075,32,39,Reorder Required,2.9,2026-06-20,B1
INV0004796,20241231,STR0060,PRD00076,15,34,Reorder Required,7.5,2026-06-17,B1
INV0004797,20241231,STR0060,PRD00077,16,47,Reorder Required,3.2,2026-07-03,A2
INV0004798,20241231,STR0060,PRD00078,186,10,Adequate,62.0,2026-06-15,B1
INV0004799,20241231,STR0060,PRD00079,124,28,Adequate,11.3,2026-07-04,A2
INV0004800,20241231,STR0060,PRD00080,166,11,Adequate,18.4,2026-06-19,C1
INV0004801,20241231,STR0061,PRD00001,17,50,Reorder Required,1.9,2026-06-04,A2
INV0004802,20241231,STR0061,PRD00002,70,17,Adequate,5.8,2026-06-28,B2
INV0004803,20241231,STR0061,PRD00003,169,44,Adequate,24.1,2026-06-20,A1
INV0004804,20241231,STR0061,PRD00004,157,27,Adequate,39.2,2026-05-13,B1
INV0004805,20241231,STR0061,PRD00005,30,40,Reorder Required,10.0,2026-06-11,A1
INV0004806,20241231,STR0061,PRD00006,28,33,Reorder Required,5.6,2026-06-12,C2
INV0004807,20241231,STR0061,PRD00007,54,39,Adequate,7.7,2026-05-27,B1
INV0004808,20241231,STR0061,PRD00008,186,20,Adequate,15.5,2026-05-31,B1
INV0004809,20241231,STR0061,PRD00009,91,38,Adequate,13.0,2026-06-22,B2
INV0004810,20241231,STR0061,PRD00010,37,30,Adequate,2.8,2026-06-08,A2
INV0004811,20241231,STR0061,PRD00011,67,36,Adequate,5.6,2026-07-02,B1
INV0004812,20241231,STR0061,PRD00012,86,13,Adequate,8.6,2026-05-09,A2
INV0004813,20241231,STR0061,PRD00013,163,34,Adequate,13.6,2026-05-31,D1
INV0004814,20241231,STR0061,PRD00014,125,27,Adequate,12.5,2026-05-28,A1
INV0004815,20241231,STR0061,PRD00015,121,27,Adequate,17.3,2026-05-16,A1
INV0004816,20241231,STR0061,PRD00016,33,31,Adequate,11.0,2026-05-18,C2
INV0004817,20241231,STR0061,PRD00017,159,50,Adequate,12.2,2026-06-11,C2
INV0004818,20241231,STR0061,PRD00018,24,24,Reorder Required,1.7,2026-05-18,C2
INV0004819,20241231,STR0061,PRD00019,81,23,Adequate,5.4,2026-07-05,D1
INV0004820,20241231,STR0061,PRD00020,41,37,Adequate,10.2,2026-05-15,C2
INV0004821,20241231,STR0061,PRD00021,122,24,Adequate,12.2,2026-05-16,B2
INV0004822,20241231,STR0061,PRD00022,166,12,Adequate,11.9,2026-07-06,B1
INV0004823,20241231,STR0061,PRD00023,186,37,Adequate,46.5,2026-06-08,D1
INV0004824,20241231,STR0061,PRD00024,10,16,Reorder Required,0.7,2026-06-16,C2
INV0004825,20241231,STR0061,PRD00025,103,36,Adequate,7.9,2026-06-15,C1
INV0004826,20241231,STR0061,PRD00026,142,15,Adequate,10.9,2026-05-26,A1
INV0004827,20241231,STR0061,PRD00027,81,46,Adequate,40.5,2026-06-17,A2
INV0004828,20241231,STR0061,PRD00028,134,18,Adequate,67.0,2026-06-12,A2
INV0004829,20241231,STR0061,PRD00029,197,10,Adequate,39.4,2026-06-17,D1
INV0004830,20241231,STR0061,PRD00030,171,12,Adequate,14.2,2026-06-02,C1
INV0004831,20241231,STR0061,PRD00031,31,44,Reorder Required,2.1,2026-05-29,B1
INV0004832,20241231,STR0061,PRD00032,159,31,Adequate,53.0,2026-05-25,C1
INV0004833,20241231,STR0061,PRD00033,136,33,Adequate,15.1,2026-06-30,B2
INV0004834,20241231,STR0061,PRD00034,180,33,Adequate,12.9,2026-07-06,D1
INV0004835,20241231,STR0061,PRD00035,81,23,Adequate,5.4,2026-05-28,A2
INV0004836,20241231,STR0061,PRD00036,177,40,Adequate,177.0,2026-06-15,C2
INV0004837,20241231,STR0061,PRD00037,75,23,Adequate,8.3,2026-07-03,C2
INV0004838,20241231,STR0061,PRD00038,116,27,Adequate,116.0,2026-05-14,A1
INV0004839,20241231,STR0061,PRD00039,122,38,Adequate,8.1,2026-05-12,B1
INV0004840,20241231,STR0061,PRD00040,72,44,Adequate,24.0,2026-05-09,D1
INV0004841,20241231,STR0061,PRD00041,49,33,Adequate,49.0,2026-06-24,D1
INV0004842,20241231,STR0061,PRD00042,140,14,Adequate,23.3,2026-05-29,B1
INV0004843,20241231,STR0061,PRD00043,189,21,Adequate,37.8,2026-07-01,B2
INV0004844,20241231,STR0061,PRD00044,156,19,Adequate,156.0,2026-05-17,B1
INV0004845,20241231,STR0061,PRD00045,71,11,Adequate,7.1,2026-06-11,A2
INV0004846,20241231,STR0061,PRD00046,3,40,Reorder Required,0.3,2026-06-11,B1
INV0004847,20241231,STR0061,PRD00047,162,14,Adequate,13.5,2026-06-18,B1
INV0004848,20241231,STR0061,PRD00048,10,31,Reorder Required,3.3,2026-06-11,C1
INV0004849,20241231,STR0061,PRD00049,101,41,Adequate,16.8,2026-06-12,B1
INV0004850,20241231,STR0061,PRD00050,154,39,Adequate,17.1,2026-05-09,A2
INV0004851,20241231,STR0061,PRD00051,167,26,Adequate,20.9,2026-05-18,A1
INV0004852,20241231,STR0061,PRD00052,178,13,Adequate,11.9,2026-05-19,A1
INV0004853,20241231,STR0061,PRD00053,129,20,Adequate,16.1,2026-07-02,B2
INV0004854,20241231,STR0061,PRD00054,15,19,Reorder Required,15.0,2026-06-22,B2
INV0004855,20241231,STR0061,PRD00055,176,38,Adequate,14.7,2026-05-28,A1
INV0004856,20241231,STR0061,PRD00056,73,30,Adequate,36.5,2026-06-10,D1
INV0004857,20241231,STR0061,PRD00057,116,44,Adequate,12.9,2026-05-14,D1
INV0004858,20241231,STR0061,PRD00058,122,19,Adequate,20.3,2026-06-03,B2
INV0004859,20241231,STR0061,PRD00059,114,44,Adequate,12.7,2026-05-14,A1
INV0004860,20241231,STR0061,PRD00060,190,28,Adequate,95.0,2026-07-06,B1
INV0004861,20241231,STR0061,PRD00061,148,38,Adequate,24.7,2026-05-27,B1
INV0004862,20241231,STR0061,PRD00062,185,18,Adequate,18.5,2026-05-29,B2
INV0004863,20241231,STR0061,PRD00063,36,24,Adequate,36.0,2026-05-23,B2
INV0004864,20241231,STR0061,PRD00064,109,22,Adequate,21.8,2026-06-27,B1
INV0004865,20241231,STR0061,PRD00065,12,22,Reorder Required,2.4,2026-06-15,A1
INV0004866,20241231,STR0061,PRD00066,148,15,Adequate,9.9,2026-05-25,D1
INV0004867,20241231,STR0061,PRD00067,66,42,Adequate,16.5,2026-06-21,A2
INV0004868,20241231,STR0061,PRD00068,126,37,Adequate,10.5,2026-06-29,A2
INV0004869,20241231,STR0061,PRD00069,69,29,Adequate,5.8,2026-05-15,B1
INV0004870,20241231,STR0061,PRD00070,60,38,Adequate,4.0,2026-05-30,A2
INV0004871,20241231,STR0061,PRD00071,66,37,Adequate,4.4,2026-07-02,D1
INV0004872,20241231,STR0061,PRD00072,80,15,Adequate,8.9,2026-06-19,B1
INV0004873,20241231,STR0061,PRD00073,7,31,Reorder Required,0.8,2026-06-17,B1
INV0004874,20241231,STR0061,PRD00074,163,10,Adequate,18.1,2026-06-26,A1
INV0004875,20241231,STR0061,PRD00075,140,39,Adequate,15.6,2026-06-22,C2
INV0004876,20241231,STR0061,PRD00076,45,34,Adequate,4.5,2026-06-02,A2
INV0004877,20241231,STR0061,PRD00077,23,47,Reorder Required,2.9,2026-07-03,B1
INV0004878,20241231,STR0061,PRD00078,192,10,Adequate,192.0,2026-06-22,B1
INV0004879,20241231,STR0061,PRD00079,89,28,Adequate,17.8,2026-05-21,D1
INV0004880,20241231,STR0061,PRD00080,161,11,Adequate,20.1,2026-06-12,B1
INV0004881,20241231,STR0062,PRD00001,1,50,Reorder Required,0.1,2026-06-18,B2
INV0004882,20241231,STR0062,PRD00002,63,17,Adequate,21.0,2026-07-03,A1
INV0004883,20241231,STR0062,PRD00003,43,44,Reorder Required,3.1,2026-05-15,C1
INV0004884,20241231,STR0062,PRD00004,32,27,Adequate,2.5,2026-06-07,B2
INV0004885,20241231,STR0062,PRD00005,187,40,Adequate,17.0,2026-06-07,B1
INV0004886,20241231,STR0062,PRD00006,162,33,Adequate,23.1,2026-06-09,D1
INV0004887,20241231,STR0062,PRD00007,40,39,Adequate,4.0,2026-06-07,D1
INV0004888,20241231,STR0062,PRD00008,101,20,Adequate,8.4,2026-05-26,B2
INV0004889,20241231,STR0062,PRD00009,84,38,Adequate,7.6,2026-06-23,B1
INV0004890,20241231,STR0062,PRD00010,18,30,Reorder Required,3.6,2026-05-30,D1
INV0004891,20241231,STR0062,PRD00011,29,36,Reorder Required,2.9,2026-05-20,D1
INV0004892,20241231,STR0062,PRD00012,188,13,Adequate,94.0,2026-06-04,A1
INV0004893,20241231,STR0062,PRD00013,106,34,Adequate,11.8,2026-06-28,C1
INV0004894,20241231,STR0062,PRD00014,0,27,Reorder Required,0.0,2026-05-10,A1
INV0004895,20241231,STR0062,PRD00015,113,27,Adequate,8.7,2026-05-14,B1
INV0004896,20241231,STR0062,PRD00016,45,31,Adequate,4.5,2026-06-13,B1
INV0004897,20241231,STR0062,PRD00017,191,50,Adequate,63.7,2026-05-29,C2
INV0004898,20241231,STR0062,PRD00018,69,24,Adequate,17.2,2026-06-29,B2
INV0004899,20241231,STR0062,PRD00019,172,23,Adequate,17.2,2026-05-21,A1
INV0004900,20241231,STR0062,PRD00020,112,37,Adequate,7.5,2026-06-19,B1
INV0004901,20241231,STR0062,PRD00021,97,24,Adequate,9.7,2026-06-06,D1
INV0004902,20241231,STR0062,PRD00022,181,12,Adequate,12.9,2026-05-26,B1
INV0004903,20241231,STR0062,PRD00023,89,37,Adequate,17.8,2026-05-17,B1
INV0004904,20241231,STR0062,PRD00024,101,16,Adequate,10.1,2026-06-09,B2
INV0004905,20241231,STR0062,PRD00025,142,36,Adequate,12.9,2026-06-01,C1
INV0004906,20241231,STR0062,PRD00026,134,15,Adequate,14.9,2026-06-25,D1
INV0004907,20241231,STR0062,PRD00027,140,46,Adequate,17.5,2026-05-23,A2
INV0004908,20241231,STR0062,PRD00028,39,18,Adequate,3.5,2026-06-17,B1
INV0004909,20241231,STR0062,PRD00029,160,10,Adequate,80.0,2026-06-03,C2
INV0004910,20241231,STR0062,PRD00030,121,12,Adequate,13.4,2026-06-28,B1
INV0004911,20241231,STR0062,PRD00031,116,44,Adequate,29.0,2026-05-19,A1
INV0004912,20241231,STR0062,PRD00032,57,31,Adequate,14.2,2026-06-05,C2
INV0004913,20241231,STR0062,PRD00033,115,33,Adequate,115.0,2026-07-01,A2
INV0004914,20241231,STR0062,PRD00034,50,33,Adequate,7.1,2026-06-08,B2
INV0004915,20241231,STR0062,PRD00035,136,23,Adequate,12.4,2026-05-11,A2
INV0004916,20241231,STR0062,PRD00036,100,40,Adequate,6.7,2026-06-28,C2
INV0004917,20241231,STR0062,PRD00037,15,23,Reorder Required,2.1,2026-05-10,D1
INV0004918,20241231,STR0062,PRD00038,16,27,Reorder Required,1.1,2026-05-25,A1
INV0004919,20241231,STR0062,PRD00039,99,38,Adequate,6.6,2026-06-08,A1
INV0004920,20241231,STR0062,PRD00040,168,44,Adequate,12.0,2026-06-18,A1
INV0004921,20241231,STR0062,PRD00041,1,33,Reorder Required,0.2,2026-05-29,B2
INV0004922,20241231,STR0062,PRD00042,65,14,Adequate,65.0,2026-06-19,B1
INV0004923,20241231,STR0062,PRD00043,146,21,Adequate,29.2,2026-06-03,D1
INV0004924,20241231,STR0062,PRD00044,138,19,Adequate,69.0,2026-05-20,B1
INV0004925,20241231,STR0062,PRD00045,145,11,Adequate,13.2,2026-05-21,A1
INV0004926,20241231,STR0062,PRD00046,32,40,Reorder Required,2.3,2026-06-24,C2
INV0004927,20241231,STR0062,PRD00047,99,14,Adequate,33.0,2026-05-26,C1
INV0004928,20241231,STR0062,PRD00048,172,31,Adequate,15.6,2026-06-21,A1
INV0004929,20241231,STR0062,PRD00049,46,41,Adequate,23.0,2026-05-28,C2
INV0004930,20241231,STR0062,PRD00050,177,39,Adequate,14.8,2026-05-29,B2
INV0004931,20241231,STR0062,PRD00051,196,26,Adequate,19.6,2026-05-23,D1
INV0004932,20241231,STR0062,PRD00052,40,13,Adequate,6.7,2026-06-21,C1
INV0004933,20241231,STR0062,PRD00053,5,20,Reorder Required,0.7,2026-05-25,B2
INV0004934,20241231,STR0062,PRD00054,30,19,Adequate,3.8,2026-07-05,A2
INV0004935,20241231,STR0062,PRD00055,3,38,Reorder Required,0.2,2026-05-13,C1
INV0004936,20241231,STR0062,PRD00056,87,30,Adequate,6.2,2026-05-26,A1
INV0004937,20241231,STR0062,PRD00057,56,44,Adequate,4.0,2026-06-08,C2
INV0004938,20241231,STR0062,PRD00058,102,19,Adequate,20.4,2026-06-05,A1
INV0004939,20241231,STR0062,PRD00059,63,44,Adequate,10.5,2026-05-09,B2
INV0004940,20241231,STR0062,PRD00060,42,28,Adequate,3.2,2026-05-27,A1
INV0004941,20241231,STR0062,PRD00061,123,38,Adequate,8.2,2026-06-05,B2
INV0004942,20241231,STR0062,PRD00062,62,18,Adequate,4.4,2026-06-17,A2
INV0004943,20241231,STR0062,PRD00063,68,24,Adequate,11.3,2026-05-24,C2
INV0004944,20241231,STR0062,PRD00064,119,22,Adequate,9.9,2026-06-01,A2
INV0004945,20241231,STR0062,PRD00065,97,22,Adequate,19.4,2026-06-12,A1
INV0004946,20241231,STR0062,PRD00066,198,15,Adequate,22.0,2026-07-05,B2
INV0004947,20241231,STR0062,PRD00067,190,42,Adequate,19.0,2026-06-30,C2
INV0004948,20241231,STR0062,PRD00068,159,37,Adequate,14.5,2026-07-01,A2
INV0004949,20241231,STR0062,PRD00069,111,29,Adequate,8.5,2026-05-17,D1
INV0004950,20241231,STR0062,PRD00070,156,38,Adequate,22.3,2026-06-01,A2
INV0004951,20241231,STR0062,PRD00071,147,37,Adequate,13.4,2026-05-12,C2
INV0004952,20241231,STR0062,PRD00072,73,15,Adequate,12.2,2026-06-09,B2
INV0004953,20241231,STR0062,PRD00073,136,31,Adequate,136.0,2026-06-14,C1
INV0004954,20241231,STR0062,PRD00074,43,10,Adequate,14.3,2026-06-27,A1
INV0004955,20241231,STR0062,PRD00075,8,39,Reorder Required,2.0,2026-05-21,B1
INV0004956,20241231,STR0062,PRD00076,101,34,Adequate,7.2,2026-06-22,C1
INV0004957,20241231,STR0062,PRD00077,195,47,Adequate,21.7,2026-05-18,B1
INV0004958,20241231,STR0062,PRD00078,146,10,Adequate,10.4,2026-06-14,A2
INV0004959,20241231,STR0062,PRD00079,13,28,Reorder Required,3.2,2026-05-09,C2
INV0004960,20241231,STR0062,PRD00080,132,11,Adequate,16.5,2026-07-02,D1
INV0004961,20241231,STR0063,PRD00001,166,50,Adequate,11.9,2026-06-19,A1
INV0004962,20241231,STR0063,PRD00002,152,17,Adequate,10.9,2026-05-15,C1
INV0004963,20241231,STR0063,PRD00003,144,44,Adequate,28.8,2026-05-26,C1
INV0004964,20241231,STR0063,PRD00004,13,27,Reorder Required,1.2,2026-07-06,B2
INV0004965,20241231,STR0063,PRD00005,89,40,Adequate,7.4,2026-07-06,B1
INV0004966,20241231,STR0063,PRD00006,171,33,Adequate,17.1,2026-06-03,A1
INV0004967,20241231,STR0063,PRD00007,120,39,Adequate,8.6,2026-06-27,A2
INV0004968,20241231,STR0063,PRD00008,165,20,Adequate,18.3,2026-06-01,A1
INV0004969,20241231,STR0063,PRD00009,195,38,Adequate,24.4,2026-06-04,B2
INV0004970,20241231,STR0063,PRD00010,63,30,Adequate,15.8,2026-05-29,A1
INV0004971,20241231,STR0063,PRD00011,180,36,Adequate,13.8,2026-05-09,C2
INV0004972,20241231,STR0063,PRD00012,0,13,Reorder Required,0.0,2026-06-20,A2
INV0004973,20241231,STR0063,PRD00013,92,34,Adequate,8.4,2026-06-06,C2
INV0004974,20241231,STR0063,PRD00014,170,27,Adequate,15.5,2026-06-10,D1
INV0004975,20241231,STR0063,PRD00015,133,27,Adequate,19.0,2026-05-27,D1
INV0004976,20241231,STR0063,PRD00016,171,31,Adequate,12.2,2026-07-04,B2
INV0004977,20241231,STR0063,PRD00017,180,50,Adequate,15.0,2026-06-28,B2
INV0004978,20241231,STR0063,PRD00018,36,24,Adequate,5.1,2026-06-29,B2
INV0004979,20241231,STR0063,PRD00019,186,23,Adequate,15.5,2026-05-08,A2
INV0004980,20241231,STR0063,PRD00020,131,37,Adequate,16.4,2026-05-09,C1
INV0004981,20241231,STR0063,PRD00021,126,24,Adequate,63.0,2026-07-03,B2
INV0004982,20241231,STR0063,PRD00022,89,12,Adequate,6.4,2026-06-29,A2
INV0004983,20241231,STR0063,PRD00023,28,37,Reorder Required,1.9,2026-07-01,A2
INV0004984,20241231,STR0063,PRD00024,40,16,Adequate,4.0,2026-07-05,C1
INV0004985,20241231,STR0063,PRD00025,76,36,Adequate,8.4,2026-06-07,B1
INV0004986,20241231,STR0063,PRD00026,176,15,Adequate,14.7,2026-05-29,C1
INV0004987,20241231,STR0063,PRD00027,184,46,Adequate,184.0,2026-05-10,C1
INV0004988,20241231,STR0063,PRD00028,21,18,Adequate,1.8,2026-05-27,D1
INV0004989,20241231,STR0063,PRD00029,124,10,Adequate,124.0,2026-05-08,C1
INV0004990,20241231,STR0063,PRD00030,199,12,Adequate,99.5,2026-05-27,B2
INV0004991,20241231,STR0063,PRD00031,82,44,Adequate,11.7,2026-06-03,B1
INV0004992,20241231,STR0063,PRD00032,70,31,Adequate,23.3,2026-05-12,D1
INV0004993,20241231,STR0063,PRD00033,98,33,Adequate,24.5,2026-06-17,C2
INV0004994,20241231,STR0063,PRD00034,33,33,Reorder Required,2.8,2026-06-09,C2
INV0004995,20241231,STR0063,PRD00035,53,23,Adequate,4.1,2026-06-29,D1
INV0004996,20241231,STR0063,PRD00036,176,40,Adequate,22.0,2026-05-24,C2
INV0004997,20241231,STR0063,PRD00037,117,23,Adequate,58.5,2026-06-26,A2
INV0004998,20241231,STR0063,PRD00038,154,27,Adequate,14.0,2026-07-02,C1
INV0004999,20241231,STR0063,PRD00039,76,38,Adequate,6.9,2026-05-20,B2
INV0005000,20241231,STR0063,PRD00040,46,44,Adequate,4.2,2026-06-20,C2
INV0005001,20241231,STR0063,PRD00041,160,33,Adequate,11.4,2026-06-24,C1
INV0005002,20241231,STR0063,PRD00042,166,14,Adequate,13.8,2026-05-10,A1
INV0005003,20241231,STR0063,PRD00043,103,21,Adequate,11.4,2026-06-24,C1
INV0005004,20241231,STR0063,PRD00044,65,19,Adequate,6.5,2026-05-30,C1
INV0005005,20241231,STR0063,PRD00045,9,11,Reorder Required,1.0,2026-06-22,A2
INV0005006,20241231,STR0063,PRD00046,46,40,Adequate,5.8,2026-05-21,C2
INV0005007,20241231,STR0063,PRD00047,119,14,Adequate,59.5,2026-05-09,A1
INV0005008,20241231,STR0063,PRD00048,52,31,Adequate,52.0,2026-05-31,C2
INV0005009,20241231,STR0063,PRD00049,74,41,Adequate,6.7,2026-05-16,D1
INV0005010,20241231,STR0063,PRD00050,137,39,Adequate,9.1,2026-06-22,C2
INV0005011,20241231,STR0063,PRD00051,157,26,Adequate,52.3,2026-05-23,B1
INV0005012,20241231,STR0063,PRD00052,73,13,Adequate,8.1,2026-06-24,B2
INV0005013,20241231,STR0063,PRD00053,139,20,Adequate,15.4,2026-06-19,A2
INV0005014,20241231,STR0063,PRD00054,122,19,Adequate,20.3,2026-06-07,A1
INV0005015,20241231,STR0063,PRD00055,13,38,Reorder Required,1.4,2026-06-07,B2
INV0005016,20241231,STR0063,PRD00056,195,30,Adequate,27.9,2026-06-09,C1
INV0005017,20241231,STR0063,PRD00057,58,44,Adequate,14.5,2026-05-14,C2
INV0005018,20241231,STR0063,PRD00058,49,19,Adequate,5.4,2026-06-20,B1
INV0005019,20241231,STR0063,PRD00059,27,44,Reorder Required,2.7,2026-05-10,C2
INV0005020,20241231,STR0063,PRD00060,142,28,Adequate,10.1,2026-06-23,C2
INV0005021,20241231,STR0063,PRD00061,200,38,Adequate,40.0,2026-06-06,D1
INV0005022,20241231,STR0063,PRD00062,54,18,Adequate,7.7,2026-05-23,A1
INV0005023,20241231,STR0063,PRD00063,18,24,Reorder Required,2.2,2026-06-11,C2
INV0005024,20241231,STR0063,PRD00064,82,22,Adequate,6.3,2026-05-22,A2
INV0005025,20241231,STR0063,PRD00065,187,22,Adequate,18.7,2026-05-08,B2
INV0005026,20241231,STR0063,PRD00066,184,15,Adequate,184.0,2026-06-26,B2
INV0005027,20241231,STR0063,PRD00067,108,42,Adequate,7.2,2026-06-10,B2
INV0005028,20241231,STR0063,PRD00068,140,37,Adequate,15.6,2026-05-30,A1
INV0005029,20241231,STR0063,PRD00069,12,29,Reorder Required,1.3,2026-06-11,C2
INV0005030,20241231,STR0063,PRD00070,191,38,Adequate,13.6,2026-06-06,D1
INV0005031,20241231,STR0063,PRD00071,170,37,Adequate,15.5,2026-06-18,C1
INV0005032,20241231,STR0063,PRD00072,5,15,Reorder Required,2.5,2026-05-15,A1
INV0005033,20241231,STR0063,PRD00073,48,31,Adequate,3.4,2026-05-12,A2
INV0005034,20241231,STR0063,PRD00074,150,10,Adequate,25.0,2026-06-25,D1
INV0005035,20241231,STR0063,PRD00075,54,39,Adequate,54.0,2026-06-15,B2
INV0005036,20241231,STR0063,PRD00076,6,34,Reorder Required,0.5,2026-06-14,C1
INV0005037,20241231,STR0063,PRD00077,44,47,Reorder Required,44.0,2026-06-05,A2
INV0005038,20241231,STR0063,PRD00078,156,10,Adequate,15.6,2026-05-15,C1
INV0005039,20241231,STR0063,PRD00079,117,28,Adequate,9.0,2026-07-02,B1
INV0005040,20241231,STR0063,PRD00080,60,11,Adequate,30.0,2026-05-28,C1
INV0005041,20241231,STR0064,PRD00001,111,50,Adequate,13.9,2026-06-11,A2
INV0005042,20241231,STR0064,PRD00002,84,17,Adequate,8.4,2026-05-18,A2
INV0005043,20241231,STR0064,PRD00003,13,44,Reorder Required,1.3,2026-05-20,B1
INV0005044,20241231,STR0064,PRD00004,119,27,Adequate,17.0,2026-06-06,B2
INV0005045,20241231,STR0064,PRD00005,185,40,Adequate,92.5,2026-06-25,C1
INV0005046,20241231,STR0064,PRD00006,129,33,Adequate,32.2,2026-06-20,B1
INV0005047,20241231,STR0064,PRD00007,77,39,Adequate,12.8,2026-05-08,D1
INV0005048,20241231,STR0064,PRD00008,111,20,Adequate,18.5,2026-05-26,D1
INV0005049,20241231,STR0064,PRD00009,121,38,Adequate,9.3,2026-06-20,D1
INV0005050,20241231,STR0064,PRD00010,173,30,Adequate,12.4,2026-05-29,D1
INV0005051,20241231,STR0064,PRD00011,28,36,Reorder Required,5.6,2026-06-30,A2
INV0005052,20241231,STR0064,PRD00012,179,13,Adequate,17.9,2026-07-06,D1
INV0005053,20241231,STR0064,PRD00013,67,34,Adequate,22.3,2026-06-24,C1
INV0005054,20241231,STR0064,PRD00014,153,27,Adequate,11.8,2026-06-02,A1
INV0005055,20241231,STR0064,PRD00015,124,27,Adequate,15.5,2026-06-24,B2
INV0005056,20241231,STR0064,PRD00016,57,31,Adequate,14.2,2026-06-14,A2
INV0005057,20241231,STR0064,PRD00017,29,50,Reorder Required,4.1,2026-06-29,D1
INV0005058,20241231,STR0064,PRD00018,126,24,Adequate,12.6,2026-05-27,A2
INV0005059,20241231,STR0064,PRD00019,125,23,Adequate,25.0,2026-06-06,C1
INV0005060,20241231,STR0064,PRD00020,135,37,Adequate,9.6,2026-06-05,B2
INV0005061,20241231,STR0064,PRD00021,153,24,Adequate,30.6,2026-06-26,C2
INV0005062,20241231,STR0064,PRD00022,124,12,Adequate,41.3,2026-06-06,B2
INV0005063,20241231,STR0064,PRD00023,7,37,Reorder Required,7.0,2026-06-13,A1
INV0005064,20241231,STR0064,PRD00024,89,16,Adequate,6.8,2026-07-06,A1
INV0005065,20241231,STR0064,PRD00025,44,36,Adequate,4.4,2026-05-15,A1
INV0005066,20241231,STR0064,PRD00026,193,15,Adequate,38.6,2026-06-10,D1
INV0005067,20241231,STR0064,PRD00027,95,46,Adequate,31.7,2026-06-07,A1
INV0005068,20241231,STR0064,PRD00028,196,18,Adequate,39.2,2026-05-18,A2
INV0005069,20241231,STR0064,PRD00029,51,10,Adequate,6.4,2026-06-05,A2
INV0005070,20241231,STR0064,PRD00030,157,12,Adequate,52.3,2026-05-25,A1
INV0005071,20241231,STR0064,PRD00031,55,44,Adequate,13.8,2026-05-29,D1
INV0005072,20241231,STR0064,PRD00032,101,31,Adequate,14.4,2026-05-14,A2
INV0005073,20241231,STR0064,PRD00033,64,33,Adequate,4.9,2026-06-12,B2
INV0005074,20241231,STR0064,PRD00034,200,33,Adequate,15.4,2026-05-23,C1
INV0005075,20241231,STR0064,PRD00035,53,23,Adequate,3.8,2026-06-26,C2
INV0005076,20241231,STR0064,PRD00036,100,40,Adequate,7.7,2026-06-01,C1
INV0005077,20241231,STR0064,PRD00037,84,23,Adequate,14.0,2026-07-04,A1
INV0005078,20241231,STR0064,PRD00038,146,27,Adequate,18.2,2026-07-03,C1
INV0005079,20241231,STR0064,PRD00039,172,38,Adequate,19.1,2026-07-02,C2
INV0005080,20241231,STR0064,PRD00040,65,44,Adequate,5.0,2026-06-28,C1
INV0005081,20241231,STR0064,PRD00041,183,33,Adequate,22.9,2026-05-14,C1
INV0005082,20241231,STR0064,PRD00042,8,14,Reorder Required,0.8,2026-05-26,B1
INV0005083,20241231,STR0064,PRD00043,143,21,Adequate,17.9,2026-05-14,B1
INV0005084,20241231,STR0064,PRD00044,70,19,Adequate,10.0,2026-05-18,A2
INV0005085,20241231,STR0064,PRD00045,80,11,Adequate,6.2,2026-06-26,C1
INV0005086,20241231,STR0064,PRD00046,98,40,Adequate,12.2,2026-06-06,A2
INV0005087,20241231,STR0064,PRD00047,82,14,Adequate,9.1,2026-05-22,A2
INV0005088,20241231,STR0064,PRD00048,51,31,Adequate,3.4,2026-06-03,A1
INV0005089,20241231,STR0064,PRD00049,93,41,Adequate,6.2,2026-06-30,A1
INV0005090,20241231,STR0064,PRD00050,159,39,Adequate,10.6,2026-06-09,C2
INV0005091,20241231,STR0064,PRD00051,130,26,Adequate,43.3,2026-07-05,A2
INV0005092,20241231,STR0064,PRD00052,103,13,Adequate,51.5,2026-06-22,B1
INV0005093,20241231,STR0064,PRD00053,166,20,Adequate,23.7,2026-05-18,C2
INV0005094,20241231,STR0064,PRD00054,19,19,Reorder Required,1.3,2026-05-27,A2
INV0005095,20241231,STR0064,PRD00055,179,38,Adequate,19.9,2026-05-16,C1
INV0005096,20241231,STR0064,PRD00056,135,30,Adequate,33.8,2026-06-16,A1
INV0005097,20241231,STR0064,PRD00057,125,44,Adequate,125.0,2026-06-27,A1
INV0005098,20241231,STR0064,PRD00058,113,19,Adequate,11.3,2026-06-22,C1
INV0005099,20241231,STR0064,PRD00059,123,44,Adequate,24.6,2026-06-27,D1
INV0005100,20241231,STR0064,PRD00060,177,28,Adequate,59.0,2026-06-16,C2
INV0005101,20241231,STR0064,PRD00061,107,38,Adequate,8.2,2026-05-09,D1
INV0005102,20241231,STR0064,PRD00062,35,18,Adequate,8.8,2026-05-23,C2
INV0005103,20241231,STR0064,PRD00063,136,24,Adequate,27.2,2026-06-23,A1
INV0005104,20241231,STR0064,PRD00064,21,22,Reorder Required,1.6,2026-06-15,C2
INV0005105,20241231,STR0064,PRD00065,200,22,Adequate,16.7,2026-06-14,B2
INV0005106,20241231,STR0064,PRD00066,89,15,Adequate,14.8,2026-05-29,C1
INV0005107,20241231,STR0064,PRD00067,34,42,Reorder Required,11.3,2026-06-01,C1
INV0005108,20241231,STR0064,PRD00068,185,37,Adequate,14.2,2026-05-10,A1
INV0005109,20241231,STR0064,PRD00069,157,29,Adequate,31.4,2026-05-20,C1
INV0005110,20241231,STR0064,PRD00070,47,38,Adequate,5.2,2026-05-20,A1
INV0005111,20241231,STR0064,PRD00071,200,37,Adequate,15.4,2026-07-06,A1
INV0005112,20241231,STR0064,PRD00072,83,15,Adequate,41.5,2026-07-01,A1
INV0005113,20241231,STR0064,PRD00073,57,31,Adequate,28.5,2026-06-11,A2
INV0005114,20241231,STR0064,PRD00074,49,10,Adequate,9.8,2026-05-09,B2
INV0005115,20241231,STR0064,PRD00075,27,39,Reorder Required,13.5,2026-06-13,B1
INV0005116,20241231,STR0064,PRD00076,192,34,Adequate,17.5,2026-05-18,C2
INV0005117,20241231,STR0064,PRD00077,43,47,Reorder Required,7.2,2026-07-01,C2
INV0005118,20241231,STR0064,PRD00078,135,10,Adequate,33.8,2026-05-30,D1
INV0005119,20241231,STR0064,PRD00079,147,28,Adequate,147.0,2026-07-02,D1
INV0005120,20241231,STR0064,PRD00080,190,11,Adequate,19.0,2026-05-17,D1
INV0005121,20241231,STR0065,PRD00001,46,50,Reorder Required,23.0,2026-06-04,C1
INV0005122,20241231,STR0065,PRD00002,96,17,Adequate,9.6,2026-06-22,C1
INV0005123,20241231,STR0065,PRD00003,2,44,Reorder Required,0.2,2026-05-09,B2
INV0005124,20241231,STR0065,PRD00004,132,27,Adequate,8.8,2026-06-14,B1
INV0005125,20241231,STR0065,PRD00005,129,40,Adequate,10.8,2026-07-04,A1
INV0005126,20241231,STR0065,PRD00006,145,33,Adequate,145.0,2026-07-03,B1
INV0005127,20241231,STR0065,PRD00007,16,39,Reorder Required,1.3,2026-06-01,B1
INV0005128,20241231,STR0065,PRD00008,26,20,Adequate,2.9,2026-06-26,A1
INV0005129,20241231,STR0065,PRD00009,16,38,Reorder Required,1.8,2026-06-06,C2
INV0005130,20241231,STR0065,PRD00010,57,30,Adequate,5.2,2026-06-12,C1
INV0005131,20241231,STR0065,PRD00011,50,36,Adequate,16.7,2026-05-16,A2
INV0005132,20241231,STR0065,PRD00012,190,13,Adequate,190.0,2026-05-09,C1
INV0005133,20241231,STR0065,PRD00013,99,34,Adequate,8.2,2026-05-19,A2
INV0005134,20241231,STR0065,PRD00014,126,27,Adequate,18.0,2026-07-04,B2
INV0005135,20241231,STR0065,PRD00015,29,27,Adequate,2.6,2026-06-08,D1
INV0005136,20241231,STR0065,PRD00016,165,31,Adequate,15.0,2026-06-24,B2
INV0005137,20241231,STR0065,PRD00017,182,50,Adequate,18.2,2026-05-15,C1
INV0005138,20241231,STR0065,PRD00018,34,24,Adequate,2.6,2026-06-22,A2
INV0005139,20241231,STR0065,PRD00019,35,23,Adequate,2.3,2026-06-18,C2
INV0005140,20241231,STR0065,PRD00020,97,37,Adequate,6.5,2026-06-19,A1
INV0005141,20241231,STR0065,PRD00021,1,24,Reorder Required,0.1,2026-05-10,B1
INV0005142,20241231,STR0065,PRD00022,30,12,Adequate,7.5,2026-06-07,B2
INV0005143,20241231,STR0065,PRD00023,106,37,Adequate,7.1,2026-06-02,A1
INV0005144,20241231,STR0065,PRD00024,195,16,Adequate,48.8,2026-06-17,A1
INV0005145,20241231,STR0065,PRD00025,44,36,Adequate,8.8,2026-05-29,A1
INV0005146,20241231,STR0065,PRD00026,100,15,Adequate,8.3,2026-05-16,B2
INV0005147,20241231,STR0065,PRD00027,153,46,Adequate,19.1,2026-05-25,A2
INV0005148,20241231,STR0065,PRD00028,88,18,Adequate,12.6,2026-06-02,C2
INV0005149,20241231,STR0065,PRD00029,147,10,Adequate,24.5,2026-06-13,A2
INV0005150,20241231,STR0065,PRD00030,166,12,Adequate,83.0,2026-06-24,D1
INV0005151,20241231,STR0065,PRD00031,24,44,Reorder Required,3.4,2026-07-03,A1
INV0005152,20241231,STR0065,PRD00032,60,31,Adequate,15.0,2026-06-18,B1
INV0005153,20241231,STR0065,PRD00033,124,33,Adequate,8.3,2026-05-29,A2
INV0005154,20241231,STR0065,PRD00034,65,33,Adequate,32.5,2026-05-12,C2
INV0005155,20241231,STR0065,PRD00035,14,23,Reorder Required,2.8,2026-06-26,A1
INV0005156,20241231,STR0065,PRD00036,89,40,Adequate,9.9,2026-05-20,C1
INV0005157,20241231,STR0065,PRD00037,104,23,Adequate,7.4,2026-06-21,B1
INV0005158,20241231,STR0065,PRD00038,31,27,Adequate,7.8,2026-06-09,B2
INV0005159,20241231,STR0065,PRD00039,43,38,Adequate,2.9,2026-06-17,C1
INV0005160,20241231,STR0065,PRD00040,163,44,Adequate,81.5,2026-06-18,B2
INV0005161,20241231,STR0065,PRD00041,38,33,Adequate,4.2,2026-06-20,B1
INV0005162,20241231,STR0065,PRD00042,143,14,Adequate,14.3,2026-06-17,D1
INV0005163,20241231,STR0065,PRD00043,31,21,Adequate,3.1,2026-05-19,B1
INV0005164,20241231,STR0065,PRD00044,38,19,Adequate,4.2,2026-05-15,B2
INV0005165,20241231,STR0065,PRD00045,190,11,Adequate,95.0,2026-05-12,B2
INV0005166,20241231,STR0065,PRD00046,172,40,Adequate,21.5,2026-05-10,A2
INV0005167,20241231,STR0065,PRD00047,15,14,Adequate,2.5,2026-05-31,D1
INV0005168,20241231,STR0065,PRD00048,20,31,Reorder Required,3.3,2026-06-15,B1
INV0005169,20241231,STR0065,PRD00049,81,41,Adequate,40.5,2026-05-22,B2
INV0005170,20241231,STR0065,PRD00050,48,39,Adequate,9.6,2026-05-14,D1
INV0005171,20241231,STR0065,PRD00051,167,26,Adequate,83.5,2026-06-21,D1
INV0005172,20241231,STR0065,PRD00052,187,13,Adequate,14.4,2026-06-23,C1
INV0005173,20241231,STR0065,PRD00053,17,20,Reorder Required,8.5,2026-05-14,C2
INV0005174,20241231,STR0065,PRD00054,69,19,Adequate,4.9,2026-06-15,D1
INV0005175,20241231,STR0065,PRD00055,67,38,Adequate,4.8,2026-05-10,C1
INV0005176,20241231,STR0065,PRD00056,173,30,Adequate,14.4,2026-06-02,B2
INV0005177,20241231,STR0065,PRD00057,7,44,Reorder Required,0.5,2026-05-24,C2
INV0005178,20241231,STR0065,PRD00058,177,19,Adequate,35.4,2026-05-20,C2
INV0005179,20241231,STR0065,PRD00059,145,44,Adequate,29.0,2026-05-22,D1
INV0005180,20241231,STR0065,PRD00060,159,28,Adequate,39.8,2026-06-10,B1
INV0005181,20241231,STR0065,PRD00061,175,38,Adequate,19.4,2026-05-23,C1
INV0005182,20241231,STR0065,PRD00062,52,18,Adequate,26.0,2026-05-30,C1
INV0005183,20241231,STR0065,PRD00063,199,24,Adequate,99.5,2026-06-30,B1
INV0005184,20241231,STR0065,PRD00064,136,22,Adequate,68.0,2026-05-11,B1
INV0005185,20241231,STR0065,PRD00065,58,22,Adequate,29.0,2026-06-16,A1
INV0005186,20241231,STR0065,PRD00066,16,15,Adequate,1.6,2026-07-05,B1
INV0005187,20241231,STR0065,PRD00067,23,42,Reorder Required,3.3,2026-06-11,C1
INV0005188,20241231,STR0065,PRD00068,81,37,Adequate,6.2,2026-06-13,B2
INV0005189,20241231,STR0065,PRD00069,74,29,Adequate,9.2,2026-06-04,C2
INV0005190,20241231,STR0065,PRD00070,76,38,Adequate,6.9,2026-06-27,A2
INV0005191,20241231,STR0065,PRD00071,111,37,Adequate,18.5,2026-06-13,C1
INV0005192,20241231,STR0065,PRD00072,160,15,Adequate,53.3,2026-06-02,C1
INV0005193,20241231,STR0065,PRD00073,159,31,Adequate,10.6,2026-06-22,A2
INV0005194,20241231,STR0065,PRD00074,129,10,Adequate,32.2,2026-05-14,A1
INV0005195,20241231,STR0065,PRD00075,45,39,Adequate,3.8,2026-06-08,C1
INV0005196,20241231,STR0065,PRD00076,145,34,Adequate,20.7,2026-05-13,A1
INV0005197,20241231,STR0065,PRD00077,154,47,Adequate,10.3,2026-06-02,C2
INV0005198,20241231,STR0065,PRD00078,73,10,Adequate,18.2,2026-07-04,B1
INV0005199,20241231,STR0065,PRD00079,62,28,Adequate,5.6,2026-05-20,D1
INV0005200,20241231,STR0065,PRD00080,132,11,Adequate,44.0,2026-06-12,B1
INV0005201,20241231,STR0066,PRD00001,182,50,Adequate,182.0,2026-06-13,A1
INV0005202,20241231,STR0066,PRD00002,57,17,Adequate,9.5,2026-05-28,A2
INV0005203,20241231,STR0066,PRD00003,6,44,Reorder Required,2.0,2026-07-05,B2
INV0005204,20241231,STR0066,PRD00004,146,27,Adequate,24.3,2026-05-09,A1
INV0005205,20241231,STR0066,PRD00005,174,40,Adequate,12.4,2026-06-14,B1
INV0005206,20241231,STR0066,PRD00006,50,33,Adequate,7.1,2026-05-11,A1
INV0005207,20241231,STR0066,PRD00007,67,39,Adequate,5.6,2026-05-29,B1
INV0005208,20241231,STR0066,PRD00008,10,20,Reorder Required,1.2,2026-05-12,B1
INV0005209,20241231,STR0066,PRD00009,153,38,Adequate,76.5,2026-06-24,C2
INV0005210,20241231,STR0066,PRD00010,63,30,Adequate,63.0,2026-05-23,B1
INV0005211,20241231,STR0066,PRD00011,88,36,Adequate,6.8,2026-06-25,C2
INV0005212,20241231,STR0066,PRD00012,111,13,Adequate,10.1,2026-06-16,B1
INV0005213,20241231,STR0066,PRD00013,104,34,Adequate,8.0,2026-06-12,B1
INV0005214,20241231,STR0066,PRD00014,96,27,Adequate,8.0,2026-05-29,A2
INV0005215,20241231,STR0066,PRD00015,35,27,Adequate,17.5,2026-05-21,B1
INV0005216,20241231,STR0066,PRD00016,97,31,Adequate,9.7,2026-06-07,C1
INV0005217,20241231,STR0066,PRD00017,38,50,Reorder Required,12.7,2026-06-15,C1
INV0005218,20241231,STR0066,PRD00018,44,24,Adequate,5.5,2026-05-30,C2
INV0005219,20241231,STR0066,PRD00019,193,23,Adequate,38.6,2026-06-28,A2
INV0005220,20241231,STR0066,PRD00020,64,37,Adequate,4.3,2026-06-15,C2
INV0005221,20241231,STR0066,PRD00021,180,24,Adequate,12.9,2026-06-20,B2
INV0005222,20241231,STR0066,PRD00022,174,12,Adequate,21.8,2026-06-19,B1
INV0005223,20241231,STR0066,PRD00023,164,37,Adequate,164.0,2026-05-10,D1
INV0005224,20241231,STR0066,PRD00024,100,16,Adequate,8.3,2026-05-29,A2
INV0005225,20241231,STR0066,PRD00025,138,36,Adequate,12.5,2026-05-15,A2
INV0005226,20241231,STR0066,PRD00026,28,15,Adequate,2.8,2026-05-21,D1
INV0005227,20241231,STR0066,PRD00027,23,46,Reorder Required,11.5,2026-06-20,A1
INV0005228,20241231,STR0066,PRD00028,78,18,Adequate,13.0,2026-06-28,C1
INV0005229,20241231,STR0066,PRD00029,89,10,Adequate,12.7,2026-06-23,B1
INV0005230,20241231,STR0066,PRD00030,185,12,Adequate,12.3,2026-06-14,B2
INV0005231,20241231,STR0066,PRD00031,130,44,Adequate,16.2,2026-05-25,A2
INV0005232,20241231,STR0066,PRD00032,124,31,Adequate,13.8,2026-06-06,D1
INV0005233,20241231,STR0066,PRD00033,156,33,Adequate,10.4,2026-06-10,A1
INV0005234,20241231,STR0066,PRD00034,106,33,Adequate,7.6,2026-06-10,B1
INV0005235,20241231,STR0066,PRD00035,48,23,Adequate,3.4,2026-05-26,B1
INV0005236,20241231,STR0066,PRD00036,87,40,Adequate,9.7,2026-06-11,C1
INV0005237,20241231,STR0066,PRD00037,25,23,Adequate,2.8,2026-05-22,D1
INV0005238,20241231,STR0066,PRD00038,145,27,Adequate,10.4,2026-06-03,D1
INV0005239,20241231,STR0066,PRD00039,15,38,Reorder Required,1.9,2026-05-21,A1
INV0005240,20241231,STR0066,PRD00040,139,44,Adequate,11.6,2026-07-06,A2
INV0005241,20241231,STR0066,PRD00041,152,33,Adequate,21.7,2026-07-05,C2
INV0005242,20241231,STR0066,PRD00042,147,14,Adequate,73.5,2026-07-05,C2
INV0005243,20241231,STR0066,PRD00043,129,21,Adequate,9.9,2026-06-28,C1
INV0005244,20241231,STR0066,PRD00044,176,19,Adequate,14.7,2026-06-22,A1
INV0005245,20241231,STR0066,PRD00045,46,11,Adequate,4.6,2026-06-02,B2
INV0005246,20241231,STR0066,PRD00046,75,40,Adequate,6.8,2026-06-02,A1
INV0005247,20241231,STR0066,PRD00047,37,14,Adequate,3.4,2026-05-20,C2
INV0005248,20241231,STR0066,PRD00048,176,31,Adequate,25.1,2026-05-12,B1
INV0005249,20241231,STR0066,PRD00049,99,41,Adequate,9.9,2026-05-16,B1
INV0005250,20241231,STR0066,PRD00050,96,39,Adequate,96.0,2026-06-15,B2
INV0005251,20241231,STR0066,PRD00051,35,26,Adequate,35.0,2026-05-23,A1
INV0005252,20241231,STR0066,PRD00052,156,13,Adequate,15.6,2026-05-21,C1
INV0005253,20241231,STR0066,PRD00053,106,20,Adequate,15.1,2026-05-08,C1
INV0005254,20241231,STR0066,PRD00054,89,19,Adequate,6.8,2026-06-12,C2
INV0005255,20241231,STR0066,PRD00055,14,38,Reorder Required,4.7,2026-06-23,B1
INV0005256,20241231,STR0066,PRD00056,175,30,Adequate,35.0,2026-06-02,D1
INV0005257,20241231,STR0066,PRD00057,161,44,Adequate,40.2,2026-06-06,C1
INV0005258,20241231,STR0066,PRD00058,110,19,Adequate,11.0,2026-07-01,A2
INV0005259,20241231,STR0066,PRD00059,199,44,Adequate,22.1,2026-06-28,A2
INV0005260,20241231,STR0066,PRD00060,37,28,Adequate,2.8,2026-06-26,A2
INV0005261,20241231,STR0066,PRD00061,181,38,Adequate,13.9,2026-05-17,B1
INV0005262,20241231,STR0066,PRD00062,170,18,Adequate,85.0,2026-05-14,C1
INV0005263,20241231,STR0066,PRD00063,37,24,Adequate,6.2,2026-06-18,A2
INV0005264,20241231,STR0066,PRD00064,38,22,Adequate,2.5,2026-05-14,C2
INV0005265,20241231,STR0066,PRD00065,133,22,Adequate,19.0,2026-05-22,C1
INV0005266,20241231,STR0066,PRD00066,197,15,Adequate,17.9,2026-06-28,A1
INV0005267,20241231,STR0066,PRD00067,150,42,Adequate,150.0,2026-06-09,B1
INV0005268,20241231,STR0066,PRD00068,103,37,Adequate,103.0,2026-06-22,A1
INV0005269,20241231,STR0066,PRD00069,196,29,Adequate,16.3,2026-06-20,A1
INV0005270,20241231,STR0066,PRD00070,73,38,Adequate,6.6,2026-07-01,A1
INV0005271,20241231,STR0066,PRD00071,113,37,Adequate,16.1,2026-06-25,D1
INV0005272,20241231,STR0066,PRD00072,174,15,Adequate,19.3,2026-06-18,C1
INV0005273,20241231,STR0066,PRD00073,134,31,Adequate,33.5,2026-05-09,B1
INV0005274,20241231,STR0066,PRD00074,41,10,Adequate,3.4,2026-06-11,C2
INV0005275,20241231,STR0066,PRD00075,76,39,Adequate,6.9,2026-05-17,C1
INV0005276,20241231,STR0066,PRD00076,145,34,Adequate,12.1,2026-06-02,C1
INV0005277,20241231,STR0066,PRD00077,89,47,Adequate,5.9,2026-05-12,C1
INV0005278,20241231,STR0066,PRD00078,152,10,Adequate,15.2,2026-06-21,C2
INV0005279,20241231,STR0066,PRD00079,149,28,Adequate,21.3,2026-05-30,A2
INV0005280,20241231,STR0066,PRD00080,165,11,Adequate,33.0,2026-06-23,B2
INV0005281,20241231,STR0067,PRD00001,174,50,Adequate,13.4,2026-06-01,B2
INV0005282,20241231,STR0067,PRD00002,147,17,Adequate,14.7,2026-06-06,B1
INV0005283,20241231,STR0067,PRD00003,150,44,Adequate,37.5,2026-06-08,C1
INV0005284,20241231,STR0067,PRD00004,131,27,Adequate,10.1,2026-05-11,B2
INV0005285,20241231,STR0067,PRD00005,18,40,Reorder Required,1.8,2026-05-20,A2
INV0005286,20241231,STR0067,PRD00006,115,33,Adequate,38.3,2026-06-09,C2
INV0005287,20241231,STR0067,PRD00007,123,39,Adequate,9.5,2026-05-22,C1
INV0005288,20241231,STR0067,PRD00008,138,20,Adequate,17.2,2026-05-23,A2
INV0005289,20241231,STR0067,PRD00009,172,38,Adequate,14.3,2026-06-17,A2
INV0005290,20241231,STR0067,PRD00010,73,30,Adequate,7.3,2026-05-20,A2
INV0005291,20241231,STR0067,PRD00011,87,36,Adequate,6.7,2026-06-23,A1
INV0005292,20241231,STR0067,PRD00012,33,13,Adequate,16.5,2026-06-04,A2
INV0005293,20241231,STR0067,PRD00013,48,34,Adequate,4.0,2026-06-11,C2
INV0005294,20241231,STR0067,PRD00014,134,27,Adequate,134.0,2026-06-05,B1
INV0005295,20241231,STR0067,PRD00015,186,27,Adequate,18.6,2026-06-18,B1
INV0005296,20241231,STR0067,PRD00016,75,31,Adequate,5.8,2026-06-25,C1
INV0005297,20241231,STR0067,PRD00017,50,50,Reorder Required,7.1,2026-05-09,B2
INV0005298,20241231,STR0067,PRD00018,83,24,Adequate,16.6,2026-06-01,B1
INV0005299,20241231,STR0067,PRD00019,83,23,Adequate,9.2,2026-05-13,B1
INV0005300,20241231,STR0067,PRD00020,2,37,Reorder Required,0.4,2026-06-02,A2
INV0005301,20241231,STR0067,PRD00021,77,24,Adequate,7.0,2026-06-01,A1
INV0005302,20241231,STR0067,PRD00022,82,12,Adequate,9.1,2026-06-17,A1
INV0005303,20241231,STR0067,PRD00023,159,37,Adequate,17.7,2026-06-05,C2
INV0005304,20241231,STR0067,PRD00024,180,16,Adequate,12.0,2026-06-01,B1
INV0005305,20241231,STR0067,PRD00025,163,36,Adequate,10.9,2026-07-05,B1
INV0005306,20241231,STR0067,PRD00026,180,15,Adequate,45.0,2026-05-10,D1
INV0005307,20241231,STR0067,PRD00027,170,46,Adequate,28.3,2026-06-25,A2
INV0005308,20241231,STR0067,PRD00028,74,18,Adequate,8.2,2026-06-25,D1
INV0005309,20241231,STR0067,PRD00029,193,10,Adequate,32.2,2026-06-18,B1
INV0005310,20241231,STR0067,PRD00030,184,12,Adequate,23.0,2026-07-02,C2
INV0005311,20241231,STR0067,PRD00031,5,44,Reorder Required,2.5,2026-07-02,C2
INV0005312,20241231,STR0067,PRD00032,150,31,Adequate,50.0,2026-06-21,C2
INV0005313,20241231,STR0067,PRD00033,158,33,Adequate,15.8,2026-07-01,B2
INV0005314,20241231,STR0067,PRD00034,71,33,Adequate,35.5,2026-07-02,C1
INV0005315,20241231,STR0067,PRD00035,78,23,Adequate,11.1,2026-06-30,B2
INV0005316,20241231,STR0067,PRD00036,172,40,Adequate,12.3,2026-06-28,B1
INV0005317,20241231,STR0067,PRD00037,102,23,Adequate,17.0,2026-06-16,B2
INV0005318,20241231,STR0067,PRD00038,23,27,Reorder Required,1.8,2026-06-12,C1
INV0005319,20241231,STR0067,PRD00039,50,38,Adequate,3.3,2026-07-01,A1
INV0005320,20241231,STR0067,PRD00040,85,44,Adequate,12.1,2026-05-10,B1
INV0005321,20241231,STR0067,PRD00041,130,33,Adequate,65.0,2026-05-29,A1
INV0005322,20241231,STR0067,PRD00042,167,14,Adequate,27.8,2026-05-20,C2
INV0005323,20241231,STR0067,PRD00043,31,21,Adequate,31.0,2026-05-12,A2
INV0005324,20241231,STR0067,PRD00044,146,19,Adequate,36.5,2026-05-30,D1
INV0005325,20241231,STR0067,PRD00045,195,11,Adequate,27.9,2026-06-29,D1
INV0005326,20241231,STR0067,PRD00046,169,40,Adequate,42.2,2026-06-15,A2
INV0005327,20241231,STR0067,PRD00047,40,14,Adequate,13.3,2026-06-07,B2
INV0005328,20241231,STR0067,PRD00048,87,31,Adequate,21.8,2026-05-12,B1
INV0005329,20241231,STR0067,PRD00049,189,41,Adequate,12.6,2026-05-25,B1
INV0005330,20241231,STR0067,PRD00050,140,39,Adequate,46.7,2026-06-10,A1
INV0005331,20241231,STR0067,PRD00051,130,26,Adequate,65.0,2026-06-30,A2
INV0005332,20241231,STR0067,PRD00052,130,13,Adequate,26.0,2026-06-16,D1
INV0005333,20241231,STR0067,PRD00053,136,20,Adequate,34.0,2026-06-28,C2
INV0005334,20241231,STR0067,PRD00054,176,19,Adequate,22.0,2026-05-31,B1
INV0005335,20241231,STR0067,PRD00055,34,38,Reorder Required,5.7,2026-06-15,B2
INV0005336,20241231,STR0067,PRD00056,108,30,Adequate,21.6,2026-05-22,C2
INV0005337,20241231,STR0067,PRD00057,152,44,Adequate,30.4,2026-05-26,B2
INV0005338,20241231,STR0067,PRD00058,169,19,Adequate,13.0,2026-05-27,B1
INV0005339,20241231,STR0067,PRD00059,85,44,Adequate,5.7,2026-05-22,A2
INV0005340,20241231,STR0067,PRD00060,68,28,Adequate,22.7,2026-05-18,A1
INV0005341,20241231,STR0067,PRD00061,48,38,Adequate,3.4,2026-06-02,A1
INV0005342,20241231,STR0067,PRD00062,112,18,Adequate,10.2,2026-05-27,B1
INV0005343,20241231,STR0067,PRD00063,54,24,Adequate,4.5,2026-06-16,C2
INV0005344,20241231,STR0067,PRD00064,46,22,Adequate,3.3,2026-05-08,A1
INV0005345,20241231,STR0067,PRD00065,0,22,Reorder Required,0.0,2026-05-18,A1
INV0005346,20241231,STR0067,PRD00066,58,15,Adequate,6.4,2026-05-27,A1
INV0005347,20241231,STR0067,PRD00067,1,42,Reorder Required,0.3,2026-06-24,B1
INV0005348,20241231,STR0067,PRD00068,79,37,Adequate,19.8,2026-06-09,A2
INV0005349,20241231,STR0067,PRD00069,86,29,Adequate,8.6,2026-05-24,B1
INV0005350,20241231,STR0067,PRD00070,46,38,Adequate,11.5,2026-07-04,B1
INV0005351,20241231,STR0067,PRD00071,25,37,Reorder Required,2.8,2026-05-17,A2
INV0005352,20241231,STR0067,PRD00072,138,15,Adequate,13.8,2026-05-08,B1
INV0005353,20241231,STR0067,PRD00073,75,31,Adequate,6.8,2026-07-04,A1
INV0005354,20241231,STR0067,PRD00074,62,10,Adequate,5.6,2026-05-23,A2
INV0005355,20241231,STR0067,PRD00075,77,39,Adequate,12.8,2026-06-10,C2
INV0005356,20241231,STR0067,PRD00076,48,34,Adequate,6.9,2026-06-06,A2
INV0005357,20241231,STR0067,PRD00077,9,47,Reorder Required,1.3,2026-05-13,D1
INV0005358,20241231,STR0067,PRD00078,106,10,Adequate,26.5,2026-07-01,B1
INV0005359,20241231,STR0067,PRD00079,11,28,Reorder Required,0.8,2026-06-29,B2
INV0005360,20241231,STR0067,PRD00080,153,11,Adequate,30.6,2026-05-19,C2
INV0005361,20241231,STR0068,PRD00001,142,50,Adequate,12.9,2026-06-09,D1
INV0005362,20241231,STR0068,PRD00002,140,17,Adequate,28.0,2026-06-28,A2
INV0005363,20241231,STR0068,PRD00003,40,44,Reorder Required,2.7,2026-06-28,C2
INV0005364,20241231,STR0068,PRD00004,191,27,Adequate,95.5,2026-07-05,C1
INV0005365,20241231,STR0068,PRD00005,70,40,Adequate,10.0,2026-06-07,C2
INV0005366,20241231,STR0068,PRD00006,14,33,Reorder Required,1.6,2026-05-09,B2
INV0005367,20241231,STR0068,PRD00007,23,39,Reorder Required,4.6,2026-05-13,C1
INV0005368,20241231,STR0068,PRD00008,167,20,Adequate,41.8,2026-07-02,A1
INV0005369,20241231,STR0068,PRD00009,22,38,Reorder Required,1.6,2026-06-25,C1
INV0005370,20241231,STR0068,PRD00010,146,30,Adequate,14.6,2026-07-02,B2
INV0005371,20241231,STR0068,PRD00011,107,36,Adequate,7.6,2026-05-09,D1
INV0005372,20241231,STR0068,PRD00012,188,13,Adequate,26.9,2026-06-07,A1
INV0005373,20241231,STR0068,PRD00013,35,34,Adequate,8.8,2026-06-14,C1
INV0005374,20241231,STR0068,PRD00014,0,27,Reorder Required,0.0,2026-05-30,B2
INV0005375,20241231,STR0068,PRD00015,141,27,Adequate,141.0,2026-06-12,B2
INV0005376,20241231,STR0068,PRD00016,140,31,Adequate,70.0,2026-06-19,B1
INV0005377,20241231,STR0068,PRD00017,48,50,Reorder Required,3.7,2026-06-19,D1
INV0005378,20241231,STR0068,PRD00018,129,24,Adequate,25.8,2026-05-27,D1
INV0005379,20241231,STR0068,PRD00019,73,23,Adequate,12.2,2026-05-09,A2
INV0005380,20241231,STR0068,PRD00020,50,37,Adequate,10.0,2026-06-16,D1
INV0005381,20241231,STR0068,PRD00021,192,24,Adequate,12.8,2026-05-14,C2
INV0005382,20241231,STR0068,PRD00022,111,12,Adequate,13.9,2026-05-21,C1
INV0005383,20241231,STR0068,PRD00023,182,37,Adequate,14.0,2026-06-19,C2
INV0005384,20241231,STR0068,PRD00024,137,16,Adequate,22.8,2026-05-09,A2
INV0005385,20241231,STR0068,PRD00025,92,36,Adequate,92.0,2026-05-10,B2
INV0005386,20241231,STR0068,PRD00026,31,15,Adequate,7.8,2026-05-21,C1
INV0005387,20241231,STR0068,PRD00027,11,46,Reorder Required,1.8,2026-07-01,A1
INV0005388,20241231,STR0068,PRD00028,42,18,Adequate,42.0,2026-06-12,C2
INV0005389,20241231,STR0068,PRD00029,1,10,Reorder Required,0.1,2026-05-12,B1
INV0005390,20241231,STR0068,PRD00030,44,12,Adequate,7.3,2026-07-01,A2
INV0005391,20241231,STR0068,PRD00031,64,44,Adequate,5.3,2026-06-05,B1
INV0005392,20241231,STR0068,PRD00032,127,31,Adequate,12.7,2026-06-30,C1
INV0005393,20241231,STR0068,PRD00033,94,33,Adequate,31.3,2026-06-15,B2
INV0005394,20241231,STR0068,PRD00034,81,33,Adequate,6.2,2026-06-09,C1
INV0005395,20241231,STR0068,PRD00035,107,23,Adequate,13.4,2026-05-12,D1
INV0005396,20241231,STR0068,PRD00036,29,40,Reorder Required,14.5,2026-07-02,D1
INV0005397,20241231,STR0068,PRD00037,40,23,Adequate,13.3,2026-05-29,A2
INV0005398,20241231,STR0068,PRD00038,193,27,Adequate,16.1,2026-06-01,B2
INV0005399,20241231,STR0068,PRD00039,5,38,Reorder Required,1.0,2026-06-10,C1
INV0005400,20241231,STR0068,PRD00040,162,44,Adequate,23.1,2026-05-22,B2
INV0005401,20241231,STR0068,PRD00041,27,33,Reorder Required,3.0,2026-05-12,B2
INV0005402,20241231,STR0068,PRD00042,45,14,Adequate,15.0,2026-06-08,C2
INV0005403,20241231,STR0068,PRD00043,193,21,Adequate,16.1,2026-06-10,B2
INV0005404,20241231,STR0068,PRD00044,174,19,Adequate,29.0,2026-06-24,A2
INV0005405,20241231,STR0068,PRD00045,132,11,Adequate,33.0,2026-05-28,A2
INV0005406,20241231,STR0068,PRD00046,91,40,Adequate,45.5,2026-05-19,C2
INV0005407,20241231,STR0068,PRD00047,102,14,Adequate,7.3,2026-07-05,D1
INV0005408,20241231,STR0068,PRD00048,23,31,Reorder Required,3.3,2026-06-19,A1
INV0005409,20241231,STR0068,PRD00049,108,41,Adequate,7.7,2026-06-05,C2
INV0005410,20241231,STR0068,PRD00050,111,39,Adequate,8.5,2026-06-24,A1
INV0005411,20241231,STR0068,PRD00051,96,26,Adequate,6.4,2026-06-25,D1
INV0005412,20241231,STR0068,PRD00052,0,13,Reorder Required,0.0,2026-06-01,C2
INV0005413,20241231,STR0068,PRD00053,10,20,Reorder Required,0.7,2026-05-16,A2
INV0005414,20241231,STR0068,PRD00054,128,19,Adequate,64.0,2026-05-10,C1
INV0005415,20241231,STR0068,PRD00055,7,38,Reorder Required,0.7,2026-06-15,B1
INV0005416,20241231,STR0068,PRD00056,144,30,Adequate,13.1,2026-06-25,B2
INV0005417,20241231,STR0068,PRD00057,42,44,Reorder Required,21.0,2026-05-08,C1
INV0005418,20241231,STR0068,PRD00058,102,19,Adequate,25.5,2026-06-09,A1
INV0005419,20241231,STR0068,PRD00059,11,44,Reorder Required,1.0,2026-05-23,B1
INV0005420,20241231,STR0068,PRD00060,16,28,Reorder Required,1.3,2026-06-07,C2
INV0005421,20241231,STR0068,PRD00061,88,38,Adequate,7.3,2026-05-15,A2
INV0005422,20241231,STR0068,PRD00062,139,18,Adequate,10.7,2026-05-22,C1
INV0005423,20241231,STR0068,PRD00063,90,24,Adequate,8.2,2026-06-17,D1
INV0005424,20241231,STR0068,PRD00064,17,22,Reorder Required,1.7,2026-05-22,C2
INV0005425,20241231,STR0068,PRD00065,41,22,Adequate,3.2,2026-05-25,A1
INV0005426,20241231,STR0068,PRD00066,139,15,Adequate,12.6,2026-05-15,D1
INV0005427,20241231,STR0068,PRD00067,56,42,Adequate,8.0,2026-06-24,C1
INV0005428,20241231,STR0068,PRD00068,175,37,Adequate,175.0,2026-06-09,A2
INV0005429,20241231,STR0068,PRD00069,30,29,Adequate,2.3,2026-05-22,C2
INV0005430,20241231,STR0068,PRD00070,187,38,Adequate,62.3,2026-05-27,A1
INV0005431,20241231,STR0068,PRD00071,54,37,Adequate,4.9,2026-06-07,D1
INV0005432,20241231,STR0068,PRD00072,138,15,Adequate,34.5,2026-06-22,A2
INV0005433,20241231,STR0068,PRD00073,117,31,Adequate,16.7,2026-05-24,A2
INV0005434,20241231,STR0068,PRD00074,131,10,Adequate,9.4,2026-05-28,B1
INV0005435,20241231,STR0068,PRD00075,33,39,Reorder Required,2.2,2026-05-08,B2
INV0005436,20241231,STR0068,PRD00076,162,34,Adequate,23.1,2026-05-15,B2
INV0005437,20241231,STR0068,PRD00077,47,47,Reorder Required,11.8,2026-07-04,A2
INV0005438,20241231,STR0068,PRD00078,57,10,Adequate,4.1,2026-06-08,D1
INV0005439,20241231,STR0068,PRD00079,21,28,Reorder Required,21.0,2026-06-25,A1
INV0005440,20241231,STR0068,PRD00080,143,11,Adequate,71.5,2026-05-28,B2
INV0005441,20241231,STR0069,PRD00001,32,50,Reorder Required,2.9,2026-05-22,D1
INV0005442,20241231,STR0069,PRD00002,0,17,Reorder Required,0.0,2026-06-02,B2
INV0005443,20241231,STR0069,PRD00003,83,44,Adequate,11.9,2026-06-25,B1
INV0005444,20241231,STR0069,PRD00004,161,27,Adequate,10.7,2026-06-21,A1
INV0005445,20241231,STR0069,PRD00005,169,40,Adequate,18.8,2026-06-27,A1
INV0005446,20241231,STR0069,PRD00006,82,33,Adequate,9.1,2026-07-05,B1
INV0005447,20241231,STR0069,PRD00007,146,39,Adequate,73.0,2026-06-07,C1
INV0005448,20241231,STR0069,PRD00008,200,20,Adequate,40.0,2026-06-04,C1
INV0005449,20241231,STR0069,PRD00009,65,38,Adequate,5.9,2026-07-02,A1
INV0005450,20241231,STR0069,PRD00010,173,30,Adequate,19.2,2026-05-27,A1
INV0005451,20241231,STR0069,PRD00011,10,36,Reorder Required,10.0,2026-06-10,C1
INV0005452,20241231,STR0069,PRD00012,107,13,Adequate,15.3,2026-06-13,A1
INV0005453,20241231,STR0069,PRD00013,22,34,Reorder Required,1.8,2026-07-01,A2
INV0005454,20241231,STR0069,PRD00014,95,27,Adequate,7.9,2026-06-11,B1
INV0005455,20241231,STR0069,PRD00015,89,27,Adequate,9.9,2026-06-25,D1
INV0005456,20241231,STR0069,PRD00016,18,31,Reorder Required,18.0,2026-07-03,D1
INV0005457,20241231,STR0069,PRD00017,52,50,Adequate,26.0,2026-06-06,C1
INV0005458,20241231,STR0069,PRD00018,199,24,Adequate,199.0,2026-06-28,C1
INV0005459,20241231,STR0069,PRD00019,32,23,Adequate,2.9,2026-07-01,D1
INV0005460,20241231,STR0069,PRD00020,98,37,Adequate,16.3,2026-06-26,B2
INV0005461,20241231,STR0069,PRD00021,13,24,Reorder Required,1.1,2026-06-06,A1
INV0005462,20241231,STR0069,PRD00022,10,12,Reorder Required,1.7,2026-06-20,B1
INV0005463,20241231,STR0069,PRD00023,187,37,Adequate,46.8,2026-06-22,A1
INV0005464,20241231,STR0069,PRD00024,123,16,Adequate,10.2,2026-05-11,C2
INV0005465,20241231,STR0069,PRD00025,154,36,Adequate,30.8,2026-06-13,D1
INV0005466,20241231,STR0069,PRD00026,72,15,Adequate,9.0,2026-06-10,C2
INV0005467,20241231,STR0069,PRD00027,179,46,Adequate,179.0,2026-06-04,D1
INV0005468,20241231,STR0069,PRD00028,76,18,Adequate,12.7,2026-05-23,A1
INV0005469,20241231,STR0069,PRD00029,1,10,Reorder Required,0.1,2026-05-23,A2
INV0005470,20241231,STR0069,PRD00030,109,12,Adequate,18.2,2026-05-27,B1
INV0005471,20241231,STR0069,PRD00031,187,44,Adequate,62.3,2026-07-05,B2
INV0005472,20241231,STR0069,PRD00032,83,31,Adequate,13.8,2026-05-19,A1
INV0005473,20241231,STR0069,PRD00033,57,33,Adequate,4.8,2026-05-29,D1
INV0005474,20241231,STR0069,PRD00034,169,33,Adequate,33.8,2026-05-30,D1
INV0005475,20241231,STR0069,PRD00035,99,23,Adequate,19.8,2026-06-20,A2
INV0005476,20241231,STR0069,PRD00036,1,40,Reorder Required,0.5,2026-05-15,C1
INV0005477,20241231,STR0069,PRD00037,154,23,Adequate,10.3,2026-06-13,C1
INV0005478,20241231,STR0069,PRD00038,109,27,Adequate,7.3,2026-05-18,B2
INV0005479,20241231,STR0069,PRD00039,167,38,Adequate,20.9,2026-06-05,A1
INV0005480,20241231,STR0069,PRD00040,186,44,Adequate,37.2,2026-05-25,D1
INV0005481,20241231,STR0069,PRD00041,85,33,Adequate,5.7,2026-07-01,A2
INV0005482,20241231,STR0069,PRD00042,29,14,Adequate,4.1,2026-05-09,A2
INV0005483,20241231,STR0069,PRD00043,41,21,Adequate,5.9,2026-05-08,C2
INV0005484,20241231,STR0069,PRD00044,187,19,Adequate,37.4,2026-06-28,A1
INV0005485,20241231,STR0069,PRD00045,106,11,Adequate,15.1,2026-05-27,A1
INV0005486,20241231,STR0069,PRD00046,106,40,Adequate,11.8,2026-05-17,A1
INV0005487,20241231,STR0069,PRD00047,41,14,Adequate,6.8,2026-06-10,B1
INV0005488,20241231,STR0069,PRD00048,75,31,Adequate,9.4,2026-06-17,B1
INV0005489,20241231,STR0069,PRD00049,134,41,Adequate,134.0,2026-06-24,A1
INV0005490,20241231,STR0069,PRD00050,183,39,Adequate,183.0,2026-06-19,D1
INV0005491,20241231,STR0069,PRD00051,177,26,Adequate,17.7,2026-05-16,A2
INV0005492,20241231,STR0069,PRD00052,169,13,Adequate,169.0,2026-05-20,B1
INV0005493,20241231,STR0069,PRD00053,106,20,Adequate,53.0,2026-05-08,B1
INV0005494,20241231,STR0069,PRD00054,130,19,Adequate,18.6,2026-06-03,B1
INV0005495,20241231,STR0069,PRD00055,109,38,Adequate,13.6,2026-06-08,B2
INV0005496,20241231,STR0069,PRD00056,131,30,Adequate,18.7,2026-06-28,C1
INV0005497,20241231,STR0069,PRD00057,4,44,Reorder Required,4.0,2026-06-28,A1
INV0005498,20241231,STR0069,PRD00058,97,19,Adequate,7.5,2026-06-25,B2
INV0005499,20241231,STR0069,PRD00059,20,44,Reorder Required,1.3,2026-07-02,C2
INV0005500,20241231,STR0069,PRD00060,29,28,Adequate,2.9,2026-07-02,C2
INV0005501,20241231,STR0069,PRD00061,192,38,Adequate,17.5,2026-06-12,C1
INV0005502,20241231,STR0069,PRD00062,149,18,Adequate,9.9,2026-06-16,A2
INV0005503,20241231,STR0069,PRD00063,154,24,Adequate,11.8,2026-06-17,B2
INV0005504,20241231,STR0069,PRD00064,24,22,Adequate,2.7,2026-06-17,D1
INV0005505,20241231,STR0069,PRD00065,160,22,Adequate,40.0,2026-06-04,D1
INV0005506,20241231,STR0069,PRD00066,24,15,Adequate,1.7,2026-06-13,A2
INV0005507,20241231,STR0069,PRD00067,28,42,Reorder Required,2.8,2026-06-17,C1
INV0005508,20241231,STR0069,PRD00068,118,37,Adequate,59.0,2026-06-20,B1
INV0005509,20241231,STR0069,PRD00069,49,29,Adequate,9.8,2026-06-14,A1
INV0005510,20241231,STR0069,PRD00070,73,38,Adequate,73.0,2026-06-25,C1
INV0005511,20241231,STR0069,PRD00071,166,37,Adequate,55.3,2026-07-03,C1
INV0005512,20241231,STR0069,PRD00072,16,15,Adequate,5.3,2026-06-15,C1
INV0005513,20241231,STR0069,PRD00073,10,31,Reorder Required,0.8,2026-05-14,B1
INV0005514,20241231,STR0069,PRD00074,133,10,Adequate,14.8,2026-05-11,B1
INV0005515,20241231,STR0069,PRD00075,175,39,Adequate,19.4,2026-07-06,D1
INV0005516,20241231,STR0069,PRD00076,88,34,Adequate,5.9,2026-06-08,C1
INV0005517,20241231,STR0069,PRD00077,112,47,Adequate,10.2,2026-05-28,C2
INV0005518,20241231,STR0069,PRD00078,33,10,Adequate,33.0,2026-05-23,B1
INV0005519,20241231,STR0069,PRD00079,57,28,Adequate,4.4,2026-06-29,A2
INV0005520,20241231,STR0069,PRD00080,155,11,Adequate,15.5,2026-05-12,A1
INV0005521,20241231,STR0070,PRD00001,198,50,Adequate,14.1,2026-05-11,A2
INV0005522,20241231,STR0070,PRD00002,24,17,Adequate,2.4,2026-06-07,B2
INV0005523,20241231,STR0070,PRD00003,166,44,Adequate,13.8,2026-06-30,B1
INV0005524,20241231,STR0070,PRD00004,176,27,Adequate,22.0,2026-06-15,C2
INV0005525,20241231,STR0070,PRD00005,75,40,Adequate,9.4,2026-05-29,A2
INV0005526,20241231,STR0070,PRD00006,97,33,Adequate,6.5,2026-06-17,A1
INV0005527,20241231,STR0070,PRD00007,66,39,Adequate,66.0,2026-06-24,A2
INV0005528,20241231,STR0070,PRD00008,47,20,Adequate,23.5,2026-06-29,B1
INV0005529,20241231,STR0070,PRD00009,153,38,Adequate,21.9,2026-05-30,A1
INV0005530,20241231,STR0070,PRD00010,138,30,Adequate,23.0,2026-06-10,A2
INV0005531,20241231,STR0070,PRD00011,39,36,Adequate,6.5,2026-06-10,B2
INV0005532,20241231,STR0070,PRD00012,26,13,Adequate,4.3,2026-06-01,A2
INV0005533,20241231,STR0070,PRD00013,72,34,Adequate,5.1,2026-05-29,B2
INV0005534,20241231,STR0070,PRD00014,66,27,Adequate,6.6,2026-06-24,C1
INV0005535,20241231,STR0070,PRD00015,120,27,Adequate,8.6,2026-06-19,B2
INV0005536,20241231,STR0070,PRD00016,26,31,Reorder Required,3.7,2026-05-13,A2
INV0005537,20241231,STR0070,PRD00017,100,50,Adequate,7.7,2026-05-23,B2
INV0005538,20241231,STR0070,PRD00018,108,24,Adequate,15.4,2026-05-12,C2
INV0005539,20241231,STR0070,PRD00019,110,23,Adequate,36.7,2026-05-28,B1
INV0005540,20241231,STR0070,PRD00020,197,37,Adequate,39.4,2026-06-08,C1
INV0005541,20241231,STR0070,PRD00021,173,24,Adequate,15.7,2026-07-04,B1
INV0005542,20241231,STR0070,PRD00022,117,12,Adequate,39.0,2026-07-03,C1
INV0005543,20241231,STR0070,PRD00023,137,37,Adequate,27.4,2026-05-26,C1
INV0005544,20241231,STR0070,PRD00024,158,16,Adequate,13.2,2026-06-14,C2
INV0005545,20241231,STR0070,PRD00025,130,36,Adequate,26.0,2026-06-02,B2
INV0005546,20241231,STR0070,PRD00026,33,15,Adequate,3.3,2026-06-19,B1
INV0005547,20241231,STR0070,PRD00027,8,46,Reorder Required,8.0,2026-05-24,C2
INV0005548,20241231,STR0070,PRD00028,23,18,Adequate,3.8,2026-06-09,A2
INV0005549,20241231,STR0070,PRD00029,14,10,Adequate,1.6,2026-06-30,D1
INV0005550,20241231,STR0070,PRD00030,166,12,Adequate,83.0,2026-06-24,B1
INV0005551,20241231,STR0070,PRD00031,57,44,Adequate,57.0,2026-06-21,A2
INV0005552,20241231,STR0070,PRD00032,91,31,Adequate,11.4,2026-06-04,A2
INV0005553,20241231,STR0070,PRD00033,29,33,Reorder Required,2.9,2026-06-24,D1
INV0005554,20241231,STR0070,PRD00034,57,33,Adequate,3.8,2026-06-17,A1
INV0005555,20241231,STR0070,PRD00035,171,23,Adequate,11.4,2026-05-08,B1
INV0005556,20241231,STR0070,PRD00036,91,40,Adequate,7.0,2026-06-23,C1
INV0005557,20241231,STR0070,PRD00037,89,23,Adequate,29.7,2026-06-11,A2
INV0005558,20241231,STR0070,PRD00038,64,27,Adequate,9.1,2026-05-25,A2
INV0005559,20241231,STR0070,PRD00039,0,38,Reorder Required,0.0,2026-06-16,B2
INV0005560,20241231,STR0070,PRD00040,49,44,Adequate,4.1,2026-06-20,C2
INV0005561,20241231,STR0070,PRD00041,136,33,Adequate,10.5,2026-05-16,A1
INV0005562,20241231,STR0070,PRD00042,76,14,Adequate,10.9,2026-06-22,A2
INV0005563,20241231,STR0070,PRD00043,78,21,Adequate,26.0,2026-05-21,C1
INV0005564,20241231,STR0070,PRD00044,149,19,Adequate,24.8,2026-06-21,B2
INV0005565,20241231,STR0070,PRD00045,164,11,Adequate,10.9,2026-05-10,A2
INV0005566,20241231,STR0070,PRD00046,6,40,Reorder Required,6.0,2026-07-04,D1
INV0005567,20241231,STR0070,PRD00047,12,14,Reorder Required,0.9,2026-05-30,B1
INV0005568,20241231,STR0070,PRD00048,94,31,Adequate,18.8,2026-05-08,C1
INV0005569,20241231,STR0070,PRD00049,144,41,Adequate,11.1,2026-05-13,C2
INV0005570,20241231,STR0070,PRD00050,174,39,Adequate,11.6,2026-07-05,A1
INV0005571,20241231,STR0070,PRD00051,196,26,Adequate,98.0,2026-06-26,B1
INV0005572,20241231,STR0070,PRD00052,16,13,Adequate,1.8,2026-05-27,D1
INV0005573,20241231,STR0070,PRD00053,29,20,Adequate,3.2,2026-05-14,D1
INV0005574,20241231,STR0070,PRD00054,135,19,Adequate,10.4,2026-05-26,C1
INV0005575,20241231,STR0070,PRD00055,7,38,Reorder Required,0.6,2026-05-16,A2
INV0005576,20241231,STR0070,PRD00056,46,30,Adequate,23.0,2026-05-15,A1
INV0005577,20241231,STR0070,PRD00057,123,44,Adequate,8.8,2026-06-04,C2
INV0005578,20241231,STR0070,PRD00058,101,19,Adequate,11.2,2026-05-27,D1
INV0005579,20241231,STR0070,PRD00059,90,44,Adequate,7.5,2026-06-09,B1
INV0005580,20241231,STR0070,PRD00060,84,28,Adequate,42.0,2026-06-18,A1
INV0005581,20241231,STR0070,PRD00061,33,38,Reorder Required,8.2,2026-05-09,C1
INV0005582,20241231,STR0070,PRD00062,137,18,Adequate,22.8,2026-06-22,D1
INV0005583,20241231,STR0070,PRD00063,87,24,Adequate,6.2,2026-06-16,C2
INV0005584,20241231,STR0070,PRD00064,107,22,Adequate,9.7,2026-05-31,B1
INV0005585,20241231,STR0070,PRD00065,2,22,Reorder Required,0.2,2026-07-01,A2
INV0005586,20241231,STR0070,PRD00066,180,15,Adequate,12.0,2026-05-20,A1
INV0005587,20241231,STR0070,PRD00067,131,42,Adequate,9.4,2026-05-16,B1
INV0005588,20241231,STR0070,PRD00068,30,37,Reorder Required,2.1,2026-07-06,D1
INV0005589,20241231,STR0070,PRD00069,28,29,Reorder Required,7.0,2026-05-11,D1
INV0005590,20241231,STR0070,PRD00070,102,38,Adequate,9.3,2026-07-04,C2
INV0005591,20241231,STR0070,PRD00071,22,37,Reorder Required,1.7,2026-06-15,D1
INV0005592,20241231,STR0070,PRD00072,69,15,Adequate,13.8,2026-06-09,B1
INV0005593,20241231,STR0070,PRD00073,65,31,Adequate,16.2,2026-05-12,A2
INV0005594,20241231,STR0070,PRD00074,79,10,Adequate,11.3,2026-06-11,C1
INV0005595,20241231,STR0070,PRD00075,4,39,Reorder Required,0.3,2026-05-15,B1
INV0005596,20241231,STR0070,PRD00076,197,34,Adequate,13.1,2026-06-17,A1
INV0005597,20241231,STR0070,PRD00077,130,47,Adequate,8.7,2026-05-22,B1
INV0005598,20241231,STR0070,PRD00078,108,10,Adequate,54.0,2026-06-16,C1
INV0005599,20241231,STR0070,PRD00079,33,28,Adequate,4.7,2026-06-17,B1
INV0005600,20241231,STR0070,PRD00080,85,11,Adequate,7.7,2026-06-14,D1
INV0005601,20241231,STR0071,PRD00001,96,50,Adequate,96.0,2026-05-26,C1
INV0005602,20241231,STR0071,PRD00002,117,17,Adequate,117.0,2026-06-17,C2
INV0005603,20241231,STR0071,PRD00003,105,44,Adequate,13.1,2026-06-07,A2
INV0005604,20241231,STR0071,PRD00004,109,27,Adequate,13.6,2026-06-25,C2
INV0005605,20241231,STR0071,PRD00005,155,40,Adequate,14.1,2026-06-17,A1
INV0005606,20241231,STR0071,PRD00006,179,33,Adequate,19.9,2026-06-03,A2
INV0005607,20241231,STR0071,PRD00007,165,39,Adequate,11.0,2026-05-18,C2
INV0005608,20241231,STR0071,PRD00008,12,20,Reorder Required,12.0,2026-06-28,A2
INV0005609,20241231,STR0071,PRD00009,56,38,Adequate,18.7,2026-06-09,C1
INV0005610,20241231,STR0071,PRD00010,139,30,Adequate,34.8,2026-06-28,C1
INV0005611,20241231,STR0071,PRD00011,167,36,Adequate,23.9,2026-06-06,B2
INV0005612,20241231,STR0071,PRD00012,71,13,Adequate,35.5,2026-06-05,C2
INV0005613,20241231,STR0071,PRD00013,149,34,Adequate,49.7,2026-07-03,C2
INV0005614,20241231,STR0071,PRD00014,33,27,Adequate,4.1,2026-06-20,C1
INV0005615,20241231,STR0071,PRD00015,194,27,Adequate,12.9,2026-06-13,B2
INV0005616,20241231,STR0071,PRD00016,165,31,Adequate,165.0,2026-05-15,B2
INV0005617,20241231,STR0071,PRD00017,108,50,Adequate,108.0,2026-06-11,B1
INV0005618,20241231,STR0071,PRD00018,11,24,Reorder Required,0.7,2026-06-05,C2
INV0005619,20241231,STR0071,PRD00019,85,23,Adequate,5.7,2026-06-26,C1
INV0005620,20241231,STR0071,PRD00020,140,37,Adequate,35.0,2026-06-12,C2
INV0005621,20241231,STR0071,PRD00021,148,24,Adequate,29.6,2026-05-25,A2
INV0005622,20241231,STR0071,PRD00022,198,12,Adequate,24.8,2026-05-24,D1
INV0005623,20241231,STR0071,PRD00023,191,37,Adequate,47.8,2026-07-01,B2
INV0005624,20241231,STR0071,PRD00024,34,16,Adequate,11.3,2026-06-10,B1
INV0005625,20241231,STR0071,PRD00025,104,36,Adequate,14.9,2026-07-04,C2
INV0005626,20241231,STR0071,PRD00026,166,15,Adequate,23.7,2026-05-14,A2
INV0005627,20241231,STR0071,PRD00027,83,46,Adequate,6.4,2026-05-30,A1
INV0005628,20241231,STR0071,PRD00028,6,18,Reorder Required,0.5,2026-06-20,B2
INV0005629,20241231,STR0071,PRD00029,127,10,Adequate,14.1,2026-06-01,D1
INV0005630,20241231,STR0071,PRD00030,11,12,Reorder Required,0.9,2026-06-20,A2
INV0005631,20241231,STR0071,PRD00031,52,44,Adequate,8.7,2026-05-29,D1
INV0005632,20241231,STR0071,PRD00032,41,31,Adequate,6.8,2026-05-21,B1
INV0005633,20241231,STR0071,PRD00033,9,33,Reorder Required,0.9,2026-06-20,A1
INV0005634,20241231,STR0071,PRD00034,94,33,Adequate,7.8,2026-06-13,D1
INV0005635,20241231,STR0071,PRD00035,9,23,Reorder Required,1.5,2026-06-18,D1
INV0005636,20241231,STR0071,PRD00036,1,40,Reorder Required,0.1,2026-05-11,C1
INV0005637,20241231,STR0071,PRD00037,113,23,Adequate,28.2,2026-06-06,B2
INV0005638,20241231,STR0071,PRD00038,194,27,Adequate,16.2,2026-06-27,D1
INV0005639,20241231,STR0071,PRD00039,42,38,Adequate,5.2,2026-05-31,C1
INV0005640,20241231,STR0071,PRD00040,59,44,Adequate,9.8,2026-06-24,C2
INV0005641,20241231,STR0071,PRD00041,51,33,Adequate,4.6,2026-06-13,B2
INV0005642,20241231,STR0071,PRD00042,56,14,Adequate,28.0,2026-06-19,C2
INV0005643,20241231,STR0071,PRD00043,63,21,Adequate,5.7,2026-05-25,D1
INV0005644,20241231,STR0071,PRD00044,124,19,Adequate,8.3,2026-06-25,C2
INV0005645,20241231,STR0071,PRD00045,135,11,Adequate,9.0,2026-07-04,C2
INV0005646,20241231,STR0071,PRD00046,113,40,Adequate,11.3,2026-06-15,C1
INV0005647,20241231,STR0071,PRD00047,105,14,Adequate,35.0,2026-05-25,D1
INV0005648,20241231,STR0071,PRD00048,177,31,Adequate,177.0,2026-06-04,A2
INV0005649,20241231,STR0071,PRD00049,52,41,Adequate,4.0,2026-06-14,C1
INV0005650,20241231,STR0071,PRD00050,41,39,Adequate,5.1,2026-06-27,C2
INV0005651,20241231,STR0071,PRD00051,41,26,Adequate,10.2,2026-05-31,B2
INV0005652,20241231,STR0071,PRD00052,145,13,Adequate,9.7,2026-06-20,B2
INV0005653,20241231,STR0071,PRD00053,188,20,Adequate,31.3,2026-06-16,B1
INV0005654,20241231,STR0071,PRD00054,144,19,Adequate,14.4,2026-06-30,A1
INV0005655,20241231,STR0071,PRD00055,117,38,Adequate,11.7,2026-06-22,C2
INV0005656,20241231,STR0071,PRD00056,2,30,Reorder Required,0.2,2026-05-18,C1
INV0005657,20241231,STR0071,PRD00057,116,44,Adequate,16.6,2026-06-08,B1
INV0005658,20241231,STR0071,PRD00058,148,19,Adequate,14.8,2026-06-11,C1
INV0005659,20241231,STR0071,PRD00059,109,44,Adequate,18.2,2026-05-17,B1
INV0005660,20241231,STR0071,PRD00060,75,28,Adequate,25.0,2026-05-13,A2
INV0005661,20241231,STR0071,PRD00061,62,38,Adequate,31.0,2026-05-28,C2
INV0005662,20241231,STR0071,PRD00062,17,18,Reorder Required,8.5,2026-06-04,C2
INV0005663,20241231,STR0071,PRD00063,139,24,Adequate,23.2,2026-05-17,A2
INV0005664,20241231,STR0071,PRD00064,120,22,Adequate,17.1,2026-06-22,B1
INV0005665,20241231,STR0071,PRD00065,192,22,Adequate,21.3,2026-07-03,D1
INV0005666,20241231,STR0071,PRD00066,178,15,Adequate,17.8,2026-07-01,A2
INV0005667,20241231,STR0071,PRD00067,111,42,Adequate,9.2,2026-06-17,B2
INV0005668,20241231,STR0071,PRD00068,120,37,Adequate,10.0,2026-06-25,C1
INV0005669,20241231,STR0071,PRD00069,25,29,Reorder Required,4.2,2026-06-05,D1
INV0005670,20241231,STR0071,PRD00070,104,38,Adequate,13.0,2026-05-31,A1
INV0005671,20241231,STR0071,PRD00071,173,37,Adequate,21.6,2026-07-05,C1
INV0005672,20241231,STR0071,PRD00072,136,15,Adequate,9.1,2026-06-10,D1
INV0005673,20241231,STR0071,PRD00073,188,31,Adequate,62.7,2026-06-27,B1
INV0005674,20241231,STR0071,PRD00074,98,10,Adequate,14.0,2026-07-02,C1
INV0005675,20241231,STR0071,PRD00075,8,39,Reorder Required,0.7,2026-06-19,B1
INV0005676,20241231,STR0071,PRD00076,7,34,Reorder Required,1.0,2026-06-23,B1
INV0005677,20241231,STR0071,PRD00077,186,47,Adequate,26.6,2026-05-14,A2
INV0005678,20241231,STR0071,PRD00078,140,10,Adequate,11.7,2026-06-04,C1
INV0005679,20241231,STR0071,PRD00079,112,28,Adequate,37.3,2026-06-11,A2
INV0005680,20241231,STR0071,PRD00080,138,11,Adequate,13.8,2026-06-15,A1
INV0005681,20241231,STR0072,PRD00001,189,50,Adequate,23.6,2026-06-05,C1
INV0005682,20241231,STR0072,PRD00002,173,17,Adequate,17.3,2026-07-02,D1
INV0005683,20241231,STR0072,PRD00003,62,44,Adequate,4.1,2026-06-09,B2
INV0005684,20241231,STR0072,PRD00004,78,27,Adequate,39.0,2026-06-30,D1
INV0005685,20241231,STR0072,PRD00005,89,40,Adequate,29.7,2026-05-18,B2
INV0005686,20241231,STR0072,PRD00006,112,33,Adequate,12.4,2026-05-08,B1
INV0005687,20241231,STR0072,PRD00007,20,39,Reorder Required,1.5,2026-05-23,A2
INV0005688,20241231,STR0072,PRD00008,112,20,Adequate,12.4,2026-05-22,D1
INV0005689,20241231,STR0072,PRD00009,187,38,Adequate,26.7,2026-05-15,B1
INV0005690,20241231,STR0072,PRD00010,178,30,Adequate,178.0,2026-05-11,A2
INV0005691,20241231,STR0072,PRD00011,147,36,Adequate,24.5,2026-06-11,A1
INV0005692,20241231,STR0072,PRD00012,148,13,Adequate,13.5,2026-06-02,B1
INV0005693,20241231,STR0072,PRD00013,30,34,Reorder Required,6.0,2026-05-16,D1
INV0005694,20241231,STR0072,PRD00014,194,27,Adequate,24.2,2026-05-30,B2
INV0005695,20241231,STR0072,PRD00015,66,27,Adequate,13.2,2026-05-24,C2
INV0005696,20241231,STR0072,PRD00016,99,31,Adequate,16.5,2026-06-08,B2
INV0005697,20241231,STR0072,PRD00017,118,50,Adequate,16.9,2026-05-23,B1
INV0005698,20241231,STR0072,PRD00018,0,24,Reorder Required,0.0,2026-06-02,D1
INV0005699,20241231,STR0072,PRD00019,158,23,Adequate,31.6,2026-06-08,D1
INV0005700,20241231,STR0072,PRD00020,140,37,Adequate,15.6,2026-06-02,C2
INV0005701,20241231,STR0072,PRD00021,69,24,Adequate,23.0,2026-05-28,C1
INV0005702,20241231,STR0072,PRD00022,160,12,Adequate,20.0,2026-05-27,C2
INV0005703,20241231,STR0072,PRD00023,67,37,Adequate,4.5,2026-06-01,D1
INV0005704,20241231,STR0072,PRD00024,28,16,Adequate,2.5,2026-06-12,C1
INV0005705,20241231,STR0072,PRD00025,85,36,Adequate,6.5,2026-06-21,D1
INV0005706,20241231,STR0072,PRD00026,49,15,Adequate,4.1,2026-07-03,D1
INV0005707,20241231,STR0072,PRD00027,73,46,Adequate,7.3,2026-07-02,A2
INV0005708,20241231,STR0072,PRD00028,38,18,Adequate,12.7,2026-05-11,A2
INV0005709,20241231,STR0072,PRD00029,77,10,Adequate,6.4,2026-06-06,C2
INV0005710,20241231,STR0072,PRD00030,85,12,Adequate,21.2,2026-06-22,A1
INV0005711,20241231,STR0072,PRD00031,152,44,Adequate,30.4,2026-05-26,C2
INV0005712,20241231,STR0072,PRD00032,16,31,Reorder Required,1.6,2026-05-11,A1
INV0005713,20241231,STR0072,PRD00033,111,33,Adequate,22.2,2026-07-03,B1
INV0005714,20241231,STR0072,PRD00034,31,33,Reorder Required,2.4,2026-07-02,B1
INV0005715,20241231,STR0072,PRD00035,102,23,Adequate,9.3,2026-05-22,B2
INV0005716,20241231,STR0072,PRD00036,119,40,Adequate,59.5,2026-06-30,D1
INV0005717,20241231,STR0072,PRD00037,170,23,Adequate,17.0,2026-05-27,C1
INV0005718,20241231,STR0072,PRD00038,96,27,Adequate,6.4,2026-05-29,C2
INV0005719,20241231,STR0072,PRD00039,154,38,Adequate,30.8,2026-05-22,C2
INV0005720,20241231,STR0072,PRD00040,143,44,Adequate,13.0,2026-07-06,C2
INV0005721,20241231,STR0072,PRD00041,196,33,Adequate,65.3,2026-06-18,D1
INV0005722,20241231,STR0072,PRD00042,23,14,Adequate,2.3,2026-06-23,A1
INV0005723,20241231,STR0072,PRD00043,88,21,Adequate,5.9,2026-07-01,A1
INV0005724,20241231,STR0072,PRD00044,77,19,Adequate,9.6,2026-06-28,D1
INV0005725,20241231,STR0072,PRD00045,159,11,Adequate,22.7,2026-06-01,A2
INV0005726,20241231,STR0072,PRD00046,138,40,Adequate,11.5,2026-06-27,D1
INV0005727,20241231,STR0072,PRD00047,135,14,Adequate,11.2,2026-05-29,B2
INV0005728,20241231,STR0072,PRD00048,29,31,Reorder Required,7.2,2026-06-24,C2
INV0005729,20241231,STR0072,PRD00049,84,41,Adequate,7.0,2026-06-01,B1
INV0005730,20241231,STR0072,PRD00050,16,39,Reorder Required,1.6,2026-05-13,A2
INV0005731,20241231,STR0072,PRD00051,195,26,Adequate,24.4,2026-06-11,A2
INV0005732,20241231,STR0072,PRD00052,27,13,Adequate,2.5,2026-06-28,A1
INV0005733,20241231,STR0072,PRD00053,26,20,Adequate,2.6,2026-06-23,B2
INV0005734,20241231,STR0072,PRD00054,100,19,Adequate,11.1,2026-06-05,A2
INV0005735,20241231,STR0072,PRD00055,161,38,Adequate,32.2,2026-06-19,B2
INV0005736,20241231,STR0072,PRD00056,90,30,Adequate,90.0,2026-05-16,D1
INV0005737,20241231,STR0072,PRD00057,29,44,Reorder Required,2.9,2026-07-01,C2
INV0005738,20241231,STR0072,PRD00058,44,19,Adequate,3.4,2026-06-17,C1
INV0005739,20241231,STR0072,PRD00059,162,44,Adequate,32.4,2026-06-17,C2
INV0005740,20241231,STR0072,PRD00060,72,28,Adequate,18.0,2026-07-01,B2
INV0005741,20241231,STR0072,PRD00061,30,38,Reorder Required,2.3,2026-06-02,A1
INV0005742,20241231,STR0072,PRD00062,192,18,Adequate,17.5,2026-06-10,C1
INV0005743,20241231,STR0072,PRD00063,169,24,Adequate,42.2,2026-06-10,C1
INV0005744,20241231,STR0072,PRD00064,163,22,Adequate,32.6,2026-05-10,C1
INV0005745,20241231,STR0072,PRD00065,29,22,Adequate,3.6,2026-06-22,D1
INV0005746,20241231,STR0072,PRD00066,190,15,Adequate,63.3,2026-06-24,D1
INV0005747,20241231,STR0072,PRD00067,155,42,Adequate,22.1,2026-06-24,B2
INV0005748,20241231,STR0072,PRD00068,154,37,Adequate,154.0,2026-05-28,A2
INV0005749,20241231,STR0072,PRD00069,186,29,Adequate,46.5,2026-06-04,B2
INV0005750,20241231,STR0072,PRD00070,199,38,Adequate,18.1,2026-05-18,C1
INV0005751,20241231,STR0072,PRD00071,77,37,Adequate,19.2,2026-05-27,C1
INV0005752,20241231,STR0072,PRD00072,98,15,Adequate,10.9,2026-06-27,A2
INV0005753,20241231,STR0072,PRD00073,81,31,Adequate,40.5,2026-05-21,C1
INV0005754,20241231,STR0072,PRD00074,100,10,Adequate,20.0,2026-06-02,A2
INV0005755,20241231,STR0072,PRD00075,196,39,Adequate,16.3,2026-05-20,C2
INV0005756,20241231,STR0072,PRD00076,21,34,Reorder Required,3.5,2026-05-22,B1
INV0005757,20241231,STR0072,PRD00077,68,47,Adequate,17.0,2026-05-12,A2
INV0005758,20241231,STR0072,PRD00078,146,10,Adequate,146.0,2026-05-17,C2
INV0005759,20241231,STR0072,PRD00079,89,28,Adequate,8.1,2026-06-05,B2
INV0005760,20241231,STR0072,PRD00080,126,11,Adequate,8.4,2026-06-09,C2
INV0005761,20241231,STR0073,PRD00001,154,50,Adequate,25.7,2026-06-29,C1
INV0005762,20241231,STR0073,PRD00002,22,17,Adequate,1.6,2026-06-22,C2
INV0005763,20241231,STR0073,PRD00003,27,44,Reorder Required,1.8,2026-05-27,B1
INV0005764,20241231,STR0073,PRD00004,22,27,Reorder Required,4.4,2026-07-01,A2
INV0005765,20241231,STR0073,PRD00005,107,40,Adequate,13.4,2026-06-27,D1
INV0005766,20241231,STR0073,PRD00006,102,33,Adequate,102.0,2026-05-19,A1
INV0005767,20241231,STR0073,PRD00007,126,39,Adequate,10.5,2026-06-04,A2
INV0005768,20241231,STR0073,PRD00008,60,20,Adequate,8.6,2026-06-12,B2
INV0005769,20241231,STR0073,PRD00009,158,38,Adequate,13.2,2026-05-24,A2
INV0005770,20241231,STR0073,PRD00010,19,30,Reorder Required,2.7,2026-06-10,B2
INV0005771,20241231,STR0073,PRD00011,190,36,Adequate,190.0,2026-05-22,C1
INV0005772,20241231,STR0073,PRD00012,134,13,Adequate,44.7,2026-06-21,D1
INV0005773,20241231,STR0073,PRD00013,119,34,Adequate,9.9,2026-05-25,C2
INV0005774,20241231,STR0073,PRD00014,2,27,Reorder Required,0.2,2026-05-08,B1
INV0005775,20241231,STR0073,PRD00015,15,27,Reorder Required,3.8,2026-06-09,A1
INV0005776,20241231,STR0073,PRD00016,142,31,Adequate,17.8,2026-05-12,D1
INV0005777,20241231,STR0073,PRD00017,153,50,Adequate,76.5,2026-06-04,A1
INV0005778,20241231,STR0073,PRD00018,17,24,Reorder Required,4.2,2026-05-21,C2
INV0005779,20241231,STR0073,PRD00019,186,23,Adequate,23.2,2026-06-10,C2
INV0005780,20241231,STR0073,PRD00020,38,37,Adequate,3.8,2026-05-09,A2
INV0005781,20241231,STR0073,PRD00021,16,24,Reorder Required,3.2,2026-05-28,C2
INV0005782,20241231,STR0073,PRD00022,60,12,Adequate,5.5,2026-06-21,A1
INV0005783,20241231,STR0073,PRD00023,2,37,Reorder Required,0.2,2026-05-23,D1
INV0005784,20241231,STR0073,PRD00024,18,16,Adequate,1.8,2026-06-12,B1
INV0005785,20241231,STR0073,PRD00025,126,36,Adequate,8.4,2026-06-23,C2
INV0005786,20241231,STR0073,PRD00026,170,15,Adequate,14.2,2026-07-06,B2
INV0005787,20241231,STR0073,PRD00027,139,46,Adequate,9.3,2026-05-28,B2
INV0005788,20241231,STR0073,PRD00028,110,18,Adequate,15.7,2026-06-30,B1
INV0005789,20241231,STR0073,PRD00029,50,10,Adequate,5.0,2026-05-30,B1
INV0005790,20241231,STR0073,PRD00030,175,12,Adequate,175.0,2026-06-11,B2
INV0005791,20241231,STR0073,PRD00031,111,44,Adequate,111.0,2026-06-01,C2
INV0005792,20241231,STR0073,PRD00032,133,31,Adequate,13.3,2026-06-08,A1
INV0005793,20241231,STR0073,PRD00033,78,33,Adequate,78.0,2026-06-03,B2
INV0005794,20241231,STR0073,PRD00034,159,33,Adequate,22.7,2026-06-13,D1
INV0005795,20241231,STR0073,PRD00035,182,23,Adequate,36.4,2026-05-09,A2
INV0005796,20241231,STR0073,PRD00036,16,40,Reorder Required,1.2,2026-06-18,B1
INV0005797,20241231,STR0073,PRD00037,57,23,Adequate,3.8,2026-05-29,A1
INV0005798,20241231,STR0073,PRD00038,176,27,Adequate,17.6,2026-06-21,B1
INV0005799,20241231,STR0073,PRD00039,20,38,Reorder Required,3.3,2026-06-17,B1
INV0005800,20241231,STR0073,PRD00040,181,44,Adequate,90.5,2026-06-06,A2
INV0005801,20241231,STR0073,PRD00041,86,33,Adequate,28.7,2026-06-05,D1
INV0005802,20241231,STR0073,PRD00042,108,14,Adequate,10.8,2026-05-08,D1
INV0005803,20241231,STR0073,PRD00043,145,21,Adequate,14.5,2026-07-04,B2
INV0005804,20241231,STR0073,PRD00044,67,19,Adequate,33.5,2026-06-18,C2
INV0005805,20241231,STR0073,PRD00045,2,11,Reorder Required,0.1,2026-06-30,D1
INV0005806,20241231,STR0073,PRD00046,60,40,Adequate,4.0,2026-06-25,A1
INV0005807,20241231,STR0073,PRD00047,133,14,Adequate,33.2,2026-06-02,C2
INV0005808,20241231,STR0073,PRD00048,99,31,Adequate,9.0,2026-05-11,A1
INV0005809,20241231,STR0073,PRD00049,20,41,Reorder Required,1.4,2026-06-28,B1
INV0005810,20241231,STR0073,PRD00050,35,39,Reorder Required,2.3,2026-05-11,A1
INV0005811,20241231,STR0073,PRD00051,114,26,Adequate,114.0,2026-05-11,A1
INV0005812,20241231,STR0073,PRD00052,3,13,Reorder Required,0.3,2026-06-27,B1
INV0005813,20241231,STR0073,PRD00053,193,20,Adequate,17.5,2026-07-02,C2
INV0005814,20241231,STR0073,PRD00054,167,19,Adequate,23.9,2026-06-24,D1
INV0005815,20241231,STR0073,PRD00055,110,38,Adequate,10.0,2026-06-14,A2
INV0005816,20241231,STR0073,PRD00056,130,30,Adequate,43.3,2026-06-08,C2
INV0005817,20241231,STR0073,PRD00057,162,44,Adequate,11.6,2026-06-19,C2
INV0005818,20241231,STR0073,PRD00058,115,19,Adequate,16.4,2026-05-11,C2
INV0005819,20241231,STR0073,PRD00059,25,44,Reorder Required,2.8,2026-06-23,C1
INV0005820,20241231,STR0073,PRD00060,50,28,Adequate,3.6,2026-06-01,C2
INV0005821,20241231,STR0073,PRD00061,40,38,Adequate,5.0,2026-06-18,A1
INV0005822,20241231,STR0073,PRD00062,15,18,Reorder Required,1.5,2026-06-06,A1
INV0005823,20241231,STR0073,PRD00063,168,24,Adequate,11.2,2026-06-04,C1
INV0005824,20241231,STR0073,PRD00064,83,22,Adequate,8.3,2026-05-17,B2
INV0005825,20241231,STR0073,PRD00065,147,22,Adequate,9.8,2026-07-04,A1
INV0005826,20241231,STR0073,PRD00066,173,15,Adequate,173.0,2026-06-08,C2
INV0005827,20241231,STR0073,PRD00067,24,42,Reorder Required,1.8,2026-05-19,A1
INV0005828,20241231,STR0073,PRD00068,170,37,Adequate,34.0,2026-06-02,B2
INV0005829,20241231,STR0073,PRD00069,198,29,Adequate,13.2,2026-06-11,A1
INV0005830,20241231,STR0073,PRD00070,44,38,Adequate,2.9,2026-05-14,A2
INV0005831,20241231,STR0073,PRD00071,150,37,Adequate,30.0,2026-05-21,D1
INV0005832,20241231,STR0073,PRD00072,130,15,Adequate,9.3,2026-07-01,B1
INV0005833,20241231,STR0073,PRD00073,183,31,Adequate,12.2,2026-05-30,D1
INV0005834,20241231,STR0073,PRD00074,107,10,Adequate,7.6,2026-07-03,D1
INV0005835,20241231,STR0073,PRD00075,8,39,Reorder Required,1.6,2026-05-12,B1
INV0005836,20241231,STR0073,PRD00076,160,34,Adequate,11.4,2026-05-18,B2
INV0005837,20241231,STR0073,PRD00077,113,47,Adequate,22.6,2026-06-07,C1
INV0005838,20241231,STR0073,PRD00078,82,10,Adequate,6.3,2026-05-30,B2
INV0005839,20241231,STR0073,PRD00079,172,28,Adequate,15.6,2026-07-04,C2
INV0005840,20241231,STR0073,PRD00080,154,11,Adequate,12.8,2026-05-09,A2
INV0005841,20241231,STR0074,PRD00001,62,50,Adequate,5.2,2026-06-18,B2
INV0005842,20241231,STR0074,PRD00002,157,17,Adequate,17.4,2026-06-09,A1
INV0005843,20241231,STR0074,PRD00003,160,44,Adequate,17.8,2026-07-05,A2
INV0005844,20241231,STR0074,PRD00004,115,27,Adequate,10.5,2026-05-23,B1
INV0005845,20241231,STR0074,PRD00005,136,40,Adequate,15.1,2026-06-17,C1
INV0005846,20241231,STR0074,PRD00006,135,33,Adequate,9.6,2026-06-17,A1
INV0005847,20241231,STR0074,PRD00007,128,39,Adequate,42.7,2026-07-02,C2
INV0005848,20241231,STR0074,PRD00008,139,20,Adequate,10.7,2026-05-30,D1
INV0005849,20241231,STR0074,PRD00009,7,38,Reorder Required,7.0,2026-07-03,B1
INV0005850,20241231,STR0074,PRD00010,175,30,Adequate,43.8,2026-05-11,C2
INV0005851,20241231,STR0074,PRD00011,73,36,Adequate,6.6,2026-05-25,A1
INV0005852,20241231,STR0074,PRD00012,167,13,Adequate,33.4,2026-05-11,D1
INV0005853,20241231,STR0074,PRD00013,140,34,Adequate,11.7,2026-05-15,B2
INV0005854,20241231,STR0074,PRD00014,80,27,Adequate,8.0,2026-06-01,A1
INV0005855,20241231,STR0074,PRD00015,34,27,Adequate,5.7,2026-06-19,A1
INV0005856,20241231,STR0074,PRD00016,149,31,Adequate,16.6,2026-06-02,A2
INV0005857,20241231,STR0074,PRD00017,197,50,Adequate,15.2,2026-05-16,A1
INV0005858,20241231,STR0074,PRD00018,140,24,Adequate,28.0,2026-05-08,D1
INV0005859,20241231,STR0074,PRD00019,123,23,Adequate,17.6,2026-06-06,A2
INV0005860,20241231,STR0074,PRD00020,123,37,Adequate,41.0,2026-06-05,B1
INV0005861,20241231,STR0074,PRD00021,171,24,Adequate,28.5,2026-06-12,C1
INV0005862,20241231,STR0074,PRD00022,75,12,Adequate,5.4,2026-06-08,C2
INV0005863,20241231,STR0074,PRD00023,2,37,Reorder Required,0.2,2026-06-22,A1
INV0005864,20241231,STR0074,PRD00024,116,16,Adequate,7.7,2026-05-31,C1
INV0005865,20241231,STR0074,PRD00025,31,36,Reorder Required,5.2,2026-06-17,C2
INV0005866,20241231,STR0074,PRD00026,97,15,Adequate,7.5,2026-06-03,D1
INV0005867,20241231,STR0074,PRD00027,156,46,Adequate,39.0,2026-06-01,A1
INV0005868,20241231,STR0074,PRD00028,0,18,Reorder Required,0.0,2026-06-13,B1
INV0005869,20241231,STR0074,PRD00029,150,10,Adequate,37.5,2026-05-11,C1
INV0005870,20241231,STR0074,PRD00030,118,12,Adequate,14.8,2026-06-28,B2
INV0005871,20241231,STR0074,PRD00031,164,44,Adequate,16.4,2026-06-09,B2
INV0005872,20241231,STR0074,PRD00032,146,31,Adequate,48.7,2026-05-10,D1
INV0005873,20241231,STR0074,PRD00033,125,33,Adequate,10.4,2026-06-23,C2
INV0005874,20241231,STR0074,PRD00034,183,33,Adequate,26.1,2026-06-19,A1
INV0005875,20241231,STR0074,PRD00035,52,23,Adequate,13.0,2026-05-24,D1
INV0005876,20241231,STR0074,PRD00036,92,40,Adequate,9.2,2026-05-30,B2
INV0005877,20241231,STR0074,PRD00037,123,23,Adequate,10.2,2026-05-17,A2
INV0005878,20241231,STR0074,PRD00038,42,27,Adequate,3.8,2026-06-28,D1
INV0005879,20241231,STR0074,PRD00039,171,38,Adequate,11.4,2026-06-02,C2
INV0005880,20241231,STR0074,PRD00040,31,44,Reorder Required,4.4,2026-06-20,C2
INV0005881,20241231,STR0074,PRD00041,68,33,Adequate,4.5,2026-05-12,C1
INV0005882,20241231,STR0074,PRD00042,3,14,Reorder Required,0.3,2026-05-13,B2
INV0005883,20241231,STR0074,PRD00043,120,21,Adequate,10.9,2026-06-06,B2
INV0005884,20241231,STR0074,PRD00044,111,19,Adequate,8.5,2026-05-19,C1
INV0005885,20241231,STR0074,PRD00045,78,11,Adequate,19.5,2026-06-02,D1
INV0005886,20241231,STR0074,PRD00046,189,40,Adequate,94.5,2026-05-23,C1
INV0005887,20241231,STR0074,PRD00047,5,14,Reorder Required,0.4,2026-06-29,B2
INV0005888,20241231,STR0074,PRD00048,111,31,Adequate,18.5,2026-05-20,C2
INV0005889,20241231,STR0074,PRD00049,170,41,Adequate,34.0,2026-06-16,B1
INV0005890,20241231,STR0074,PRD00050,186,39,Adequate,46.5,2026-06-01,B2
INV0005891,20241231,STR0074,PRD00051,60,26,Adequate,4.6,2026-06-14,A1
INV0005892,20241231,STR0074,PRD00052,40,13,Adequate,5.7,2026-05-08,B1
INV0005893,20241231,STR0074,PRD00053,163,20,Adequate,12.5,2026-05-17,C2
INV0005894,20241231,STR0074,PRD00054,79,19,Adequate,8.8,2026-05-29,D1
INV0005895,20241231,STR0074,PRD00055,117,38,Adequate,19.5,2026-05-21,B1
INV0005896,20241231,STR0074,PRD00056,164,30,Adequate,32.8,2026-05-27,A1
INV0005897,20241231,STR0074,PRD00057,75,44,Adequate,5.8,2026-05-30,C1
INV0005898,20241231,STR0074,PRD00058,118,19,Adequate,9.8,2026-06-28,A1
INV0005899,20241231,STR0074,PRD00059,188,44,Adequate,94.0,2026-06-23,C1
INV0005900,20241231,STR0074,PRD00060,128,28,Adequate,21.3,2026-05-30,B2
INV0005901,20241231,STR0074,PRD00061,178,38,Adequate,25.4,2026-06-21,C1
INV0005902,20241231,STR0074,PRD00062,170,18,Adequate,12.1,2026-06-23,A2
INV0005903,20241231,STR0074,PRD00063,198,24,Adequate,16.5,2026-06-17,B2
INV0005904,20241231,STR0074,PRD00064,62,22,Adequate,4.4,2026-05-20,C1
INV0005905,20241231,STR0074,PRD00065,179,22,Adequate,179.0,2026-06-30,A1
INV0005906,20241231,STR0074,PRD00066,8,15,Reorder Required,0.8,2026-07-03,C2
INV0005907,20241231,STR0074,PRD00067,51,42,Adequate,4.2,2026-05-28,B1
INV0005908,20241231,STR0074,PRD00068,42,37,Adequate,3.5,2026-06-24,A2
INV0005909,20241231,STR0074,PRD00069,138,29,Adequate,12.5,2026-06-06,A1
INV0005910,20241231,STR0074,PRD00070,120,38,Adequate,24.0,2026-05-12,B1
INV0005911,20241231,STR0074,PRD00071,194,37,Adequate,21.6,2026-06-07,C2
INV0005912,20241231,STR0074,PRD00072,77,15,Adequate,5.9,2026-06-15,C1
INV0005913,20241231,STR0074,PRD00073,32,31,Adequate,5.3,2026-05-12,C2
INV0005914,20241231,STR0074,PRD00074,23,10,Adequate,1.5,2026-06-24,D1
INV0005915,20241231,STR0074,PRD00075,116,39,Adequate,58.0,2026-06-26,B2
INV0005916,20241231,STR0074,PRD00076,0,34,Reorder Required,0.0,2026-06-27,A1
INV0005917,20241231,STR0074,PRD00077,183,47,Adequate,91.5,2026-05-26,B2
INV0005918,20241231,STR0074,PRD00078,9,10,Reorder Required,3.0,2026-05-24,B1
INV0005919,20241231,STR0074,PRD00079,161,28,Adequate,10.7,2026-06-08,C2
INV0005920,20241231,STR0074,PRD00080,199,11,Adequate,66.3,2026-06-12,D1
INV0005921,20241231,STR0075,PRD00001,88,50,Adequate,11.0,2026-05-09,C1
INV0005922,20241231,STR0075,PRD00002,55,17,Adequate,5.5,2026-06-19,A2
INV0005923,20241231,STR0075,PRD00003,135,44,Adequate,67.5,2026-06-05,C1
INV0005924,20241231,STR0075,PRD00004,125,27,Adequate,41.7,2026-05-16,C2
INV0005925,20241231,STR0075,PRD00005,194,40,Adequate,13.9,2026-06-02,C2
INV0005926,20241231,STR0075,PRD00006,171,33,Adequate,28.5,2026-05-15,C2
INV0005927,20241231,STR0075,PRD00007,195,39,Adequate,13.9,2026-06-16,B2
INV0005928,20241231,STR0075,PRD00008,28,20,Adequate,2.5,2026-05-22,B1
INV0005929,20241231,STR0075,PRD00009,86,38,Adequate,21.5,2026-05-12,A1
INV0005930,20241231,STR0075,PRD00010,131,30,Adequate,11.9,2026-06-03,C1
INV0005931,20241231,STR0075,PRD00011,116,36,Adequate,11.6,2026-06-29,B2
INV0005932,20241231,STR0075,PRD00012,65,13,Adequate,8.1,2026-06-22,B2
INV0005933,20241231,STR0075,PRD00013,29,34,Reorder Required,2.9,2026-05-15,A1
INV0005934,20241231,STR0075,PRD00014,145,27,Adequate,12.1,2026-06-09,C1
INV0005935,20241231,STR0075,PRD00015,134,27,Adequate,67.0,2026-06-07,C2
INV0005936,20241231,STR0075,PRD00016,4,31,Reorder Required,0.8,2026-07-01,A2
INV0005937,20241231,STR0075,PRD00017,193,50,Adequate,27.6,2026-06-24,A1
INV0005938,20241231,STR0075,PRD00018,197,24,Adequate,13.1,2026-06-16,D1
INV0005939,20241231,STR0075,PRD00019,129,23,Adequate,21.5,2026-05-22,C2
INV0005940,20241231,STR0075,PRD00020,104,37,Adequate,7.4,2026-05-27,A1
INV0005941,20241231,STR0075,PRD00021,58,24,Adequate,4.8,2026-05-19,C1
INV0005942,20241231,STR0075,PRD00022,173,12,Adequate,11.5,2026-06-11,D1
INV0005943,20241231,STR0075,PRD00023,168,37,Adequate,12.9,2026-06-08,A2
INV0005944,20241231,STR0075,PRD00024,145,16,Adequate,20.7,2026-06-16,B1
INV0005945,20241231,STR0075,PRD00025,195,36,Adequate,19.5,2026-05-20,A2
INV0005946,20241231,STR0075,PRD00026,8,15,Reorder Required,2.7,2026-05-11,C1
INV0005947,20241231,STR0075,PRD00027,141,46,Adequate,23.5,2026-06-24,A2
INV0005948,20241231,STR0075,PRD00028,95,18,Adequate,6.8,2026-07-05,C2
INV0005949,20241231,STR0075,PRD00029,74,10,Adequate,4.9,2026-05-09,D1
INV0005950,20241231,STR0075,PRD00030,120,12,Adequate,9.2,2026-05-24,C1
INV0005951,20241231,STR0075,PRD00031,128,44,Adequate,9.8,2026-06-07,C2
INV0005952,20241231,STR0075,PRD00032,121,31,Adequate,8.1,2026-05-22,D1
INV0005953,20241231,STR0075,PRD00033,171,33,Adequate,14.2,2026-07-03,C1
INV0005954,20241231,STR0075,PRD00034,14,33,Reorder Required,1.1,2026-06-18,B1
INV0005955,20241231,STR0075,PRD00035,4,23,Reorder Required,0.8,2026-06-11,B2
INV0005956,20241231,STR0075,PRD00036,175,40,Adequate,29.2,2026-06-10,C2
INV0005957,20241231,STR0075,PRD00037,148,23,Adequate,24.7,2026-06-01,C1
INV0005958,20241231,STR0075,PRD00038,145,27,Adequate,18.1,2026-05-27,A1
INV0005959,20241231,STR0075,PRD00039,31,38,Reorder Required,3.1,2026-06-01,B2
INV0005960,20241231,STR0075,PRD00040,92,44,Adequate,46.0,2026-05-18,B2
INV0005961,20241231,STR0075,PRD00041,145,33,Adequate,29.0,2026-05-29,C1
INV0005962,20241231,STR0075,PRD00042,156,14,Adequate,17.3,2026-06-03,D1
INV0005963,20241231,STR0075,PRD00043,194,21,Adequate,24.2,2026-05-19,C1
INV0005964,20241231,STR0075,PRD00044,18,19,Reorder Required,1.8,2026-05-23,D1
INV0005965,20241231,STR0075,PRD00045,9,11,Reorder Required,1.8,2026-06-27,B2
INV0005966,20241231,STR0075,PRD00046,190,40,Adequate,95.0,2026-06-10,A2
INV0005967,20241231,STR0075,PRD00047,170,14,Adequate,24.3,2026-06-26,C2
INV0005968,20241231,STR0075,PRD00048,3,31,Reorder Required,0.2,2026-06-18,A1
INV0005969,20241231,STR0075,PRD00049,32,41,Reorder Required,2.1,2026-05-28,B2
INV0005970,20241231,STR0075,PRD00050,158,39,Adequate,52.7,2026-06-19,D1
INV0005971,20241231,STR0075,PRD00051,121,26,Adequate,8.1,2026-05-24,C2
INV0005972,20241231,STR0075,PRD00052,200,13,Adequate,18.2,2026-06-18,B1
INV0005973,20241231,STR0075,PRD00053,90,20,Adequate,6.0,2026-05-09,A2
INV0005974,20241231,STR0075,PRD00054,162,19,Adequate,18.0,2026-05-23,D1
INV0005975,20241231,STR0075,PRD00055,50,38,Adequate,5.6,2026-05-31,A1
INV0005976,20241231,STR0075,PRD00056,72,30,Adequate,36.0,2026-05-08,C2
INV0005977,20241231,STR0075,PRD00057,157,44,Adequate,19.6,2026-06-14,B1
INV0005978,20241231,STR0075,PRD00058,126,19,Adequate,10.5,2026-05-28,C2
INV0005979,20241231,STR0075,PRD00059,194,44,Adequate,17.6,2026-05-15,D1
INV0005980,20241231,STR0075,PRD00060,44,28,Adequate,44.0,2026-05-14,C1
INV0005981,20241231,STR0075,PRD00061,197,38,Adequate,15.2,2026-05-19,A2
INV0005982,20241231,STR0075,PRD00062,73,18,Adequate,14.6,2026-05-12,C1
INV0005983,20241231,STR0075,PRD00063,137,24,Adequate,27.4,2026-05-21,B2
INV0005984,20241231,STR0075,PRD00064,8,22,Reorder Required,1.3,2026-05-18,B2
INV0005985,20241231,STR0075,PRD00065,175,22,Adequate,87.5,2026-06-23,C1
INV0005986,20241231,STR0075,PRD00066,76,15,Adequate,8.4,2026-05-28,D1
INV0005987,20241231,STR0075,PRD00067,64,42,Adequate,4.9,2026-06-09,C2
INV0005988,20241231,STR0075,PRD00068,38,37,Adequate,3.2,2026-05-28,D1
INV0005989,20241231,STR0075,PRD00069,52,29,Adequate,5.2,2026-05-31,B1
INV0005990,20241231,STR0075,PRD00070,14,38,Reorder Required,7.0,2026-07-05,C2
INV0005991,20241231,STR0075,PRD00071,156,37,Adequate,19.5,2026-05-16,D1
INV0005992,20241231,STR0075,PRD00072,2,15,Reorder Required,0.2,2026-05-14,B1
INV0005993,20241231,STR0075,PRD00073,21,31,Reorder Required,2.3,2026-06-29,D1
INV0005994,20241231,STR0075,PRD00074,160,10,Adequate,22.9,2026-06-25,A1
INV0005995,20241231,STR0075,PRD00075,65,39,Adequate,5.0,2026-07-02,A1
INV0005996,20241231,STR0075,PRD00076,62,34,Adequate,6.9,2026-05-11,A1
INV0005997,20241231,STR0075,PRD00077,161,47,Adequate,80.5,2026-05-10,C2
INV0005998,20241231,STR0075,PRD00078,66,10,Adequate,66.0,2026-05-31,A1
INV0005999,20241231,STR0075,PRD00079,41,28,Adequate,10.2,2026-05-13,D1
INV0006000,20241231,STR0075,PRD00080,162,11,Adequate,40.5,2026-06-15,B1
INV0006001,20241231,STR0076,PRD00001,80,50,Adequate,5.3,2026-05-13,A2
INV0006002,20241231,STR0076,PRD00002,161,17,Adequate,12.4,2026-06-02,D1
INV0006003,20241231,STR0076,PRD00003,195,44,Adequate,15.0,2026-06-17,B1
INV0006004,20241231,STR0076,PRD00004,9,27,Reorder Required,0.6,2026-05-28,A1
INV0006005,20241231,STR0076,PRD00005,67,40,Adequate,6.1,2026-05-31,B1
INV0006006,20241231,STR0076,PRD00006,57,33,Adequate,8.1,2026-05-11,D1
INV0006007,20241231,STR0076,PRD00007,185,39,Adequate,46.2,2026-05-13,A2
INV0006008,20241231,STR0076,PRD00008,198,20,Adequate,18.0,2026-06-01,B2
INV0006009,20241231,STR0076,PRD00009,157,38,Adequate,10.5,2026-05-14,B1
INV0006010,20241231,STR0076,PRD00010,7,30,Reorder Required,2.3,2026-05-12,C2
INV0006011,20241231,STR0076,PRD00011,39,36,Adequate,4.3,2026-06-06,B1
INV0006012,20241231,STR0076,PRD00012,129,13,Adequate,9.9,2026-05-31,A2
INV0006013,20241231,STR0076,PRD00013,162,34,Adequate,162.0,2026-05-14,D1
INV0006014,20241231,STR0076,PRD00014,5,27,Reorder Required,0.5,2026-05-30,C2
INV0006015,20241231,STR0076,PRD00015,142,27,Adequate,15.8,2026-05-21,C2
INV0006016,20241231,STR0076,PRD00016,85,31,Adequate,5.7,2026-05-12,A2
INV0006017,20241231,STR0076,PRD00017,164,50,Adequate,13.7,2026-05-12,C2
INV0006018,20241231,STR0076,PRD00018,172,24,Adequate,34.4,2026-05-24,D1
INV0006019,20241231,STR0076,PRD00019,151,23,Adequate,151.0,2026-06-07,C2
INV0006020,20241231,STR0076,PRD00020,102,37,Adequate,20.4,2026-05-08,D1
INV0006021,20241231,STR0076,PRD00021,149,24,Adequate,18.6,2026-06-05,C1
INV0006022,20241231,STR0076,PRD00022,115,12,Adequate,16.4,2026-06-30,B1
INV0006023,20241231,STR0076,PRD00023,132,37,Adequate,14.7,2026-05-14,B2
INV0006024,20241231,STR0076,PRD00024,197,16,Adequate,19.7,2026-06-02,D1
INV0006025,20241231,STR0076,PRD00025,39,36,Adequate,39.0,2026-05-25,A2
INV0006026,20241231,STR0076,PRD00026,125,15,Adequate,9.6,2026-05-30,D1
INV0006027,20241231,STR0076,PRD00027,19,46,Reorder Required,1.9,2026-06-14,A1
INV0006028,20241231,STR0076,PRD00028,161,18,Adequate,12.4,2026-06-11,B1
INV0006029,20241231,STR0076,PRD00029,57,10,Adequate,5.2,2026-07-02,B2
INV0006030,20241231,STR0076,PRD00030,49,12,Adequate,3.3,2026-06-29,A2
INV0006031,20241231,STR0076,PRD00031,183,44,Adequate,45.8,2026-05-25,A2
INV0006032,20241231,STR0076,PRD00032,174,31,Adequate,19.3,2026-05-20,C1
INV0006033,20241231,STR0076,PRD00033,13,33,Reorder Required,1.3,2026-05-24,A1
INV0006034,20241231,STR0076,PRD00034,138,33,Adequate,12.5,2026-06-14,C1
INV0006035,20241231,STR0076,PRD00035,172,23,Adequate,172.0,2026-05-23,B2
INV0006036,20241231,STR0076,PRD00036,134,40,Adequate,16.8,2026-06-27,D1
INV0006037,20241231,STR0076,PRD00037,71,23,Adequate,17.8,2026-05-15,A1
INV0006038,20241231,STR0076,PRD00038,62,27,Adequate,5.2,2026-05-19,A2
INV0006039,20241231,STR0076,PRD00039,96,38,Adequate,6.9,2026-05-31,B1
INV0006040,20241231,STR0076,PRD00040,113,44,Adequate,9.4,2026-06-19,D1
INV0006041,20241231,STR0076,PRD00041,105,33,Adequate,8.8,2026-05-21,A2
INV0006042,20241231,STR0076,PRD00042,10,14,Reorder Required,1.4,2026-06-13,B2
INV0006043,20241231,STR0076,PRD00043,33,21,Adequate,16.5,2026-05-11,B2
INV0006044,20241231,STR0076,PRD00044,9,19,Reorder Required,0.7,2026-07-06,A1
INV0006045,20241231,STR0076,PRD00045,142,11,Adequate,17.8,2026-07-02,D1
INV0006046,20241231,STR0076,PRD00046,121,40,Adequate,121.0,2026-06-09,C2
INV0006047,20241231,STR0076,PRD00047,198,14,Adequate,39.6,2026-06-16,A2
INV0006048,20241231,STR0076,PRD00048,56,31,Adequate,4.0,2026-05-15,A2
INV0006049,20241231,STR0076,PRD00049,112,41,Adequate,11.2,2026-05-13,C2
INV0006050,20241231,STR0076,PRD00050,190,39,Adequate,17.3,2026-05-29,A1
INV0006051,20241231,STR0076,PRD00051,122,26,Adequate,122.0,2026-06-13,A2
INV0006052,20241231,STR0076,PRD00052,67,13,Adequate,5.6,2026-06-01,D1
INV0006053,20241231,STR0076,PRD00053,5,20,Reorder Required,1.7,2026-05-29,A2
INV0006054,20241231,STR0076,PRD00054,34,19,Adequate,2.8,2026-06-20,A2
INV0006055,20241231,STR0076,PRD00055,33,38,Reorder Required,2.4,2026-05-21,C2
INV0006056,20241231,STR0076,PRD00056,127,30,Adequate,8.5,2026-06-20,C2
INV0006057,20241231,STR0076,PRD00057,142,44,Adequate,10.9,2026-06-09,B1
INV0006058,20241231,STR0076,PRD00058,85,19,Adequate,6.5,2026-05-27,C2
INV0006059,20241231,STR0076,PRD00059,151,44,Adequate,37.8,2026-06-11,C1
INV0006060,20241231,STR0076,PRD00060,72,28,Adequate,14.4,2026-06-16,B1
INV0006061,20241231,STR0076,PRD00061,153,38,Adequate,153.0,2026-05-14,C1
INV0006062,20241231,STR0076,PRD00062,197,18,Adequate,28.1,2026-06-27,C1
INV0006063,20241231,STR0076,PRD00063,29,24,Adequate,2.9,2026-05-09,D1
INV0006064,20241231,STR0076,PRD00064,180,22,Adequate,30.0,2026-06-04,A2
INV0006065,20241231,STR0076,PRD00065,111,22,Adequate,15.9,2026-06-26,B2
INV0006066,20241231,STR0076,PRD00066,143,15,Adequate,35.8,2026-05-23,C2
INV0006067,20241231,STR0076,PRD00067,119,42,Adequate,8.5,2026-05-25,C2
INV0006068,20241231,STR0076,PRD00068,109,37,Adequate,15.6,2026-06-23,A2
INV0006069,20241231,STR0076,PRD00069,136,29,Adequate,136.0,2026-05-12,A2
INV0006070,20241231,STR0076,PRD00070,113,38,Adequate,56.5,2026-06-24,B1
INV0006071,20241231,STR0076,PRD00071,88,37,Adequate,88.0,2026-05-14,C2
INV0006072,20241231,STR0076,PRD00072,46,15,Adequate,6.6,2026-05-27,A2
INV0006073,20241231,STR0076,PRD00073,151,31,Adequate,15.1,2026-07-02,A2
INV0006074,20241231,STR0076,PRD00074,190,10,Adequate,23.8,2026-06-21,D1
INV0006075,20241231,STR0076,PRD00075,34,39,Reorder Required,5.7,2026-05-19,A1
INV0006076,20241231,STR0076,PRD00076,19,34,Reorder Required,9.5,2026-06-14,D1
INV0006077,20241231,STR0076,PRD00077,183,47,Adequate,91.5,2026-07-03,A2
INV0006078,20241231,STR0076,PRD00078,168,10,Adequate,18.7,2026-05-28,A2
INV0006079,20241231,STR0076,PRD00079,153,28,Adequate,10.2,2026-07-05,B2
INV0006080,20241231,STR0076,PRD00080,25,11,Adequate,6.2,2026-06-15,B2
INV0006081,20241231,STR0077,PRD00001,12,50,Reorder Required,6.0,2026-05-31,C2
INV0006082,20241231,STR0077,PRD00002,9,17,Reorder Required,3.0,2026-05-24,C1
INV0006083,20241231,STR0077,PRD00003,91,44,Adequate,91.0,2026-06-07,D1
INV0006084,20241231,STR0077,PRD00004,19,27,Reorder Required,1.4,2026-06-24,C1
INV0006085,20241231,STR0077,PRD00005,108,40,Adequate,15.4,2026-06-28,C1
INV0006086,20241231,STR0077,PRD00006,81,33,Adequate,5.8,2026-06-16,A2
INV0006087,20241231,STR0077,PRD00007,20,39,Reorder Required,1.7,2026-05-08,B2
INV0006088,20241231,STR0077,PRD00008,11,20,Reorder Required,2.8,2026-06-24,D1
INV0006089,20241231,STR0077,PRD00009,22,38,Reorder Required,7.3,2026-05-24,B2
INV0006090,20241231,STR0077,PRD00010,151,30,Adequate,75.5,2026-05-29,B2
INV0006091,20241231,STR0077,PRD00011,21,36,Reorder Required,5.2,2026-06-18,D1
INV0006092,20241231,STR0077,PRD00012,86,13,Adequate,9.6,2026-06-26,B1
INV0006093,20241231,STR0077,PRD00013,170,34,Adequate,14.2,2026-05-08,B2
INV0006094,20241231,STR0077,PRD00014,31,27,Adequate,3.1,2026-05-10,A2
INV0006095,20241231,STR0077,PRD00015,161,27,Adequate,32.2,2026-05-13,B2
INV0006096,20241231,STR0077,PRD00016,174,31,Adequate,17.4,2026-05-21,A2
INV0006097,20241231,STR0077,PRD00017,16,50,Reorder Required,1.3,2026-05-31,A1
INV0006098,20241231,STR0077,PRD00018,187,24,Adequate,13.4,2026-06-09,B1
INV0006099,20241231,STR0077,PRD00019,30,23,Adequate,2.5,2026-05-08,B2
INV0006100,20241231,STR0077,PRD00020,43,37,Adequate,21.5,2026-06-15,B1
INV0006101,20241231,STR0077,PRD00021,144,24,Adequate,13.1,2026-05-12,C2
INV0006102,20241231,STR0077,PRD00022,67,12,Adequate,33.5,2026-06-07,A2
INV0006103,20241231,STR0077,PRD00023,80,37,Adequate,7.3,2026-06-12,A1
INV0006104,20241231,STR0077,PRD00024,103,16,Adequate,17.2,2026-05-27,A2
INV0006105,20241231,STR0077,PRD00025,17,36,Reorder Required,2.1,2026-05-24,B2
INV0006106,20241231,STR0077,PRD00026,70,15,Adequate,11.7,2026-05-28,C2
INV0006107,20241231,STR0077,PRD00027,134,46,Adequate,12.2,2026-06-10,C2
INV0006108,20241231,STR0077,PRD00028,12,18,Reorder Required,0.9,2026-07-02,B2
INV0006109,20241231,STR0077,PRD00029,13,10,Adequate,1.1,2026-05-30,B1
INV0006110,20241231,STR0077,PRD00030,155,12,Adequate,12.9,2026-05-17,D1
INV0006111,20241231,STR0077,PRD00031,100,44,Adequate,8.3,2026-05-14,A2
INV0006112,20241231,STR0077,PRD00032,48,31,Adequate,4.8,2026-05-29,C2
INV0006113,20241231,STR0077,PRD00033,52,33,Adequate,52.0,2026-05-30,B2
INV0006114,20241231,STR0077,PRD00034,53,33,Adequate,3.5,2026-05-22,A2
INV0006115,20241231,STR0077,PRD00035,140,23,Adequate,11.7,2026-06-11,A1
INV0006116,20241231,STR0077,PRD00036,6,40,Reorder Required,0.6,2026-06-17,B2
INV0006117,20241231,STR0077,PRD00037,153,23,Adequate,38.2,2026-05-21,A1
INV0006118,20241231,STR0077,PRD00038,112,27,Adequate,11.2,2026-05-25,C1
INV0006119,20241231,STR0077,PRD00039,100,38,Adequate,11.1,2026-07-02,A1
INV0006120,20241231,STR0077,PRD00040,132,44,Adequate,66.0,2026-05-20,C2
INV0006121,20241231,STR0077,PRD00041,162,33,Adequate,20.2,2026-05-28,A2
INV0006122,20241231,STR0077,PRD00042,122,14,Adequate,15.2,2026-05-09,B2
INV0006123,20241231,STR0077,PRD00043,96,21,Adequate,32.0,2026-05-24,C2
INV0006124,20241231,STR0077,PRD00044,105,19,Adequate,13.1,2026-06-25,D1
INV0006125,20241231,STR0077,PRD00045,137,11,Adequate,68.5,2026-06-23,B1
INV0006126,20241231,STR0077,PRD00046,96,40,Adequate,6.9,2026-06-16,C1
INV0006127,20241231,STR0077,PRD00047,17,14,Adequate,1.2,2026-07-05,B1
INV0006128,20241231,STR0077,PRD00048,155,31,Adequate,15.5,2026-05-15,C2
INV0006129,20241231,STR0077,PRD00049,29,41,Reorder Required,2.9,2026-05-20,B2
INV0006130,20241231,STR0077,PRD00050,130,39,Adequate,16.2,2026-06-16,C1
INV0006131,20241231,STR0077,PRD00051,133,26,Adequate,66.5,2026-06-15,C1
INV0006132,20241231,STR0077,PRD00052,81,13,Adequate,40.5,2026-05-14,A1
INV0006133,20241231,STR0077,PRD00053,159,20,Adequate,22.7,2026-05-09,A1
INV0006134,20241231,STR0077,PRD00054,160,19,Adequate,53.3,2026-06-25,B1
INV0006135,20241231,STR0077,PRD00055,163,38,Adequate,40.8,2026-06-20,A1
INV0006136,20241231,STR0077,PRD00056,2,30,Reorder Required,0.2,2026-06-09,A1
INV0006137,20241231,STR0077,PRD00057,159,44,Adequate,39.8,2026-06-29,A1
INV0006138,20241231,STR0077,PRD00058,143,19,Adequate,14.3,2026-05-10,A1
INV0006139,20241231,STR0077,PRD00059,140,44,Adequate,35.0,2026-07-05,B1
INV0006140,20241231,STR0077,PRD00060,74,28,Adequate,18.5,2026-06-27,A1
INV0006141,20241231,STR0077,PRD00061,164,38,Adequate,11.7,2026-06-22,A2
INV0006142,20241231,STR0077,PRD00062,92,18,Adequate,46.0,2026-05-29,C1
INV0006143,20241231,STR0077,PRD00063,43,24,Adequate,2.9,2026-06-14,D1
INV0006144,20241231,STR0077,PRD00064,65,22,Adequate,10.8,2026-06-23,B1
INV0006145,20241231,STR0077,PRD00065,20,22,Reorder Required,20.0,2026-06-19,A2
INV0006146,20241231,STR0077,PRD00066,30,15,Adequate,3.8,2026-05-30,B1
INV0006147,20241231,STR0077,PRD00067,102,42,Adequate,8.5,2026-06-04,D1
INV0006148,20241231,STR0077,PRD00068,178,37,Adequate,35.6,2026-06-16,B1
INV0006149,20241231,STR0077,PRD00069,164,29,Adequate,10.9,2026-07-06,C2
INV0006150,20241231,STR0077,PRD00070,150,38,Adequate,13.6,2026-05-26,B2
INV0006151,20241231,STR0077,PRD00071,179,37,Adequate,35.8,2026-07-06,B2
INV0006152,20241231,STR0077,PRD00072,67,15,Adequate,16.8,2026-06-23,B2
INV0006153,20241231,STR0077,PRD00073,77,31,Adequate,12.8,2026-06-21,B2
INV0006154,20241231,STR0077,PRD00074,36,10,Adequate,3.6,2026-05-23,A1
INV0006155,20241231,STR0077,PRD00075,93,39,Adequate,7.8,2026-05-24,D1
INV0006156,20241231,STR0077,PRD00076,151,34,Adequate,50.3,2026-06-15,D1
INV0006157,20241231,STR0077,PRD00077,57,47,Adequate,14.2,2026-05-13,B1
INV0006158,20241231,STR0077,PRD00078,146,10,Adequate,73.0,2026-06-13,C2
INV0006159,20241231,STR0077,PRD00079,27,28,Reorder Required,3.9,2026-06-21,A2
INV0006160,20241231,STR0077,PRD00080,77,11,Adequate,5.5,2026-06-29,C2
INV0006161,20241231,STR0078,PRD00001,30,50,Reorder Required,2.1,2026-07-05,C2
INV0006162,20241231,STR0078,PRD00002,74,17,Adequate,14.8,2026-07-02,A2
INV0006163,20241231,STR0078,PRD00003,41,44,Reorder Required,13.7,2026-06-15,A1
INV0006164,20241231,STR0078,PRD00004,156,27,Adequate,13.0,2026-06-23,D1
INV0006165,20241231,STR0078,PRD00005,113,40,Adequate,8.1,2026-06-21,B1
INV0006166,20241231,STR0078,PRD00006,53,33,Adequate,10.6,2026-06-29,C1
INV0006167,20241231,STR0078,PRD00007,157,39,Adequate,52.3,2026-06-29,B1
INV0006168,20241231,STR0078,PRD00008,188,20,Adequate,18.8,2026-05-15,D1
INV0006169,20241231,STR0078,PRD00009,33,38,Reorder Required,2.2,2026-06-19,C1
INV0006170,20241231,STR0078,PRD00010,181,30,Adequate,12.1,2026-05-10,A1
INV0006171,20241231,STR0078,PRD00011,150,36,Adequate,11.5,2026-06-27,B2
INV0006172,20241231,STR0078,PRD00012,63,13,Adequate,9.0,2026-05-29,C1
INV0006173,20241231,STR0078,PRD00013,14,34,Reorder Required,1.2,2026-06-25,A2
INV0006174,20241231,STR0078,PRD00014,84,27,Adequate,9.3,2026-07-03,B2
INV0006175,20241231,STR0078,PRD00015,116,27,Adequate,23.2,2026-06-21,C1
INV0006176,20241231,STR0078,PRD00016,129,31,Adequate,21.5,2026-06-20,B1
INV0006177,20241231,STR0078,PRD00017,72,50,Adequate,12.0,2026-06-28,B2
INV0006178,20241231,STR0078,PRD00018,43,24,Adequate,10.8,2026-06-10,C2
INV0006179,20241231,STR0078,PRD00019,86,23,Adequate,6.6,2026-06-19,B1
INV0006180,20241231,STR0078,PRD00020,105,37,Adequate,52.5,2026-06-23,B1
INV0006181,20241231,STR0078,PRD00021,127,24,Adequate,12.7,2026-06-06,B2
INV0006182,20241231,STR0078,PRD00022,194,12,Adequate,97.0,2026-06-06,A1
INV0006183,20241231,STR0078,PRD00023,4,37,Reorder Required,2.0,2026-06-28,A2
INV0006184,20241231,STR0078,PRD00024,180,16,Adequate,36.0,2026-05-27,C1
INV0006185,20241231,STR0078,PRD00025,82,36,Adequate,27.3,2026-06-04,A2
INV0006186,20241231,STR0078,PRD00026,195,15,Adequate,24.4,2026-05-16,A2
INV0006187,20241231,STR0078,PRD00027,155,46,Adequate,11.9,2026-06-29,C2
INV0006188,20241231,STR0078,PRD00028,83,18,Adequate,20.8,2026-06-21,A2
INV0006189,20241231,STR0078,PRD00029,137,10,Adequate,27.4,2026-05-23,D1
INV0006190,20241231,STR0078,PRD00030,139,12,Adequate,11.6,2026-07-01,D1
INV0006191,20241231,STR0078,PRD00031,47,44,Adequate,47.0,2026-06-09,B1
INV0006192,20241231,STR0078,PRD00032,118,31,Adequate,9.8,2026-06-29,B2
INV0006193,20241231,STR0078,PRD00033,135,33,Adequate,33.8,2026-06-11,D1
INV0006194,20241231,STR0078,PRD00034,100,33,Adequate,10.0,2026-07-04,D1
INV0006195,20241231,STR0078,PRD00035,185,23,Adequate,37.0,2026-06-29,A2
INV0006196,20241231,STR0078,PRD00036,177,40,Adequate,59.0,2026-07-02,A1
INV0006197,20241231,STR0078,PRD00037,126,23,Adequate,25.2,2026-05-30,A2
INV0006198,20241231,STR0078,PRD00038,134,27,Adequate,22.3,2026-05-25,A1
INV0006199,20241231,STR0078,PRD00039,56,38,Adequate,18.7,2026-06-11,C2
INV0006200,20241231,STR0078,PRD00040,135,44,Adequate,22.5,2026-05-30,B1
INV0006201,20241231,STR0078,PRD00041,193,33,Adequate,14.8,2026-06-08,C2
INV0006202,20241231,STR0078,PRD00042,112,14,Adequate,10.2,2026-07-03,C2
INV0006203,20241231,STR0078,PRD00043,160,21,Adequate,32.0,2026-06-26,A2
INV0006204,20241231,STR0078,PRD00044,7,19,Reorder Required,2.3,2026-05-30,A2
INV0006205,20241231,STR0078,PRD00045,123,11,Adequate,9.5,2026-06-08,D1
INV0006206,20241231,STR0078,PRD00046,146,40,Adequate,29.2,2026-06-13,D1
INV0006207,20241231,STR0078,PRD00047,87,14,Adequate,21.8,2026-07-02,A1
INV0006208,20241231,STR0078,PRD00048,62,31,Adequate,5.2,2026-06-15,D1
INV0006209,20241231,STR0078,PRD00049,117,41,Adequate,11.7,2026-07-06,B2
INV0006210,20241231,STR0078,PRD00050,2,39,Reorder Required,0.1,2026-05-20,C1
INV0006211,20241231,STR0078,PRD00051,75,26,Adequate,18.8,2026-05-11,C2
INV0006212,20241231,STR0078,PRD00052,148,13,Adequate,49.3,2026-07-06,B1
INV0006213,20241231,STR0078,PRD00053,177,20,Adequate,44.2,2026-05-10,B2
INV0006214,20241231,STR0078,PRD00054,70,19,Adequate,17.5,2026-05-16,B1
INV0006215,20241231,STR0078,PRD00055,46,38,Adequate,3.5,2026-06-07,A2
INV0006216,20241231,STR0078,PRD00056,60,30,Adequate,8.6,2026-05-22,A2
INV0006217,20241231,STR0078,PRD00057,119,44,Adequate,17.0,2026-06-05,B1
INV0006218,20241231,STR0078,PRD00058,168,19,Adequate,11.2,2026-05-20,D1
INV0006219,20241231,STR0078,PRD00059,161,44,Adequate,16.1,2026-06-17,B2
INV0006220,20241231,STR0078,PRD00060,112,28,Adequate,28.0,2026-06-14,C2
INV0006221,20241231,STR0078,PRD00061,67,38,Adequate,8.4,2026-06-23,D1
INV0006222,20241231,STR0078,PRD00062,65,18,Adequate,8.1,2026-05-19,A1
INV0006223,20241231,STR0078,PRD00063,63,24,Adequate,4.2,2026-05-12,B1
INV0006224,20241231,STR0078,PRD00064,99,22,Adequate,9.0,2026-06-11,D1
INV0006225,20241231,STR0078,PRD00065,138,22,Adequate,9.2,2026-06-04,C1
INV0006226,20241231,STR0078,PRD00066,116,15,Adequate,9.7,2026-06-07,D1
INV0006227,20241231,STR0078,PRD00067,122,42,Adequate,9.4,2026-05-29,A1
INV0006228,20241231,STR0078,PRD00068,30,37,Reorder Required,6.0,2026-07-05,B2
INV0006229,20241231,STR0078,PRD00069,173,29,Adequate,15.7,2026-05-28,C2
INV0006230,20241231,STR0078,PRD00070,29,38,Reorder Required,1.9,2026-07-06,D1
INV0006231,20241231,STR0078,PRD00071,161,37,Adequate,16.1,2026-05-14,B2
INV0006232,20241231,STR0078,PRD00072,39,15,Adequate,7.8,2026-05-12,A2
INV0006233,20241231,STR0078,PRD00073,145,31,Adequate,20.7,2026-06-13,C2
INV0006234,20241231,STR0078,PRD00074,70,10,Adequate,35.0,2026-06-16,A1
INV0006235,20241231,STR0078,PRD00075,136,39,Adequate,11.3,2026-06-30,B2
INV0006236,20241231,STR0078,PRD00076,199,34,Adequate,18.1,2026-05-30,C1
INV0006237,20241231,STR0078,PRD00077,157,47,Adequate,78.5,2026-06-10,B2
INV0006238,20241231,STR0078,PRD00078,98,10,Adequate,19.6,2026-06-11,B1
INV0006239,20241231,STR0078,PRD00079,22,28,Reorder Required,7.3,2026-05-26,B2
INV0006240,20241231,STR0078,PRD00080,21,11,Adequate,1.8,2026-05-30,C1
INV0006241,20241231,STR0079,PRD00001,153,50,Adequate,10.9,2026-06-08,B2
INV0006242,20241231,STR0079,PRD00002,178,17,Adequate,14.8,2026-06-03,A2
INV0006243,20241231,STR0079,PRD00003,94,44,Adequate,13.4,2026-06-21,B2
INV0006244,20241231,STR0079,PRD00004,45,27,Adequate,7.5,2026-05-13,A2
INV0006245,20241231,STR0079,PRD00005,109,40,Adequate,15.6,2026-05-17,D1
INV0006246,20241231,STR0079,PRD00006,43,33,Adequate,5.4,2026-05-14,B1
INV0006247,20241231,STR0079,PRD00007,173,39,Adequate,34.6,2026-07-01,B2
INV0006248,20241231,STR0079,PRD00008,50,20,Adequate,5.6,2026-05-30,D1
INV0006249,20241231,STR0079,PRD00009,44,38,Adequate,4.4,2026-06-07,A1
INV0006250,20241231,STR0079,PRD00010,55,30,Adequate,5.0,2026-05-31,A1
INV0006251,20241231,STR0079,PRD00011,148,36,Adequate,37.0,2026-06-19,B2
INV0006252,20241231,STR0079,PRD00012,69,13,Adequate,5.3,2026-06-03,B2
INV0006253,20241231,STR0079,PRD00013,13,34,Reorder Required,1.4,2026-06-24,C2
INV0006254,20241231,STR0079,PRD00014,156,27,Adequate,17.3,2026-05-31,D1
INV0006255,20241231,STR0079,PRD00015,81,27,Adequate,40.5,2026-06-10,A1
INV0006256,20241231,STR0079,PRD00016,50,31,Adequate,3.3,2026-05-11,B2
INV0006257,20241231,STR0079,PRD00017,140,50,Adequate,12.7,2026-05-13,B1
INV0006258,20241231,STR0079,PRD00018,80,24,Adequate,8.0,2026-07-04,D1
INV0006259,20241231,STR0079,PRD00019,184,23,Adequate,12.3,2026-06-09,C1
INV0006260,20241231,STR0079,PRD00020,68,37,Adequate,4.9,2026-05-22,C2
INV0006261,20241231,STR0079,PRD00021,35,24,Adequate,2.7,2026-06-03,C1
INV0006262,20241231,STR0079,PRD00022,175,12,Adequate,35.0,2026-06-18,B2
INV0006263,20241231,STR0079,PRD00023,129,37,Adequate,16.1,2026-06-26,C2
INV0006264,20241231,STR0079,PRD00024,131,16,Adequate,10.1,2026-07-05,C2
INV0006265,20241231,STR0079,PRD00025,7,36,Reorder Required,0.9,2026-06-01,B2
INV0006266,20241231,STR0079,PRD00026,138,15,Adequate,10.6,2026-06-08,A2
INV0006267,20241231,STR0079,PRD00027,128,46,Adequate,32.0,2026-05-23,A2
INV0006268,20241231,STR0079,PRD00028,67,18,Adequate,9.6,2026-05-19,B2
INV0006269,20241231,STR0079,PRD00029,103,10,Adequate,34.3,2026-05-22,B2
INV0006270,20241231,STR0079,PRD00030,192,12,Adequate,14.8,2026-06-20,D1
INV0006271,20241231,STR0079,PRD00031,171,44,Adequate,15.5,2026-06-17,B1
INV0006272,20241231,STR0079,PRD00032,182,31,Adequate,45.5,2026-05-17,C1
INV0006273,20241231,STR0079,PRD00033,5,33,Reorder Required,0.6,2026-05-21,B2
INV0006274,20241231,STR0079,PRD00034,58,33,Adequate,4.8,2026-05-16,B2
INV0006275,20241231,STR0079,PRD00035,169,23,Adequate,169.0,2026-06-09,C1
INV0006276,20241231,STR0079,PRD00036,35,40,Reorder Required,7.0,2026-05-20,C2
INV0006277,20241231,STR0079,PRD00037,103,23,Adequate,103.0,2026-06-17,B1
INV0006278,20241231,STR0079,PRD00038,47,27,Adequate,3.1,2026-07-01,C1
INV0006279,20241231,STR0079,PRD00039,182,38,Adequate,26.0,2026-06-20,A1
INV0006280,20241231,STR0079,PRD00040,198,44,Adequate,18.0,2026-05-14,C2
INV0006281,20241231,STR0079,PRD00041,31,33,Reorder Required,15.5,2026-06-24,A1
INV0006282,20241231,STR0079,PRD00042,163,14,Adequate,11.6,2026-05-26,B1
INV0006283,20241231,STR0079,PRD00043,193,21,Adequate,27.6,2026-07-05,B2
INV0006284,20241231,STR0079,PRD00044,178,19,Adequate,29.7,2026-05-14,A2
INV0006285,20241231,STR0079,PRD00045,14,11,Adequate,2.8,2026-07-06,D1
INV0006286,20241231,STR0079,PRD00046,115,40,Adequate,16.4,2026-06-30,B1
INV0006287,20241231,STR0079,PRD00047,33,14,Adequate,16.5,2026-06-01,B2
INV0006288,20241231,STR0079,PRD00048,200,31,Adequate,15.4,2026-06-11,B1
INV0006289,20241231,STR0079,PRD00049,76,41,Adequate,6.9,2026-05-24,C2
INV0006290,20241231,STR0079,PRD00050,196,39,Adequate,16.3,2026-07-01,A2
INV0006291,20241231,STR0079,PRD00051,195,26,Adequate,21.7,2026-06-04,C1
INV0006292,20241231,STR0079,PRD00052,16,13,Adequate,2.7,2026-06-10,B1
INV0006293,20241231,STR0079,PRD00053,77,20,Adequate,6.4,2026-05-31,C1
INV0006294,20241231,STR0079,PRD00054,1,19,Reorder Required,0.1,2026-06-07,C1
INV0006295,20241231,STR0079,PRD00055,85,38,Adequate,6.1,2026-07-04,C1
INV0006296,20241231,STR0079,PRD00056,11,30,Reorder Required,0.9,2026-07-01,A1
INV0006297,20241231,STR0079,PRD00057,44,44,Reorder Required,3.1,2026-07-06,D1
INV0006298,20241231,STR0079,PRD00058,58,19,Adequate,8.3,2026-06-12,B1
INV0006299,20241231,STR0079,PRD00059,56,44,Adequate,8.0,2026-06-29,B2
INV0006300,20241231,STR0079,PRD00060,138,28,Adequate,9.2,2026-06-25,B2
INV0006301,20241231,STR0079,PRD00061,187,38,Adequate,62.3,2026-06-09,D1
INV0006302,20241231,STR0079,PRD00062,172,18,Adequate,34.4,2026-05-30,C1
INV0006303,20241231,STR0079,PRD00063,194,24,Adequate,12.9,2026-06-02,A2
INV0006304,20241231,STR0079,PRD00064,31,22,Adequate,2.1,2026-06-24,C2
INV0006305,20241231,STR0079,PRD00065,168,22,Adequate,24.0,2026-05-09,C2
INV0006306,20241231,STR0079,PRD00066,171,15,Adequate,24.4,2026-06-07,D1
INV0006307,20241231,STR0079,PRD00067,111,42,Adequate,55.5,2026-06-17,B2
INV0006308,20241231,STR0079,PRD00068,153,37,Adequate,10.9,2026-05-23,B2
INV0006309,20241231,STR0079,PRD00069,54,29,Adequate,10.8,2026-06-14,B1
INV0006310,20241231,STR0079,PRD00070,72,38,Adequate,5.5,2026-05-17,B1
INV0006311,20241231,STR0079,PRD00071,101,37,Adequate,8.4,2026-05-26,B2
INV0006312,20241231,STR0079,PRD00072,87,15,Adequate,29.0,2026-05-28,A1
INV0006313,20241231,STR0079,PRD00073,107,31,Adequate,8.9,2026-06-29,A2
INV0006314,20241231,STR0079,PRD00074,51,10,Adequate,10.2,2026-06-10,B1
INV0006315,20241231,STR0079,PRD00075,163,39,Adequate,54.3,2026-06-12,C1
INV0006316,20241231,STR0079,PRD00076,10,34,Reorder Required,10.0,2026-06-08,A1
INV0006317,20241231,STR0079,PRD00077,118,47,Adequate,23.6,2026-05-26,B1
INV0006318,20241231,STR0079,PRD00078,54,10,Adequate,9.0,2026-05-15,C1
INV0006319,20241231,STR0079,PRD00079,33,28,Adequate,2.5,2026-06-01,A2
INV0006320,20241231,STR0079,PRD00080,24,11,Adequate,2.2,2026-07-04,B2
INV0006321,20241231,STR0080,PRD00001,35,50,Reorder Required,4.4,2026-06-23,A2
INV0006322,20241231,STR0080,PRD00002,146,17,Adequate,10.4,2026-05-11,D1
INV0006323,20241231,STR0080,PRD00003,62,44,Adequate,4.1,2026-05-24,A2
INV0006324,20241231,STR0080,PRD00004,8,27,Reorder Required,2.7,2026-07-03,B1
INV0006325,20241231,STR0080,PRD00005,120,40,Adequate,10.9,2026-06-24,A1
INV0006326,20241231,STR0080,PRD00006,17,33,Reorder Required,1.9,2026-05-16,C1
INV0006327,20241231,STR0080,PRD00007,122,39,Adequate,9.4,2026-05-28,A2
INV0006328,20241231,STR0080,PRD00008,152,20,Adequate,25.3,2026-05-23,B1
INV0006329,20241231,STR0080,PRD00009,0,38,Reorder Required,0.0,2026-05-17,A2
INV0006330,20241231,STR0080,PRD00010,37,30,Adequate,3.1,2026-06-08,B2
INV0006331,20241231,STR0080,PRD00011,92,36,Adequate,46.0,2026-05-27,A1
INV0006332,20241231,STR0080,PRD00012,43,13,Adequate,2.9,2026-06-30,C2
INV0006333,20241231,STR0080,PRD00013,67,34,Adequate,9.6,2026-07-02,B2
INV0006334,20241231,STR0080,PRD00014,47,27,Adequate,5.9,2026-06-10,B2
INV0006335,20241231,STR0080,PRD00015,99,27,Adequate,33.0,2026-06-27,B1
INV0006336,20241231,STR0080,PRD00016,85,31,Adequate,21.2,2026-06-23,C2
INV0006337,20241231,STR0080,PRD00017,87,50,Adequate,5.8,2026-05-11,A1
INV0006338,20241231,STR0080,PRD00018,53,24,Adequate,8.8,2026-06-03,C2
INV0006339,20241231,STR0080,PRD00019,184,23,Adequate,14.2,2026-06-14,B1
INV0006340,20241231,STR0080,PRD00020,11,37,Reorder Required,0.7,2026-07-04,D1
INV0006341,20241231,STR0080,PRD00021,64,24,Adequate,7.1,2026-07-05,A2
INV0006342,20241231,STR0080,PRD00022,101,12,Adequate,9.2,2026-06-24,B2
INV0006343,20241231,STR0080,PRD00023,89,37,Adequate,29.7,2026-06-08,B2
INV0006344,20241231,STR0080,PRD00024,37,16,Adequate,2.6,2026-05-22,A1
INV0006345,20241231,STR0080,PRD00025,65,36,Adequate,16.2,2026-06-06,D1
INV0006346,20241231,STR0080,PRD00026,149,15,Adequate,37.2,2026-06-21,A1
INV0006347,20241231,STR0080,PRD00027,184,46,Adequate,61.3,2026-06-24,D1
INV0006348,20241231,STR0080,PRD00028,58,18,Adequate,58.0,2026-06-27,B2
INV0006349,20241231,STR0080,PRD00029,103,10,Adequate,20.6,2026-05-18,A2
INV0006350,20241231,STR0080,PRD00030,70,12,Adequate,7.8,2026-06-27,C2
INV0006351,20241231,STR0080,PRD00031,139,44,Adequate,10.7,2026-06-17,D1
INV0006352,20241231,STR0080,PRD00032,58,31,Adequate,7.2,2026-06-30,A1
INV0006353,20241231,STR0080,PRD00033,97,33,Adequate,13.9,2026-05-15,B2
INV0006354,20241231,STR0080,PRD00034,14,33,Reorder Required,4.7,2026-06-06,A1
INV0006355,20241231,STR0080,PRD00035,109,23,Adequate,36.3,2026-06-12,D1
INV0006356,20241231,STR0080,PRD00036,34,40,Reorder Required,3.8,2026-06-15,D1
INV0006357,20241231,STR0080,PRD00037,7,23,Reorder Required,1.0,2026-06-21,A2
INV0006358,20241231,STR0080,PRD00038,132,27,Adequate,11.0,2026-06-21,C2
INV0006359,20241231,STR0080,PRD00039,199,38,Adequate,199.0,2026-05-22,C2
INV0006360,20241231,STR0080,PRD00040,117,44,Adequate,16.7,2026-05-19,A1
INV0006361,20241231,STR0080,PRD00041,122,33,Adequate,15.2,2026-05-21,C1
INV0006362,20241231,STR0080,PRD00042,156,14,Adequate,39.0,2026-05-29,A1
INV0006363,20241231,STR0080,PRD00043,104,21,Adequate,52.0,2026-05-17,A1
INV0006364,20241231,STR0080,PRD00044,43,19,Adequate,2.9,2026-05-12,C1
INV0006365,20241231,STR0080,PRD00045,162,11,Adequate,10.8,2026-05-30,A2
INV0006366,20241231,STR0080,PRD00046,96,40,Adequate,8.7,2026-06-19,A1
INV0006367,20241231,STR0080,PRD00047,157,14,Adequate,78.5,2026-05-19,A2
INV0006368,20241231,STR0080,PRD00048,133,31,Adequate,33.2,2026-07-06,D1
INV0006369,20241231,STR0080,PRD00049,156,41,Adequate,39.0,2026-06-14,C1
INV0006370,20241231,STR0080,PRD00050,12,39,Reorder Required,2.4,2026-06-01,A2
INV0006371,20241231,STR0080,PRD00051,3,26,Reorder Required,0.4,2026-05-23,B1
INV0006372,20241231,STR0080,PRD00052,193,13,Adequate,38.6,2026-06-23,B2
INV0006373,20241231,STR0080,PRD00053,111,20,Adequate,7.9,2026-06-26,A2
INV0006374,20241231,STR0080,PRD00054,106,19,Adequate,7.6,2026-07-06,C1
INV0006375,20241231,STR0080,PRD00055,24,38,Reorder Required,6.0,2026-06-08,B1
INV0006376,20241231,STR0080,PRD00056,155,30,Adequate,51.7,2026-06-07,A1
INV0006377,20241231,STR0080,PRD00057,178,44,Adequate,11.9,2026-05-16,D1
INV0006378,20241231,STR0080,PRD00058,169,19,Adequate,15.4,2026-05-30,B2
INV0006379,20241231,STR0080,PRD00059,118,44,Adequate,23.6,2026-06-03,A1
INV0006380,20241231,STR0080,PRD00060,148,28,Adequate,12.3,2026-06-23,B1
INV0006381,20241231,STR0080,PRD00061,113,38,Adequate,11.3,2026-05-12,B2
INV0006382,20241231,STR0080,PRD00062,18,18,Reorder Required,3.0,2026-05-26,A2
INV0006383,20241231,STR0080,PRD00063,79,24,Adequate,9.9,2026-06-12,B1
INV0006384,20241231,STR0080,PRD00064,138,22,Adequate,17.2,2026-05-20,C2
INV0006385,20241231,STR0080,PRD00065,19,22,Reorder Required,1.4,2026-05-09,A2
INV0006386,20241231,STR0080,PRD00066,96,15,Adequate,12.0,2026-05-18,B2
INV0006387,20241231,STR0080,PRD00067,115,42,Adequate,8.2,2026-06-30,C1
INV0006388,20241231,STR0080,PRD00068,7,37,Reorder Required,0.6,2026-06-03,A2
INV0006389,20241231,STR0080,PRD00069,38,29,Adequate,4.2,2026-05-22,B1
INV0006390,20241231,STR0080,PRD00070,62,38,Adequate,6.2,2026-05-18,C1
INV0006391,20241231,STR0080,PRD00071,137,37,Adequate,10.5,2026-05-22,B2
INV0006392,20241231,STR0080,PRD00072,25,15,Adequate,2.5,2026-06-16,A1
INV0006393,20241231,STR0080,PRD00073,64,31,Adequate,4.6,2026-06-13,A2
INV0006394,20241231,STR0080,PRD00074,103,10,Adequate,7.9,2026-06-29,D1
INV0006395,20241231,STR0080,PRD00075,146,39,Adequate,13.3,2026-05-22,C2
INV0006396,20241231,STR0080,PRD00076,196,34,Adequate,13.1,2026-05-29,B1
INV0006397,20241231,STR0080,PRD00077,89,47,Adequate,5.9,2026-06-15,C2
INV0006398,20241231,STR0080,PRD00078,15,10,Adequate,1.2,2026-07-06,C1
INV0006399,20241231,STR0080,PRD00079,167,28,Adequate,23.9,2026-06-19,B2
INV0006400,20241231,STR0080,PRD00080,18,11,Adequate,1.6,2026-05-12,B1
INV0006401,20241231,STR0081,PRD00001,50,50,Reorder Required,3.6,2026-07-05,A2
INV0006402,20241231,STR0081,PRD00002,95,17,Adequate,6.3,2026-05-10,A2
INV0006403,20241231,STR0081,PRD00003,69,44,Adequate,4.6,2026-07-06,B1
INV0006404,20241231,STR0081,PRD00004,192,27,Adequate,96.0,2026-05-30,C2
INV0006405,20241231,STR0081,PRD00005,123,40,Adequate,13.7,2026-06-15,D1
INV0006406,20241231,STR0081,PRD00006,200,33,Adequate,40.0,2026-06-07,C1
INV0006407,20241231,STR0081,PRD00007,145,39,Adequate,16.1,2026-06-23,C2
INV0006408,20241231,STR0081,PRD00008,120,20,Adequate,20.0,2026-07-05,D1
INV0006409,20241231,STR0081,PRD00009,167,38,Adequate,11.1,2026-06-27,D1
INV0006410,20241231,STR0081,PRD00010,145,30,Adequate,11.2,2026-06-18,D1
INV0006411,20241231,STR0081,PRD00011,37,36,Adequate,9.2,2026-06-18,C2
INV0006412,20241231,STR0081,PRD00012,94,13,Adequate,31.3,2026-07-04,C1
INV0006413,20241231,STR0081,PRD00013,190,34,Adequate,21.1,2026-06-19,A2
INV0006414,20241231,STR0081,PRD00014,93,27,Adequate,13.3,2026-06-27,B1
INV0006415,20241231,STR0081,PRD00015,18,27,Reorder Required,1.5,2026-06-25,B1
INV0006416,20241231,STR0081,PRD00016,56,31,Adequate,9.3,2026-06-11,C2
INV0006417,20241231,STR0081,PRD00017,76,50,Adequate,10.9,2026-06-11,C2
INV0006418,20241231,STR0081,PRD00018,200,24,Adequate,28.6,2026-07-06,B1
INV0006419,20241231,STR0081,PRD00019,115,23,Adequate,8.8,2026-05-29,A2
INV0006420,20241231,STR0081,PRD00020,7,37,Reorder Required,2.3,2026-05-09,B2
INV0006421,20241231,STR0081,PRD00021,33,24,Adequate,2.4,2026-07-05,A2
INV0006422,20241231,STR0081,PRD00022,31,12,Adequate,2.6,2026-05-17,B1
INV0006423,20241231,STR0081,PRD00023,135,37,Adequate,15.0,2026-06-06,A2
INV0006424,20241231,STR0081,PRD00024,134,16,Adequate,16.8,2026-05-13,C1
INV0006425,20241231,STR0081,PRD00025,37,36,Adequate,5.3,2026-07-06,A2
INV0006426,20241231,STR0081,PRD00026,65,15,Adequate,5.9,2026-06-25,B2
INV0006427,20241231,STR0081,PRD00027,60,46,Adequate,5.5,2026-06-17,B1
INV0006428,20241231,STR0081,PRD00028,105,18,Adequate,9.5,2026-06-25,D1
INV0006429,20241231,STR0081,PRD00029,160,10,Adequate,20.0,2026-06-15,B1
INV0006430,20241231,STR0081,PRD00030,28,12,Adequate,2.0,2026-07-05,B1
INV0006431,20241231,STR0081,PRD00031,127,44,Adequate,11.5,2026-06-27,B1
INV0006432,20241231,STR0081,PRD00032,4,31,Reorder Required,0.3,2026-07-04,B1
INV0006433,20241231,STR0081,PRD00033,138,33,Adequate,13.8,2026-05-16,C2
INV0006434,20241231,STR0081,PRD00034,194,33,Adequate,48.5,2026-05-20,D1
INV0006435,20241231,STR0081,PRD00035,72,23,Adequate,72.0,2026-05-19,D1
INV0006436,20241231,STR0081,PRD00036,3,40,Reorder Required,0.2,2026-07-03,A2
INV0006437,20241231,STR0081,PRD00037,199,23,Adequate,33.2,2026-05-18,B1
INV0006438,20241231,STR0081,PRD00038,83,27,Adequate,8.3,2026-07-04,B1
INV0006439,20241231,STR0081,PRD00039,152,38,Adequate,19.0,2026-05-12,D1
INV0006440,20241231,STR0081,PRD00040,189,44,Adequate,13.5,2026-05-20,B2
INV0006441,20241231,STR0081,PRD00041,176,33,Adequate,35.2,2026-06-27,D1
INV0006442,20241231,STR0081,PRD00042,58,14,Adequate,14.5,2026-05-12,C2
INV0006443,20241231,STR0081,PRD00043,23,21,Adequate,3.8,2026-05-16,C2
INV0006444,20241231,STR0081,PRD00044,111,19,Adequate,37.0,2026-06-23,C1
INV0006445,20241231,STR0081,PRD00045,108,11,Adequate,12.0,2026-06-30,B2
INV0006446,20241231,STR0081,PRD00046,48,40,Adequate,4.0,2026-05-15,D1
INV0006447,20241231,STR0081,PRD00047,45,14,Adequate,3.0,2026-06-10,B1
INV0006448,20241231,STR0081,PRD00048,197,31,Adequate,19.7,2026-05-27,A1
INV0006449,20241231,STR0081,PRD00049,160,41,Adequate,12.3,2026-06-13,D1
INV0006450,20241231,STR0081,PRD00050,80,39,Adequate,6.2,2026-05-19,D1
INV0006451,20241231,STR0081,PRD00051,186,26,Adequate,31.0,2026-05-24,C1
INV0006452,20241231,STR0081,PRD00052,73,13,Adequate,12.2,2026-05-20,B1
INV0006453,20241231,STR0081,PRD00053,162,20,Adequate,10.8,2026-07-02,B1
INV0006454,20241231,STR0081,PRD00054,126,19,Adequate,25.2,2026-06-27,C1
INV0006455,20241231,STR0081,PRD00055,142,38,Adequate,23.7,2026-05-13,A1
INV0006456,20241231,STR0081,PRD00056,196,30,Adequate,39.2,2026-07-01,B1
INV0006457,20241231,STR0081,PRD00057,111,44,Adequate,7.4,2026-06-24,B2
INV0006458,20241231,STR0081,PRD00058,153,19,Adequate,11.8,2026-05-11,A2
INV0006459,20241231,STR0081,PRD00059,165,44,Adequate,16.5,2026-06-15,B1
INV0006460,20241231,STR0081,PRD00060,54,28,Adequate,4.2,2026-06-26,A2
INV0006461,20241231,STR0081,PRD00061,113,38,Adequate,12.6,2026-05-28,D1
INV0006462,20241231,STR0081,PRD00062,35,18,Adequate,3.9,2026-05-20,A2
INV0006463,20241231,STR0081,PRD00063,156,24,Adequate,11.1,2026-06-15,B2
INV0006464,20241231,STR0081,PRD00064,141,22,Adequate,9.4,2026-07-02,A2
INV0006465,20241231,STR0081,PRD00065,113,22,Adequate,37.7,2026-06-28,D1
INV0006466,20241231,STR0081,PRD00066,104,15,Adequate,26.0,2026-07-05,A2
INV0006467,20241231,STR0081,PRD00067,182,42,Adequate,20.2,2026-05-08,A1
INV0006468,20241231,STR0081,PRD00068,188,37,Adequate,31.3,2026-05-08,B2
INV0006469,20241231,STR0081,PRD00069,141,29,Adequate,14.1,2026-05-25,C1
INV0006470,20241231,STR0081,PRD00070,63,38,Adequate,9.0,2026-06-02,A1
INV0006471,20241231,STR0081,PRD00071,31,37,Reorder Required,2.1,2026-06-28,B2
INV0006472,20241231,STR0081,PRD00072,61,15,Adequate,6.8,2026-05-19,D1
INV0006473,20241231,STR0081,PRD00073,108,31,Adequate,36.0,2026-06-01,D1
INV0006474,20241231,STR0081,PRD00074,100,10,Adequate,12.5,2026-06-04,B2
INV0006475,20241231,STR0081,PRD00075,200,39,Adequate,50.0,2026-05-22,A1
INV0006476,20241231,STR0081,PRD00076,8,34,Reorder Required,8.0,2026-06-19,C2
INV0006477,20241231,STR0081,PRD00077,7,47,Reorder Required,0.7,2026-06-17,B1
INV0006478,20241231,STR0081,PRD00078,103,10,Adequate,6.9,2026-05-17,B1
INV0006479,20241231,STR0081,PRD00079,58,28,Adequate,4.8,2026-05-18,D1
INV0006480,20241231,STR0081,PRD00080,137,11,Adequate,45.7,2026-05-19,B1
INV0006481,20241231,STR0082,PRD00001,11,50,Reorder Required,3.7,2026-07-06,B2
INV0006482,20241231,STR0082,PRD00002,185,17,Adequate,30.8,2026-06-23,B2
INV0006483,20241231,STR0082,PRD00003,72,44,Adequate,72.0,2026-06-05,B2
INV0006484,20241231,STR0082,PRD00004,86,27,Adequate,17.2,2026-06-26,B2
INV0006485,20241231,STR0082,PRD00005,147,40,Adequate,10.5,2026-05-22,B1
INV0006486,20241231,STR0082,PRD00006,130,33,Adequate,9.3,2026-07-01,C2
INV0006487,20241231,STR0082,PRD00007,70,39,Adequate,7.0,2026-05-16,B2
INV0006488,20241231,STR0082,PRD00008,164,20,Adequate,41.0,2026-06-21,C2
INV0006489,20241231,STR0082,PRD00009,38,38,Reorder Required,38.0,2026-05-11,D1
INV0006490,20241231,STR0082,PRD00010,44,30,Adequate,4.4,2026-05-28,C2
INV0006491,20241231,STR0082,PRD00011,178,36,Adequate,12.7,2026-06-13,B1
INV0006492,20241231,STR0082,PRD00012,135,13,Adequate,27.0,2026-06-03,A1
INV0006493,20241231,STR0082,PRD00013,123,34,Adequate,24.6,2026-06-05,A1
INV0006494,20241231,STR0082,PRD00014,169,27,Adequate,42.2,2026-07-01,A2
INV0006495,20241231,STR0082,PRD00015,4,27,Reorder Required,0.5,2026-05-25,C2
INV0006496,20241231,STR0082,PRD00016,5,31,Reorder Required,0.4,2026-06-16,C1
INV0006497,20241231,STR0082,PRD00017,14,50,Reorder Required,1.6,2026-06-19,A2
INV0006498,20241231,STR0082,PRD00018,166,24,Adequate,11.1,2026-05-25,D1
INV0006499,20241231,STR0082,PRD00019,154,23,Adequate,30.8,2026-05-20,B1
INV0006500,20241231,STR0082,PRD00020,32,37,Reorder Required,6.4,2026-06-24,A1
INV0006501,20241231,STR0082,PRD00021,121,24,Adequate,9.3,2026-06-12,C1
INV0006502,20241231,STR0082,PRD00022,128,12,Adequate,42.7,2026-06-02,D1
INV0006503,20241231,STR0082,PRD00023,57,37,Adequate,6.3,2026-05-28,D1
INV0006504,20241231,STR0082,PRD00024,177,16,Adequate,14.8,2026-05-17,C1
INV0006505,20241231,STR0082,PRD00025,14,36,Reorder Required,3.5,2026-05-18,A1
INV0006506,20241231,STR0082,PRD00026,122,15,Adequate,61.0,2026-05-20,C2
INV0006507,20241231,STR0082,PRD00027,3,46,Reorder Required,0.3,2026-05-16,C2
INV0006508,20241231,STR0082,PRD00028,114,18,Adequate,7.6,2026-06-11,B2
INV0006509,20241231,STR0082,PRD00029,170,10,Adequate,24.3,2026-07-03,A2
INV0006510,20241231,STR0082,PRD00030,167,12,Adequate,83.5,2026-06-23,C1
INV0006511,20241231,STR0082,PRD00031,109,44,Adequate,10.9,2026-06-08,D1
INV0006512,20241231,STR0082,PRD00032,165,31,Adequate,12.7,2026-06-01,A1
INV0006513,20241231,STR0082,PRD00033,19,33,Reorder Required,3.8,2026-05-21,B2
INV0006514,20241231,STR0082,PRD00034,156,33,Adequate,10.4,2026-06-30,B2
INV0006515,20241231,STR0082,PRD00035,116,23,Adequate,116.0,2026-06-08,A1
INV0006516,20241231,STR0082,PRD00036,5,40,Reorder Required,0.8,2026-06-06,D1
INV0006517,20241231,STR0082,PRD00037,82,23,Adequate,20.5,2026-06-11,A1
INV0006518,20241231,STR0082,PRD00038,43,27,Adequate,6.1,2026-06-15,A2
INV0006519,20241231,STR0082,PRD00039,91,38,Adequate,8.3,2026-05-19,A2
INV0006520,20241231,STR0082,PRD00040,87,44,Adequate,7.2,2026-06-11,D1
INV0006521,20241231,STR0082,PRD00041,131,33,Adequate,26.2,2026-05-25,C2
INV0006522,20241231,STR0082,PRD00042,197,14,Adequate,28.1,2026-06-20,A1
INV0006523,20241231,STR0082,PRD00043,13,21,Reorder Required,1.6,2026-06-24,A2
INV0006524,20241231,STR0082,PRD00044,161,19,Adequate,17.9,2026-05-12,B2
INV0006525,20241231,STR0082,PRD00045,87,11,Adequate,6.7,2026-06-02,A2
INV0006526,20241231,STR0082,PRD00046,59,40,Adequate,8.4,2026-06-09,A2
INV0006527,20241231,STR0082,PRD00047,10,14,Reorder Required,1.2,2026-07-06,C2
INV0006528,20241231,STR0082,PRD00048,51,31,Adequate,3.4,2026-06-13,A2
INV0006529,20241231,STR0082,PRD00049,12,41,Reorder Required,1.2,2026-05-29,C2
INV0006530,20241231,STR0082,PRD00050,171,39,Adequate,17.1,2026-05-21,C1
INV0006531,20241231,STR0082,PRD00051,71,26,Adequate,23.7,2026-05-24,B2
INV0006532,20241231,STR0082,PRD00052,28,13,Adequate,4.7,2026-07-06,D1
INV0006533,20241231,STR0082,PRD00053,69,20,Adequate,4.6,2026-06-26,C1
INV0006534,20241231,STR0082,PRD00054,132,19,Adequate,11.0,2026-06-03,D1
INV0006535,20241231,STR0082,PRD00055,34,38,Reorder Required,6.8,2026-06-28,C2
INV0006536,20241231,STR0082,PRD00056,122,30,Adequate,10.2,2026-06-29,A1
INV0006537,20241231,STR0082,PRD00057,37,44,Reorder Required,37.0,2026-07-05,C2
INV0006538,20241231,STR0082,PRD00058,112,19,Adequate,16.0,2026-06-11,D1
INV0006539,20241231,STR0082,PRD00059,196,44,Adequate,17.8,2026-07-02,C1
INV0006540,20241231,STR0082,PRD00060,79,28,Adequate,6.1,2026-06-02,C1
INV0006541,20241231,STR0082,PRD00061,170,38,Adequate,24.3,2026-06-02,B2
INV0006542,20241231,STR0082,PRD00062,65,18,Adequate,21.7,2026-06-27,B1
INV0006543,20241231,STR0082,PRD00063,19,24,Reorder Required,1.7,2026-06-09,D1
INV0006544,20241231,STR0082,PRD00064,199,22,Adequate,39.8,2026-05-14,C2
INV0006545,20241231,STR0082,PRD00065,110,22,Adequate,27.5,2026-07-02,D1
INV0006546,20241231,STR0082,PRD00066,194,15,Adequate,17.6,2026-05-31,D1
INV0006547,20241231,STR0082,PRD00067,60,42,Adequate,30.0,2026-05-29,A2
INV0006548,20241231,STR0082,PRD00068,48,37,Adequate,4.8,2026-05-13,D1
INV0006549,20241231,STR0082,PRD00069,131,29,Adequate,8.7,2026-05-22,A1
INV0006550,20241231,STR0082,PRD00070,105,38,Adequate,9.5,2026-06-21,B1
INV0006551,20241231,STR0082,PRD00071,85,37,Adequate,28.3,2026-07-04,A1
INV0006552,20241231,STR0082,PRD00072,157,15,Adequate,39.2,2026-05-20,B2
INV0006553,20241231,STR0082,PRD00073,59,31,Adequate,11.8,2026-06-17,B2
INV0006554,20241231,STR0082,PRD00074,142,10,Adequate,9.5,2026-06-29,A2
INV0006555,20241231,STR0082,PRD00075,109,39,Adequate,36.3,2026-05-30,D1
INV0006556,20241231,STR0082,PRD00076,143,34,Adequate,35.8,2026-06-29,D1
INV0006557,20241231,STR0082,PRD00077,12,47,Reorder Required,4.0,2026-06-10,B2
INV0006558,20241231,STR0082,PRD00078,135,10,Adequate,67.5,2026-05-11,B1
INV0006559,20241231,STR0082,PRD00079,53,28,Adequate,13.2,2026-06-19,B2
INV0006560,20241231,STR0082,PRD00080,198,11,Adequate,16.5,2026-06-12,D1
INV0006561,20241231,STR0083,PRD00001,78,50,Adequate,15.6,2026-05-30,A1
INV0006562,20241231,STR0083,PRD00002,9,17,Reorder Required,9.0,2026-06-26,D1
INV0006563,20241231,STR0083,PRD00003,17,44,Reorder Required,1.4,2026-06-04,A2
INV0006564,20241231,STR0083,PRD00004,3,27,Reorder Required,0.3,2026-06-29,C2
INV0006565,20241231,STR0083,PRD00005,69,40,Adequate,34.5,2026-05-23,B1
INV0006566,20241231,STR0083,PRD00006,112,33,Adequate,37.3,2026-05-13,C2
INV0006567,20241231,STR0083,PRD00007,103,39,Adequate,14.7,2026-06-13,C1
INV0006568,20241231,STR0083,PRD00008,160,20,Adequate,17.8,2026-05-08,B1
INV0006569,20241231,STR0083,PRD00009,174,38,Adequate,174.0,2026-07-04,A2
INV0006570,20241231,STR0083,PRD00010,89,30,Adequate,5.9,2026-05-29,A2
INV0006571,20241231,STR0083,PRD00011,195,36,Adequate,13.9,2026-06-22,B1
INV0006572,20241231,STR0083,PRD00012,45,13,Adequate,22.5,2026-07-03,A2
INV0006573,20241231,STR0083,PRD00013,174,34,Adequate,15.8,2026-05-13,C1
INV0006574,20241231,STR0083,PRD00014,100,27,Adequate,33.3,2026-06-17,B2
INV0006575,20241231,STR0083,PRD00015,89,27,Adequate,6.4,2026-05-18,C1
INV0006576,20241231,STR0083,PRD00016,50,31,Adequate,7.1,2026-05-11,D1
INV0006577,20241231,STR0083,PRD00017,18,50,Reorder Required,2.6,2026-06-28,C1
INV0006578,20241231,STR0083,PRD00018,4,24,Reorder Required,0.3,2026-05-12,B2
INV0006579,20241231,STR0083,PRD00019,120,23,Adequate,10.9,2026-06-08,B1
INV0006580,20241231,STR0083,PRD00020,51,37,Adequate,25.5,2026-06-02,A1
INV0006581,20241231,STR0083,PRD00021,31,24,Adequate,3.4,2026-06-22,D1
INV0006582,20241231,STR0083,PRD00022,80,12,Adequate,11.4,2026-06-14,A2
INV0006583,20241231,STR0083,PRD00023,68,37,Adequate,9.7,2026-06-15,A2
INV0006584,20241231,STR0083,PRD00024,122,16,Adequate,30.5,2026-06-25,B1
INV0006585,20241231,STR0083,PRD00025,31,36,Reorder Required,3.9,2026-06-23,C2
INV0006586,20241231,STR0083,PRD00026,111,15,Adequate,7.4,2026-06-17,C2
INV0006587,20241231,STR0083,PRD00027,62,46,Adequate,5.2,2026-06-28,C1
INV0006588,20241231,STR0083,PRD00028,57,18,Adequate,8.1,2026-06-08,A1
INV0006589,20241231,STR0083,PRD00029,100,10,Adequate,100.0,2026-06-03,B1
INV0006590,20241231,STR0083,PRD00030,86,12,Adequate,7.2,2026-05-11,A1
INV0006591,20241231,STR0083,PRD00031,4,44,Reorder Required,0.6,2026-05-22,A1
INV0006592,20241231,STR0083,PRD00032,57,31,Adequate,3.8,2026-06-08,B1
INV0006593,20241231,STR0083,PRD00033,25,33,Reorder Required,5.0,2026-06-19,C2
INV0006594,20241231,STR0083,PRD00034,71,33,Adequate,71.0,2026-07-05,B1
INV0006595,20241231,STR0083,PRD00035,27,23,Adequate,2.2,2026-06-01,A2
INV0006596,20241231,STR0083,PRD00036,58,40,Adequate,58.0,2026-06-22,C1
INV0006597,20241231,STR0083,PRD00037,140,23,Adequate,20.0,2026-06-10,A2
INV0006598,20241231,STR0083,PRD00038,158,27,Adequate,13.2,2026-06-16,D1
INV0006599,20241231,STR0083,PRD00039,100,38,Adequate,100.0,2026-05-16,C2
INV0006600,20241231,STR0083,PRD00040,170,44,Adequate,11.3,2026-07-05,D1
INV0006601,20241231,STR0083,PRD00041,105,33,Adequate,9.5,2026-06-19,D1
INV0006602,20241231,STR0083,PRD00042,153,14,Adequate,11.8,2026-06-06,B1
INV0006603,20241231,STR0083,PRD00043,93,21,Adequate,7.8,2026-06-05,B1
INV0006604,20241231,STR0083,PRD00044,144,19,Adequate,11.1,2026-05-09,A1
INV0006605,20241231,STR0083,PRD00045,68,11,Adequate,6.8,2026-06-07,B2
INV0006606,20241231,STR0083,PRD00046,115,40,Adequate,7.7,2026-06-03,A1
INV0006607,20241231,STR0083,PRD00047,39,14,Adequate,19.5,2026-06-23,B2
INV0006608,20241231,STR0083,PRD00048,165,31,Adequate,20.6,2026-06-28,B1
INV0006609,20241231,STR0083,PRD00049,131,41,Adequate,11.9,2026-06-15,C2
INV0006610,20241231,STR0083,PRD00050,196,39,Adequate,21.8,2026-05-17,C2
INV0006611,20241231,STR0083,PRD00051,100,26,Adequate,33.3,2026-06-01,D1
INV0006612,20241231,STR0083,PRD00052,54,13,Adequate,7.7,2026-05-28,C2
INV0006613,20241231,STR0083,PRD00053,167,20,Adequate,41.8,2026-07-06,B2
INV0006614,20241231,STR0083,PRD00054,130,19,Adequate,10.8,2026-06-04,B2
INV0006615,20241231,STR0083,PRD00055,152,38,Adequate,15.2,2026-05-21,D1
INV0006616,20241231,STR0083,PRD00056,1,30,Reorder Required,0.2,2026-05-21,C1
INV0006617,20241231,STR0083,PRD00057,94,44,Adequate,47.0,2026-07-06,A2
INV0006618,20241231,STR0083,PRD00058,117,19,Adequate,19.5,2026-05-17,D1
INV0006619,20241231,STR0083,PRD00059,153,44,Adequate,11.8,2026-05-25,B2
INV0006620,20241231,STR0083,PRD00060,64,28,Adequate,12.8,2026-07-02,C2
INV0006621,20241231,STR0083,PRD00061,56,38,Adequate,9.3,2026-07-01,C2
INV0006622,20241231,STR0083,PRD00062,63,18,Adequate,4.5,2026-06-06,B2
INV0006623,20241231,STR0083,PRD00063,78,24,Adequate,6.0,2026-06-30,B1
INV0006624,20241231,STR0083,PRD00064,61,22,Adequate,4.4,2026-05-25,C1
INV0006625,20241231,STR0083,PRD00065,129,22,Adequate,129.0,2026-06-18,B2
INV0006626,20241231,STR0083,PRD00066,7,15,Reorder Required,0.6,2026-06-14,B1
INV0006627,20241231,STR0083,PRD00067,86,42,Adequate,12.3,2026-06-07,C2
INV0006628,20241231,STR0083,PRD00068,82,37,Adequate,6.3,2026-06-13,B2
INV0006629,20241231,STR0083,PRD00069,133,29,Adequate,9.5,2026-05-11,A1
INV0006630,20241231,STR0083,PRD00070,103,38,Adequate,7.4,2026-05-13,C1
INV0006631,20241231,STR0083,PRD00071,47,37,Adequate,7.8,2026-05-31,B2
INV0006632,20241231,STR0083,PRD00072,172,15,Adequate,19.1,2026-05-30,A2
INV0006633,20241231,STR0083,PRD00073,87,31,Adequate,43.5,2026-06-16,B1
INV0006634,20241231,STR0083,PRD00074,10,10,Reorder Required,1.4,2026-06-14,B2
INV0006635,20241231,STR0083,PRD00075,171,39,Adequate,15.5,2026-05-10,D1
INV0006636,20241231,STR0083,PRD00076,177,34,Adequate,16.1,2026-07-01,A1
INV0006637,20241231,STR0083,PRD00077,0,47,Reorder Required,0.0,2026-07-05,B1
INV0006638,20241231,STR0083,PRD00078,136,10,Adequate,9.7,2026-06-03,D1
INV0006639,20241231,STR0083,PRD00079,106,28,Adequate,21.2,2026-05-12,B2
INV0006640,20241231,STR0083,PRD00080,79,11,Adequate,39.5,2026-05-25,B1
INV0006641,20241231,STR0084,PRD00001,44,50,Reorder Required,11.0,2026-07-03,D1
INV0006642,20241231,STR0084,PRD00002,22,17,Adequate,1.8,2026-06-06,A1
INV0006643,20241231,STR0084,PRD00003,85,44,Adequate,6.1,2026-06-08,B2
INV0006644,20241231,STR0084,PRD00004,67,27,Adequate,5.2,2026-05-20,C2
INV0006645,20241231,STR0084,PRD00005,97,40,Adequate,32.3,2026-05-25,B1
INV0006646,20241231,STR0084,PRD00006,49,33,Adequate,9.8,2026-05-19,C2
INV0006647,20241231,STR0084,PRD00007,58,39,Adequate,14.5,2026-05-12,C1
INV0006648,20241231,STR0084,PRD00008,4,20,Reorder Required,4.0,2026-06-14,A2
INV0006649,20241231,STR0084,PRD00009,142,38,Adequate,15.8,2026-06-08,A2
INV0006650,20241231,STR0084,PRD00010,27,30,Reorder Required,2.1,2026-06-10,B1
INV0006651,20241231,STR0084,PRD00011,49,36,Adequate,49.0,2026-06-23,C2
INV0006652,20241231,STR0084,PRD00012,41,13,Adequate,5.9,2026-07-04,D1
INV0006653,20241231,STR0084,PRD00013,11,34,Reorder Required,0.8,2026-06-15,C1
INV0006654,20241231,STR0084,PRD00014,50,27,Adequate,50.0,2026-06-18,C2
INV0006655,20241231,STR0084,PRD00015,190,27,Adequate,47.5,2026-05-14,A2
INV0006656,20241231,STR0084,PRD00016,72,31,Adequate,12.0,2026-05-25,B1
INV0006657,20241231,STR0084,PRD00017,30,50,Reorder Required,3.0,2026-05-21,A2
INV0006658,20241231,STR0084,PRD00018,42,24,Adequate,3.0,2026-05-08,A1
INV0006659,20241231,STR0084,PRD00019,69,23,Adequate,6.9,2026-06-03,C1
INV0006660,20241231,STR0084,PRD00020,168,37,Adequate,18.7,2026-05-12,B2
INV0006661,20241231,STR0084,PRD00021,44,24,Adequate,8.8,2026-05-24,D1
INV0006662,20241231,STR0084,PRD00022,89,12,Adequate,44.5,2026-07-03,B2
INV0006663,20241231,STR0084,PRD00023,21,37,Reorder Required,1.9,2026-05-27,D1
INV0006664,20241231,STR0084,PRD00024,73,16,Adequate,14.6,2026-06-11,A2
INV0006665,20241231,STR0084,PRD00025,197,36,Adequate,14.1,2026-06-29,B2
INV0006666,20241231,STR0084,PRD00026,82,15,Adequate,9.1,2026-06-24,B1
INV0006667,20241231,STR0084,PRD00027,17,46,Reorder Required,1.2,2026-05-17,A2
INV0006668,20241231,STR0084,PRD00028,52,18,Adequate,5.2,2026-06-12,A1
INV0006669,20241231,STR0084,PRD00029,122,10,Adequate,61.0,2026-05-13,A2
INV0006670,20241231,STR0084,PRD00030,87,12,Adequate,8.7,2026-06-02,B2
INV0006671,20241231,STR0084,PRD00031,40,44,Reorder Required,2.9,2026-06-14,A2
INV0006672,20241231,STR0084,PRD00032,179,31,Adequate,11.9,2026-06-02,C1
INV0006673,20241231,STR0084,PRD00033,187,33,Adequate,18.7,2026-06-11,A1
INV0006674,20241231,STR0084,PRD00034,123,33,Adequate,9.5,2026-07-04,C1
INV0006675,20241231,STR0084,PRD00035,139,23,Adequate,23.2,2026-05-08,A1
INV0006676,20241231,STR0084,PRD00036,197,40,Adequate,17.9,2026-06-03,B1
INV0006677,20241231,STR0084,PRD00037,49,23,Adequate,3.8,2026-06-27,A1
INV0006678,20241231,STR0084,PRD00038,160,27,Adequate,17.8,2026-05-27,B1
INV0006679,20241231,STR0084,PRD00039,76,38,Adequate,5.1,2026-06-30,A2
INV0006680,20241231,STR0084,PRD00040,140,44,Adequate,9.3,2026-05-25,C1
INV0006681,20241231,STR0084,PRD00041,131,33,Adequate,26.2,2026-06-25,C1
INV0006682,20241231,STR0084,PRD00042,164,14,Adequate,41.0,2026-07-05,B1
INV0006683,20241231,STR0084,PRD00043,9,21,Reorder Required,0.6,2026-06-03,B2
INV0006684,20241231,STR0084,PRD00044,70,19,Adequate,23.3,2026-07-05,B1
INV0006685,20241231,STR0084,PRD00045,181,11,Adequate,60.3,2026-06-26,B1
INV0006686,20241231,STR0084,PRD00046,155,40,Adequate,77.5,2026-06-30,C2
INV0006687,20241231,STR0084,PRD00047,161,14,Adequate,11.5,2026-05-30,B2
INV0006688,20241231,STR0084,PRD00048,90,31,Adequate,10.0,2026-05-31,C1
INV0006689,20241231,STR0084,PRD00049,150,41,Adequate,21.4,2026-06-07,B1
INV0006690,20241231,STR0084,PRD00050,58,39,Adequate,29.0,2026-05-26,B1
INV0006691,20241231,STR0084,PRD00051,191,26,Adequate,47.8,2026-05-19,C1
INV0006692,20241231,STR0084,PRD00052,29,13,Adequate,5.8,2026-05-28,C2
INV0006693,20241231,STR0084,PRD00053,80,20,Adequate,40.0,2026-05-17,A1
INV0006694,20241231,STR0084,PRD00054,64,19,Adequate,4.3,2026-05-29,B1
INV0006695,20241231,STR0084,PRD00055,48,38,Adequate,4.8,2026-05-30,C2
INV0006696,20241231,STR0084,PRD00056,29,30,Reorder Required,9.7,2026-05-23,D1
INV0006697,20241231,STR0084,PRD00057,189,44,Adequate,21.0,2026-05-23,C1
INV0006698,20241231,STR0084,PRD00058,165,19,Adequate,27.5,2026-06-08,C2
INV0006699,20241231,STR0084,PRD00059,78,44,Adequate,13.0,2026-05-17,C1
INV0006700,20241231,STR0084,PRD00060,168,28,Adequate,12.9,2026-06-27,A1
INV0006701,20241231,STR0084,PRD00061,23,38,Reorder Required,7.7,2026-07-06,A2
INV0006702,20241231,STR0084,PRD00062,0,18,Reorder Required,0.0,2026-06-25,C1
INV0006703,20241231,STR0084,PRD00063,177,24,Adequate,177.0,2026-06-19,B1
INV0006704,20241231,STR0084,PRD00064,34,22,Adequate,5.7,2026-06-06,C1
INV0006705,20241231,STR0084,PRD00065,138,22,Adequate,9.9,2026-05-31,D1
INV0006706,20241231,STR0084,PRD00066,12,15,Reorder Required,4.0,2026-05-14,A2
INV0006707,20241231,STR0084,PRD00067,31,42,Reorder Required,15.5,2026-06-01,B1
INV0006708,20241231,STR0084,PRD00068,141,37,Adequate,20.1,2026-07-02,C2
INV0006709,20241231,STR0084,PRD00069,134,29,Adequate,19.1,2026-05-10,A1
INV0006710,20241231,STR0084,PRD00070,15,38,Reorder Required,15.0,2026-06-03,C2
INV0006711,20241231,STR0084,PRD00071,193,37,Adequate,16.1,2026-06-28,C2
INV0006712,20241231,STR0084,PRD00072,132,15,Adequate,22.0,2026-07-03,A2
INV0006713,20241231,STR0084,PRD00073,175,31,Adequate,11.7,2026-06-20,D1
INV0006714,20241231,STR0084,PRD00074,129,10,Adequate,10.8,2026-06-04,B2
INV0006715,20241231,STR0084,PRD00075,102,39,Adequate,10.2,2026-05-11,B1
INV0006716,20241231,STR0084,PRD00076,24,34,Reorder Required,2.7,2026-06-24,B2
INV0006717,20241231,STR0084,PRD00077,181,47,Adequate,90.5,2026-06-01,C1
INV0006718,20241231,STR0084,PRD00078,7,10,Reorder Required,0.6,2026-05-17,C2
INV0006719,20241231,STR0084,PRD00079,186,28,Adequate,37.2,2026-05-14,C1
INV0006720,20241231,STR0084,PRD00080,186,11,Adequate,12.4,2026-06-02,A2
INV0006721,20241231,STR0085,PRD00001,192,50,Adequate,17.5,2026-05-24,B1
INV0006722,20241231,STR0085,PRD00002,173,17,Adequate,43.2,2026-06-11,B2
INV0006723,20241231,STR0085,PRD00003,154,44,Adequate,22.0,2026-05-31,A2
INV0006724,20241231,STR0085,PRD00004,96,27,Adequate,16.0,2026-05-12,B2
INV0006725,20241231,STR0085,PRD00005,82,40,Adequate,16.4,2026-05-21,A2
INV0006726,20241231,STR0085,PRD00006,98,33,Adequate,32.7,2026-06-11,B1
INV0006727,20241231,STR0085,PRD00007,118,39,Adequate,16.9,2026-07-05,A2
INV0006728,20241231,STR0085,PRD00008,22,20,Adequate,2.0,2026-05-14,C1
INV0006729,20241231,STR0085,PRD00009,70,38,Adequate,35.0,2026-06-29,D1
INV0006730,20241231,STR0085,PRD00010,93,30,Adequate,8.5,2026-05-30,B2
INV0006731,20241231,STR0085,PRD00011,97,36,Adequate,8.1,2026-05-12,C1
INV0006732,20241231,STR0085,PRD00012,29,13,Adequate,2.1,2026-05-27,B1
INV0006733,20241231,STR0085,PRD00013,95,34,Adequate,95.0,2026-06-24,A1
INV0006734,20241231,STR0085,PRD00014,141,27,Adequate,23.5,2026-06-22,C1
INV0006735,20241231,STR0085,PRD00015,72,27,Adequate,9.0,2026-06-04,C2
INV0006736,20241231,STR0085,PRD00016,53,31,Adequate,4.8,2026-06-01,B2
INV0006737,20241231,STR0085,PRD00017,64,50,Adequate,4.6,2026-06-29,D1
INV0006738,20241231,STR0085,PRD00018,19,24,Reorder Required,1.3,2026-06-29,D1
INV0006739,20241231,STR0085,PRD00019,153,23,Adequate,30.6,2026-06-20,C1
INV0006740,20241231,STR0085,PRD00020,37,37,Reorder Required,2.8,2026-05-13,B2
INV0006741,20241231,STR0085,PRD00021,164,24,Adequate,32.8,2026-05-15,A1
INV0006742,20241231,STR0085,PRD00022,73,12,Adequate,7.3,2026-06-15,B1
INV0006743,20241231,STR0085,PRD00023,0,37,Reorder Required,0.0,2026-07-02,C1
INV0006744,20241231,STR0085,PRD00024,139,16,Adequate,9.9,2026-05-30,C1
INV0006745,20241231,STR0085,PRD00025,50,36,Adequate,6.2,2026-05-23,D1
INV0006746,20241231,STR0085,PRD00026,3,15,Reorder Required,0.2,2026-06-25,D1
INV0006747,20241231,STR0085,PRD00027,56,46,Adequate,4.3,2026-05-12,C2
INV0006748,20241231,STR0085,PRD00028,158,18,Adequate,15.8,2026-05-26,C1
INV0006749,20241231,STR0085,PRD00029,102,10,Adequate,12.8,2026-05-15,D1
INV0006750,20241231,STR0085,PRD00030,29,12,Adequate,3.6,2026-05-31,C2
INV0006751,20241231,STR0085,PRD00031,98,44,Adequate,6.5,2026-05-08,A1
INV0006752,20241231,STR0085,PRD00032,122,31,Adequate,8.7,2026-06-20,C1
INV0006753,20241231,STR0085,PRD00033,48,33,Adequate,48.0,2026-06-30,B2
INV0006754,20241231,STR0085,PRD00034,27,33,Reorder Required,9.0,2026-05-09,A1
INV0006755,20241231,STR0085,PRD00035,174,23,Adequate,17.4,2026-05-14,A2
INV0006756,20241231,STR0085,PRD00036,62,40,Adequate,4.1,2026-05-10,C2
INV0006757,20241231,STR0085,PRD00037,75,23,Adequate,25.0,2026-05-13,B1
INV0006758,20241231,STR0085,PRD00038,66,27,Adequate,4.4,2026-06-16,C1
INV0006759,20241231,STR0085,PRD00039,49,38,Adequate,3.5,2026-07-01,C1
INV0006760,20241231,STR0085,PRD00040,177,44,Adequate,13.6,2026-06-23,A2
INV0006761,20241231,STR0085,PRD00041,163,33,Adequate,11.6,2026-06-27,A2
INV0006762,20241231,STR0085,PRD00042,161,14,Adequate,23.0,2026-05-31,C1
INV0006763,20241231,STR0085,PRD00043,177,21,Adequate,35.4,2026-07-02,C1
INV0006764,20241231,STR0085,PRD00044,123,19,Adequate,10.2,2026-07-03,B2
INV0006765,20241231,STR0085,PRD00045,158,11,Adequate,14.4,2026-07-01,A1
INV0006766,20241231,STR0085,PRD00046,53,40,Adequate,53.0,2026-05-24,D1
INV0006767,20241231,STR0085,PRD00047,98,14,Adequate,7.5,2026-06-12,C1
INV0006768,20241231,STR0085,PRD00048,193,31,Adequate,24.1,2026-05-27,B2
INV0006769,20241231,STR0085,PRD00049,4,41,Reorder Required,4.0,2026-06-19,B2
INV0006770,20241231,STR0085,PRD00050,160,39,Adequate,13.3,2026-06-09,C2
INV0006771,20241231,STR0085,PRD00051,181,26,Adequate,13.9,2026-05-10,A1
INV0006772,20241231,STR0085,PRD00052,43,13,Adequate,4.8,2026-06-20,C2
INV0006773,20241231,STR0085,PRD00053,23,20,Adequate,5.8,2026-05-13,C1
INV0006774,20241231,STR0085,PRD00054,83,19,Adequate,11.9,2026-06-08,A2
INV0006775,20241231,STR0085,PRD00055,15,38,Reorder Required,1.9,2026-07-03,B2
INV0006776,20241231,STR0085,PRD00056,5,30,Reorder Required,0.6,2026-06-06,B1
INV0006777,20241231,STR0085,PRD00057,175,44,Adequate,29.2,2026-06-11,B2
INV0006778,20241231,STR0085,PRD00058,183,19,Adequate,61.0,2026-07-05,A1
INV0006779,20241231,STR0085,PRD00059,172,44,Adequate,19.1,2026-05-16,A1
INV0006780,20241231,STR0085,PRD00060,160,28,Adequate,53.3,2026-06-04,B1
INV0006781,20241231,STR0085,PRD00061,23,38,Reorder Required,1.5,2026-05-08,B2
INV0006782,20241231,STR0085,PRD00062,176,18,Adequate,11.7,2026-06-19,A2
INV0006783,20241231,STR0085,PRD00063,196,24,Adequate,15.1,2026-06-17,B2
INV0006784,20241231,STR0085,PRD00064,192,22,Adequate,32.0,2026-06-18,B1
INV0006785,20241231,STR0085,PRD00065,11,22,Reorder Required,1.4,2026-06-11,B1
INV0006786,20241231,STR0085,PRD00066,139,15,Adequate,9.9,2026-07-04,B1
INV0006787,20241231,STR0085,PRD00067,37,42,Reorder Required,4.6,2026-06-29,C1
INV0006788,20241231,STR0085,PRD00068,102,37,Adequate,51.0,2026-05-11,C1
INV0006789,20241231,STR0085,PRD00069,103,29,Adequate,17.2,2026-06-21,A1
INV0006790,20241231,STR0085,PRD00070,121,38,Adequate,40.3,2026-07-01,A1
INV0006791,20241231,STR0085,PRD00071,165,37,Adequate,165.0,2026-06-27,A2
INV0006792,20241231,STR0085,PRD00072,62,15,Adequate,20.7,2026-07-01,C1
INV0006793,20241231,STR0085,PRD00073,186,31,Adequate,23.2,2026-05-21,B1
INV0006794,20241231,STR0085,PRD00074,79,10,Adequate,39.5,2026-06-27,B1
INV0006795,20241231,STR0085,PRD00075,199,39,Adequate,24.9,2026-06-27,C1
INV0006796,20241231,STR0085,PRD00076,111,34,Adequate,37.0,2026-06-11,A2
INV0006797,20241231,STR0085,PRD00077,36,47,Reorder Required,9.0,2026-06-06,A2
INV0006798,20241231,STR0085,PRD00078,81,10,Adequate,13.5,2026-05-16,C1
INV0006799,20241231,STR0085,PRD00079,2,28,Reorder Required,0.1,2026-06-09,C2
INV0006800,20241231,STR0085,PRD00080,72,11,Adequate,12.0,2026-06-16,B2
INV0006801,20241231,STR0086,PRD00001,100,50,Adequate,7.7,2026-06-27,D1
INV0006802,20241231,STR0086,PRD00002,169,17,Adequate,33.8,2026-06-26,C2
INV0006803,20241231,STR0086,PRD00003,72,44,Adequate,18.0,2026-07-01,D1
INV0006804,20241231,STR0086,PRD00004,107,27,Adequate,21.4,2026-05-29,B2
INV0006805,20241231,STR0086,PRD00005,15,40,Reorder Required,1.2,2026-05-08,C1
INV0006806,20241231,STR0086,PRD00006,30,33,Reorder Required,2.3,2026-07-06,B2
INV0006807,20241231,STR0086,PRD00007,5,39,Reorder Required,0.5,2026-05-17,C2
INV0006808,20241231,STR0086,PRD00008,67,20,Adequate,67.0,2026-05-30,B1
INV0006809,20241231,STR0086,PRD00009,2,38,Reorder Required,0.4,2026-05-09,D1
INV0006810,20241231,STR0086,PRD00010,123,30,Adequate,11.2,2026-06-17,B2
INV0006811,20241231,STR0086,PRD00011,48,36,Adequate,3.7,2026-06-12,D1
INV0006812,20241231,STR0086,PRD00012,19,13,Adequate,1.7,2026-05-08,C1
INV0006813,20241231,STR0086,PRD00013,136,34,Adequate,27.2,2026-06-09,B1
INV0006814,20241231,STR0086,PRD00014,35,27,Adequate,3.5,2026-06-29,D1
INV0006815,20241231,STR0086,PRD00015,43,27,Adequate,5.4,2026-07-02,C2
INV0006816,20241231,STR0086,PRD00016,39,31,Adequate,6.5,2026-06-25,C2
INV0006817,20241231,STR0086,PRD00017,67,50,Adequate,16.8,2026-06-20,C2
INV0006818,20241231,STR0086,PRD00018,73,24,Adequate,8.1,2026-05-28,D1
INV0006819,20241231,STR0086,PRD00019,163,23,Adequate,13.6,2026-06-09,B2
INV0006820,20241231,STR0086,PRD00020,148,37,Adequate,11.4,2026-05-22,D1
INV0006821,20241231,STR0086,PRD00021,2,24,Reorder Required,0.1,2026-05-22,D1
INV0006822,20241231,STR0086,PRD00022,100,12,Adequate,25.0,2026-06-06,B2
INV0006823,20241231,STR0086,PRD00023,185,37,Adequate,26.4,2026-05-21,B2
INV0006824,20241231,STR0086,PRD00024,21,16,Adequate,2.1,2026-05-27,D1
INV0006825,20241231,STR0086,PRD00025,140,36,Adequate,35.0,2026-05-13,A2
INV0006826,20241231,STR0086,PRD00026,27,15,Adequate,13.5,2026-06-11,C2
INV0006827,20241231,STR0086,PRD00027,194,46,Adequate,194.0,2026-07-01,B2
INV0006828,20241231,STR0086,PRD00028,193,18,Adequate,21.4,2026-06-06,D1
INV0006829,20241231,STR0086,PRD00029,191,10,Adequate,21.2,2026-05-30,C1
INV0006830,20241231,STR0086,PRD00030,14,12,Adequate,2.3,2026-06-24,C1
INV0006831,20241231,STR0086,PRD00031,148,44,Adequate,16.4,2026-06-19,B2
INV0006832,20241231,STR0086,PRD00032,112,31,Adequate,16.0,2026-06-29,A2
INV0006833,20241231,STR0086,PRD00033,27,33,Reorder Required,4.5,2026-05-21,A1
INV0006834,20241231,STR0086,PRD00034,24,33,Reorder Required,2.0,2026-05-24,C2
INV0006835,20241231,STR0086,PRD00035,167,23,Adequate,16.7,2026-07-02,A1
INV0006836,20241231,STR0086,PRD00036,187,40,Adequate,31.2,2026-06-03,A1
INV0006837,20241231,STR0086,PRD00037,129,23,Adequate,21.5,2026-07-06,C2
INV0006838,20241231,STR0086,PRD00038,173,27,Adequate,24.7,2026-05-24,A1
INV0006839,20241231,STR0086,PRD00039,25,38,Reorder Required,25.0,2026-06-23,D1
INV0006840,20241231,STR0086,PRD00040,33,44,Reorder Required,2.4,2026-06-14,D1
INV0006841,20241231,STR0086,PRD00041,157,33,Adequate,11.2,2026-05-23,B2
INV0006842,20241231,STR0086,PRD00042,168,14,Adequate,84.0,2026-07-02,C1
INV0006843,20241231,STR0086,PRD00043,122,21,Adequate,17.4,2026-05-12,B1
INV0006844,20241231,STR0086,PRD00044,71,19,Adequate,23.7,2026-06-18,C2
INV0006845,20241231,STR0086,PRD00045,190,11,Adequate,27.1,2026-06-13,A2
INV0006846,20241231,STR0086,PRD00046,121,40,Adequate,8.6,2026-06-15,A1
INV0006847,20241231,STR0086,PRD00047,178,14,Adequate,59.3,2026-05-18,D1
INV0006848,20241231,STR0086,PRD00048,0,31,Reorder Required,0.0,2026-06-28,A1
INV0006849,20241231,STR0086,PRD00049,1,41,Reorder Required,0.1,2026-07-05,B2
INV0006850,20241231,STR0086,PRD00050,182,39,Adequate,14.0,2026-05-25,C2
INV0006851,20241231,STR0086,PRD00051,157,26,Adequate,26.2,2026-06-23,C1
INV0006852,20241231,STR0086,PRD00052,105,13,Adequate,26.2,2026-05-10,A2
INV0006853,20241231,STR0086,PRD00053,123,20,Adequate,123.0,2026-06-14,C2
INV0006854,20241231,STR0086,PRD00054,188,19,Adequate,31.3,2026-06-23,C2
INV0006855,20241231,STR0086,PRD00055,55,38,Adequate,5.5,2026-06-28,C2
INV0006856,20241231,STR0086,PRD00056,179,30,Adequate,14.9,2026-06-20,B2
INV0006857,20241231,STR0086,PRD00057,123,44,Adequate,10.2,2026-06-18,B2
INV0006858,20241231,STR0086,PRD00058,53,19,Adequate,13.2,2026-05-13,B2
INV0006859,20241231,STR0086,PRD00059,76,44,Adequate,10.9,2026-06-01,C1
INV0006860,20241231,STR0086,PRD00060,5,28,Reorder Required,5.0,2026-06-14,B1
INV0006861,20241231,STR0086,PRD00061,180,38,Adequate,60.0,2026-06-12,D1
INV0006862,20241231,STR0086,PRD00062,14,18,Reorder Required,1.1,2026-05-20,A2
INV0006863,20241231,STR0086,PRD00063,154,24,Adequate,154.0,2026-06-14,C2
INV0006864,20241231,STR0086,PRD00064,46,22,Adequate,5.8,2026-06-09,D1
INV0006865,20241231,STR0086,PRD00065,150,22,Adequate,21.4,2026-06-23,C2
INV0006866,20241231,STR0086,PRD00066,25,15,Adequate,4.2,2026-06-29,C2
INV0006867,20241231,STR0086,PRD00067,172,42,Adequate,43.0,2026-07-04,B1
INV0006868,20241231,STR0086,PRD00068,6,37,Reorder Required,0.5,2026-05-22,D1
INV0006869,20241231,STR0086,PRD00069,83,29,Adequate,41.5,2026-06-05,A2
INV0006870,20241231,STR0086,PRD00070,41,38,Adequate,4.1,2026-07-06,A2
INV0006871,20241231,STR0086,PRD00071,129,37,Adequate,8.6,2026-05-16,B1
INV0006872,20241231,STR0086,PRD00072,126,15,Adequate,12.6,2026-05-23,B2
INV0006873,20241231,STR0086,PRD00073,54,31,Adequate,7.7,2026-07-05,C2
INV0006874,20241231,STR0086,PRD00074,50,10,Adequate,4.5,2026-05-15,B2
INV0006875,20241231,STR0086,PRD00075,166,39,Adequate,13.8,2026-06-02,B2
INV0006876,20241231,STR0086,PRD00076,11,34,Reorder Required,3.7,2026-06-09,A2
INV0006877,20241231,STR0086,PRD00077,151,47,Adequate,151.0,2026-06-03,A1
INV0006878,20241231,STR0086,PRD00078,29,10,Adequate,2.4,2026-05-31,B2
INV0006879,20241231,STR0086,PRD00079,164,28,Adequate,164.0,2026-06-14,C2
INV0006880,20241231,STR0086,PRD00080,34,11,Adequate,2.3,2026-06-18,A1
INV0006881,20241231,STR0087,PRD00001,99,50,Adequate,9.0,2026-06-29,A1
INV0006882,20241231,STR0087,PRD00002,45,17,Adequate,4.1,2026-05-28,A1
INV0006883,20241231,STR0087,PRD00003,135,44,Adequate,10.4,2026-06-13,B1
INV0006884,20241231,STR0087,PRD00004,98,27,Adequate,19.6,2026-05-29,C1
INV0006885,20241231,STR0087,PRD00005,84,40,Adequate,42.0,2026-07-01,A2
INV0006886,20241231,STR0087,PRD00006,68,33,Adequate,9.7,2026-05-22,B1
INV0006887,20241231,STR0087,PRD00007,43,39,Adequate,10.8,2026-07-05,C1
INV0006888,20241231,STR0087,PRD00008,69,20,Adequate,11.5,2026-06-19,C2
INV0006889,20241231,STR0087,PRD00009,50,38,Adequate,6.2,2026-05-27,C1
INV0006890,20241231,STR0087,PRD00010,88,30,Adequate,7.3,2026-05-25,C2
INV0006891,20241231,STR0087,PRD00011,62,36,Adequate,8.9,2026-06-17,D1
INV0006892,20241231,STR0087,PRD00012,38,13,Adequate,12.7,2026-06-27,B2
INV0006893,20241231,STR0087,PRD00013,124,34,Adequate,9.5,2026-06-24,A2
INV0006894,20241231,STR0087,PRD00014,163,27,Adequate,40.8,2026-07-05,A1
INV0006895,20241231,STR0087,PRD00015,15,27,Reorder Required,3.8,2026-06-13,C2
INV0006896,20241231,STR0087,PRD00016,154,31,Adequate,77.0,2026-05-20,A1
INV0006897,20241231,STR0087,PRD00017,18,50,Reorder Required,2.0,2026-06-28,C2
INV0006898,20241231,STR0087,PRD00018,171,24,Adequate,57.0,2026-05-09,D1
INV0006899,20241231,STR0087,PRD00019,181,23,Adequate,30.2,2026-06-11,B2
INV0006900,20241231,STR0087,PRD00020,28,37,Reorder Required,14.0,2026-05-16,A1
INV0006901,20241231,STR0087,PRD00021,116,24,Adequate,8.3,2026-05-29,D1
INV0006902,20241231,STR0087,PRD00022,50,12,Adequate,25.0,2026-05-21,C2
INV0006903,20241231,STR0087,PRD00023,3,37,Reorder Required,3.0,2026-07-02,B1
INV0006904,20241231,STR0087,PRD00024,68,16,Adequate,6.8,2026-06-10,D1
INV0006905,20241231,STR0087,PRD00025,161,36,Adequate,16.1,2026-07-06,D1
INV0006906,20241231,STR0087,PRD00026,97,15,Adequate,8.1,2026-06-06,C1
INV0006907,20241231,STR0087,PRD00027,54,46,Adequate,27.0,2026-05-15,D1
INV0006908,20241231,STR0087,PRD00028,162,18,Adequate,54.0,2026-06-08,B2
INV0006909,20241231,STR0087,PRD00029,74,10,Adequate,74.0,2026-06-25,C2
INV0006910,20241231,STR0087,PRD00030,98,12,Adequate,16.3,2026-07-05,B1
INV0006911,20241231,STR0087,PRD00031,132,44,Adequate,26.4,2026-06-02,A1
INV0006912,20241231,STR0087,PRD00032,105,31,Adequate,13.1,2026-06-30,B2
INV0006913,20241231,STR0087,PRD00033,195,33,Adequate,13.9,2026-05-11,A2
INV0006914,20241231,STR0087,PRD00034,11,33,Reorder Required,1.6,2026-05-13,A2
INV0006915,20241231,STR0087,PRD00035,125,23,Adequate,25.0,2026-05-14,B2
INV0006916,20241231,STR0087,PRD00036,152,40,Adequate,15.2,2026-06-11,B1
INV0006917,20241231,STR0087,PRD00037,116,23,Adequate,116.0,2026-05-14,D1
INV0006918,20241231,STR0087,PRD00038,193,27,Adequate,38.6,2026-05-15,C1
INV0006919,20241231,STR0087,PRD00039,56,38,Adequate,28.0,2026-06-03,B2
INV0006920,20241231,STR0087,PRD00040,187,44,Adequate,17.0,2026-06-13,B2
INV0006921,20241231,STR0087,PRD00041,173,33,Adequate,57.7,2026-06-19,A1
INV0006922,20241231,STR0087,PRD00042,92,14,Adequate,15.3,2026-05-18,B1
INV0006923,20241231,STR0087,PRD00043,99,21,Adequate,8.2,2026-06-30,B1
INV0006924,20241231,STR0087,PRD00044,88,19,Adequate,6.3,2026-06-06,B1
INV0006925,20241231,STR0087,PRD00045,80,11,Adequate,11.4,2026-06-21,B1
INV0006926,20241231,STR0087,PRD00046,125,40,Adequate,8.3,2026-05-24,C1
INV0006927,20241231,STR0087,PRD00047,177,14,Adequate,22.1,2026-05-26,C2
INV0006928,20241231,STR0087,PRD00048,44,31,Adequate,7.3,2026-05-25,B2
INV0006929,20241231,STR0087,PRD00049,15,41,Reorder Required,1.2,2026-06-22,A1
INV0006930,20241231,STR0087,PRD00050,39,39,Reorder Required,3.9,2026-06-12,C2
INV0006931,20241231,STR0087,PRD00051,62,26,Adequate,6.2,2026-05-21,C1
INV0006932,20241231,STR0087,PRD00052,156,13,Adequate,13.0,2026-07-01,C1
INV0006933,20241231,STR0087,PRD00053,141,20,Adequate,35.2,2026-07-02,D1
INV0006934,20241231,STR0087,PRD00054,165,19,Adequate,41.2,2026-06-20,C2
INV0006935,20241231,STR0087,PRD00055,70,38,Adequate,5.8,2026-05-09,C1
INV0006936,20241231,STR0087,PRD00056,83,30,Adequate,9.2,2026-06-14,A2
INV0006937,20241231,STR0087,PRD00057,58,44,Adequate,8.3,2026-05-11,B1
INV0006938,20241231,STR0087,PRD00058,112,19,Adequate,10.2,2026-06-26,B2
INV0006939,20241231,STR0087,PRD00059,139,44,Adequate,19.9,2026-05-19,D1
INV0006940,20241231,STR0087,PRD00060,189,28,Adequate,15.8,2026-05-13,A1
INV0006941,20241231,STR0087,PRD00061,14,38,Reorder Required,1.4,2026-06-17,C1
INV0006942,20241231,STR0087,PRD00062,175,18,Adequate,43.8,2026-06-22,D1
INV0006943,20241231,STR0087,PRD00063,179,24,Adequate,44.8,2026-06-22,A2
INV0006944,20241231,STR0087,PRD00064,166,22,Adequate,166.0,2026-05-23,A1
INV0006945,20241231,STR0087,PRD00065,160,22,Adequate,12.3,2026-06-18,A2
INV0006946,20241231,STR0087,PRD00066,129,15,Adequate,64.5,2026-05-12,C2
INV0006947,20241231,STR0087,PRD00067,170,42,Adequate,34.0,2026-05-22,A2
INV0006948,20241231,STR0087,PRD00068,131,37,Adequate,8.7,2026-05-19,C2
INV0006949,20241231,STR0087,PRD00069,133,29,Adequate,19.0,2026-06-07,C2
INV0006950,20241231,STR0087,PRD00070,24,38,Reorder Required,24.0,2026-06-01,C2
INV0006951,20241231,STR0087,PRD00071,45,37,Adequate,11.2,2026-06-22,B2
INV0006952,20241231,STR0087,PRD00072,127,15,Adequate,9.8,2026-06-09,A1
INV0006953,20241231,STR0087,PRD00073,54,31,Adequate,4.5,2026-05-19,B2
INV0006954,20241231,STR0087,PRD00074,61,10,Adequate,6.8,2026-06-10,B1
INV0006955,20241231,STR0087,PRD00075,114,39,Adequate,19.0,2026-05-14,C1
INV0006956,20241231,STR0087,PRD00076,126,34,Adequate,42.0,2026-07-06,A1
INV0006957,20241231,STR0087,PRD00077,144,47,Adequate,48.0,2026-05-14,C1
INV0006958,20241231,STR0087,PRD00078,77,10,Adequate,5.5,2026-05-30,C2
INV0006959,20241231,STR0087,PRD00079,131,28,Adequate,11.9,2026-06-30,C1
INV0006960,20241231,STR0087,PRD00080,194,11,Adequate,17.6,2026-06-17,C2
INV0006961,20241231,STR0088,PRD00001,27,50,Reorder Required,2.7,2026-06-06,C2
INV0006962,20241231,STR0088,PRD00002,61,17,Adequate,5.5,2026-05-20,B2
INV0006963,20241231,STR0088,PRD00003,15,44,Reorder Required,1.2,2026-06-07,A1
INV0006964,20241231,STR0088,PRD00004,151,27,Adequate,50.3,2026-06-09,B2
INV0006965,20241231,STR0088,PRD00005,48,40,Adequate,6.9,2026-05-22,D1
INV0006966,20241231,STR0088,PRD00006,144,33,Adequate,18.0,2026-06-12,A1
INV0006967,20241231,STR0088,PRD00007,17,39,Reorder Required,5.7,2026-05-14,B2
INV0006968,20241231,STR0088,PRD00008,32,20,Adequate,2.5,2026-06-11,B2
INV0006969,20241231,STR0088,PRD00009,169,38,Adequate,14.1,2026-07-04,A1
INV0006970,20241231,STR0088,PRD00010,152,30,Adequate,12.7,2026-05-20,A2
INV0006971,20241231,STR0088,PRD00011,85,36,Adequate,5.7,2026-06-16,B1
INV0006972,20241231,STR0088,PRD00012,18,13,Adequate,18.0,2026-06-12,C2
INV0006973,20241231,STR0088,PRD00013,171,34,Adequate,15.5,2026-05-23,A2
INV0006974,20241231,STR0088,PRD00014,27,27,Reorder Required,13.5,2026-05-20,C2
INV0006975,20241231,STR0088,PRD00015,160,27,Adequate,26.7,2026-05-24,A2
INV0006976,20241231,STR0088,PRD00016,31,31,Reorder Required,2.8,2026-06-17,A1
INV0006977,20241231,STR0088,PRD00017,132,50,Adequate,14.7,2026-06-05,A1
INV0006978,20241231,STR0088,PRD00018,20,24,Reorder Required,1.3,2026-06-19,A1
INV0006979,20241231,STR0088,PRD00019,165,23,Adequate,165.0,2026-06-09,B1
INV0006980,20241231,STR0088,PRD00020,0,37,Reorder Required,0.0,2026-06-06,B1
INV0006981,20241231,STR0088,PRD00021,192,24,Adequate,48.0,2026-05-31,C1
INV0006982,20241231,STR0088,PRD00022,116,12,Adequate,23.2,2026-05-31,A1
INV0006983,20241231,STR0088,PRD00023,52,37,Adequate,7.4,2026-05-10,A2
INV0006984,20241231,STR0088,PRD00024,178,16,Adequate,14.8,2026-05-29,A1
INV0006985,20241231,STR0088,PRD00025,151,36,Adequate,30.2,2026-07-02,B2
INV0006986,20241231,STR0088,PRD00026,1,15,Reorder Required,0.1,2026-06-12,B2
INV0006987,20241231,STR0088,PRD00027,173,46,Adequate,14.4,2026-07-01,C1
INV0006988,20241231,STR0088,PRD00028,172,18,Adequate,19.1,2026-06-13,C1
INV0006989,20241231,STR0088,PRD00029,137,10,Adequate,19.6,2026-06-22,D1
INV0006990,20241231,STR0088,PRD00030,191,12,Adequate,17.4,2026-06-30,C2
INV0006991,20241231,STR0088,PRD00031,184,44,Adequate,14.2,2026-06-18,A2
INV0006992,20241231,STR0088,PRD00032,160,31,Adequate,20.0,2026-05-24,B2
INV0006993,20241231,STR0088,PRD00033,148,33,Adequate,11.4,2026-05-19,B2
INV0006994,20241231,STR0088,PRD00034,123,33,Adequate,8.8,2026-05-18,B1
INV0006995,20241231,STR0088,PRD00035,6,23,Reorder Required,3.0,2026-05-30,C1
INV0006996,20241231,STR0088,PRD00036,160,40,Adequate,32.0,2026-06-17,C1
INV0006997,20241231,STR0088,PRD00037,64,23,Adequate,6.4,2026-06-07,C2
INV0006998,20241231,STR0088,PRD00038,54,27,Adequate,4.9,2026-06-24,B1
INV0006999,20241231,STR0088,PRD00039,21,38,Reorder Required,2.6,2026-05-18,D1
INV0007000,20241231,STR0088,PRD00040,176,44,Adequate,35.2,2026-05-27,A2
INV0007001,20241231,STR0088,PRD00041,12,33,Reorder Required,0.9,2026-06-28,B2
INV0007002,20241231,STR0088,PRD00042,35,14,Adequate,4.4,2026-05-31,A2
INV0007003,20241231,STR0088,PRD00043,5,21,Reorder Required,0.8,2026-05-19,C2
INV0007004,20241231,STR0088,PRD00044,54,19,Adequate,27.0,2026-06-30,B1
INV0007005,20241231,STR0088,PRD00045,74,11,Adequate,6.7,2026-06-18,A2
INV0007006,20241231,STR0088,PRD00046,68,40,Adequate,17.0,2026-06-29,A1
INV0007007,20241231,STR0088,PRD00047,8,14,Reorder Required,8.0,2026-05-14,A2
INV0007008,20241231,STR0088,PRD00048,182,31,Adequate,91.0,2026-05-09,D1
INV0007009,20241231,STR0088,PRD00049,25,41,Reorder Required,2.1,2026-05-29,A1
INV0007010,20241231,STR0088,PRD00050,191,39,Adequate,47.8,2026-06-18,C2
INV0007011,20241231,STR0088,PRD00051,89,26,Adequate,14.8,2026-05-10,D1
INV0007012,20241231,STR0088,PRD00052,191,13,Adequate,12.7,2026-06-13,B2
INV0007013,20241231,STR0088,PRD00053,132,20,Adequate,14.7,2026-05-24,A2
INV0007014,20241231,STR0088,PRD00054,147,19,Adequate,147.0,2026-06-04,C1
INV0007015,20241231,STR0088,PRD00055,167,38,Adequate,33.4,2026-06-28,B2
INV0007016,20241231,STR0088,PRD00056,183,30,Adequate,12.2,2026-06-30,A1
INV0007017,20241231,STR0088,PRD00057,114,44,Adequate,11.4,2026-06-17,C2
INV0007018,20241231,STR0088,PRD00058,174,19,Adequate,13.4,2026-06-03,A1
INV0007019,20241231,STR0088,PRD00059,200,44,Adequate,15.4,2026-05-19,C2
INV0007020,20241231,STR0088,PRD00060,36,28,Adequate,6.0,2026-06-23,A2
INV0007021,20241231,STR0088,PRD00061,105,38,Adequate,9.5,2026-07-02,B1
INV0007022,20241231,STR0088,PRD00062,88,18,Adequate,6.8,2026-05-15,C1
INV0007023,20241231,STR0088,PRD00063,115,24,Adequate,19.2,2026-05-17,B1
INV0007024,20241231,STR0088,PRD00064,45,22,Adequate,3.0,2026-05-20,D1
INV0007025,20241231,STR0088,PRD00065,43,22,Adequate,7.2,2026-06-05,D1
INV0007026,20241231,STR0088,PRD00066,138,15,Adequate,11.5,2026-05-12,B2
INV0007027,20241231,STR0088,PRD00067,105,42,Adequate,8.1,2026-06-06,C1
INV0007028,20241231,STR0088,PRD00068,118,37,Adequate,39.3,2026-05-31,C1
INV0007029,20241231,STR0088,PRD00069,154,29,Adequate,11.8,2026-06-17,A2
INV0007030,20241231,STR0088,PRD00070,71,38,Adequate,71.0,2026-06-26,D1
INV0007031,20241231,STR0088,PRD00071,159,37,Adequate,13.2,2026-06-27,A2
INV0007032,20241231,STR0088,PRD00072,64,15,Adequate,7.1,2026-06-30,C2
INV0007033,20241231,STR0088,PRD00073,55,31,Adequate,5.0,2026-05-31,A2
INV0007034,20241231,STR0088,PRD00074,111,10,Adequate,8.5,2026-05-28,C1
INV0007035,20241231,STR0088,PRD00075,88,39,Adequate,14.7,2026-06-24,B1
INV0007036,20241231,STR0088,PRD00076,60,34,Adequate,15.0,2026-06-11,B2
INV0007037,20241231,STR0088,PRD00077,20,47,Reorder Required,1.7,2026-06-07,A2
INV0007038,20241231,STR0088,PRD00078,118,10,Adequate,10.7,2026-07-03,C2
INV0007039,20241231,STR0088,PRD00079,127,28,Adequate,21.2,2026-06-09,C1
INV0007040,20241231,STR0088,PRD00080,86,11,Adequate,43.0,2026-05-15,A1
INV0007041,20241231,STR0089,PRD00001,24,50,Reorder Required,4.0,2026-05-25,A1
INV0007042,20241231,STR0089,PRD00002,0,17,Reorder Required,0.0,2026-06-09,A2
INV0007043,20241231,STR0089,PRD00003,107,44,Adequate,9.7,2026-05-10,D1
INV0007044,20241231,STR0089,PRD00004,129,27,Adequate,129.0,2026-05-18,B2
INV0007045,20241231,STR0089,PRD00005,99,40,Adequate,16.5,2026-06-06,B2
INV0007046,20241231,STR0089,PRD00006,90,33,Adequate,9.0,2026-06-27,A1
INV0007047,20241231,STR0089,PRD00007,165,39,Adequate,33.0,2026-06-13,A2
INV0007048,20241231,STR0089,PRD00008,123,20,Adequate,41.0,2026-06-04,D1
INV0007049,20241231,STR0089,PRD00009,138,38,Adequate,138.0,2026-05-20,A1
INV0007050,20241231,STR0089,PRD00010,10,30,Reorder Required,10.0,2026-07-05,C2
INV0007051,20241231,STR0089,PRD00011,164,36,Adequate,16.4,2026-06-21,C1
INV0007052,20241231,STR0089,PRD00012,89,13,Adequate,5.9,2026-07-01,A1
INV0007053,20241231,STR0089,PRD00013,69,34,Adequate,11.5,2026-05-18,B1
INV0007054,20241231,STR0089,PRD00014,8,27,Reorder Required,1.0,2026-06-14,C1
INV0007055,20241231,STR0089,PRD00015,161,27,Adequate,40.2,2026-05-12,B2
INV0007056,20241231,STR0089,PRD00016,167,31,Adequate,15.2,2026-06-26,C2
INV0007057,20241231,STR0089,PRD00017,132,50,Adequate,13.2,2026-06-12,D1
INV0007058,20241231,STR0089,PRD00018,38,24,Adequate,4.8,2026-06-14,D1
INV0007059,20241231,STR0089,PRD00019,4,23,Reorder Required,0.7,2026-06-22,D1
INV0007060,20241231,STR0089,PRD00020,118,37,Adequate,10.7,2026-06-25,C1
INV0007061,20241231,STR0089,PRD00021,10,24,Reorder Required,1.2,2026-05-17,D1
INV0007062,20241231,STR0089,PRD00022,7,12,Reorder Required,0.6,2026-06-02,C1
INV0007063,20241231,STR0089,PRD00023,19,37,Reorder Required,3.8,2026-05-31,D1
INV0007064,20241231,STR0089,PRD00024,25,16,Adequate,1.9,2026-06-06,B2
INV0007065,20241231,STR0089,PRD00025,116,36,Adequate,11.6,2026-05-18,A1
INV0007066,20241231,STR0089,PRD00026,136,15,Adequate,12.4,2026-05-22,A2
INV0007067,20241231,STR0089,PRD00027,100,46,Adequate,14.3,2026-06-10,B1
INV0007068,20241231,STR0089,PRD00028,153,18,Adequate,19.1,2026-06-08,C1
INV0007069,20241231,STR0089,PRD00029,161,10,Adequate,32.2,2026-07-04,A1
INV0007070,20241231,STR0089,PRD00030,93,12,Adequate,13.3,2026-06-03,D1
INV0007071,20241231,STR0089,PRD00031,11,44,Reorder Required,11.0,2026-05-09,B1
INV0007072,20241231,STR0089,PRD00032,199,31,Adequate,99.5,2026-07-02,D1
INV0007073,20241231,STR0089,PRD00033,2,33,Reorder Required,0.2,2026-05-25,B2
INV0007074,20241231,STR0089,PRD00034,192,33,Adequate,21.3,2026-06-04,B1
INV0007075,20241231,STR0089,PRD00035,163,23,Adequate,27.2,2026-06-05,B1
INV0007076,20241231,STR0089,PRD00036,9,40,Reorder Required,2.2,2026-05-19,A1
INV0007077,20241231,STR0089,PRD00037,45,23,Adequate,7.5,2026-06-10,D1
INV0007078,20241231,STR0089,PRD00038,9,27,Reorder Required,0.8,2026-05-08,C2
INV0007079,20241231,STR0089,PRD00039,179,38,Adequate,29.8,2026-05-08,B2
INV0007080,20241231,STR0089,PRD00040,23,44,Reorder Required,1.5,2026-07-05,C2
INV0007081,20241231,STR0089,PRD00041,123,33,Adequate,13.7,2026-05-10,C2
INV0007082,20241231,STR0089,PRD00042,153,14,Adequate,51.0,2026-06-02,B2
INV0007083,20241231,STR0089,PRD00043,58,21,Adequate,4.5,2026-05-21,C1
INV0007084,20241231,STR0089,PRD00044,147,19,Adequate,49.0,2026-06-21,C2
INV0007085,20241231,STR0089,PRD00045,90,11,Adequate,8.2,2026-06-06,B1
INV0007086,20241231,STR0089,PRD00046,189,40,Adequate,13.5,2026-05-15,C1
INV0007087,20241231,STR0089,PRD00047,185,14,Adequate,92.5,2026-05-27,A2
INV0007088,20241231,STR0089,PRD00048,73,31,Adequate,73.0,2026-05-15,C2
INV0007089,20241231,STR0089,PRD00049,18,41,Reorder Required,1.5,2026-05-16,C2
INV0007090,20241231,STR0089,PRD00050,120,39,Adequate,10.9,2026-05-19,C2
INV0007091,20241231,STR0089,PRD00051,101,26,Adequate,25.2,2026-06-08,B2
INV0007092,20241231,STR0089,PRD00052,14,13,Adequate,4.7,2026-06-19,A2
INV0007093,20241231,STR0089,PRD00053,63,20,Adequate,6.3,2026-06-15,C1
INV0007094,20241231,STR0089,PRD00054,75,19,Adequate,5.0,2026-06-11,A2
INV0007095,20241231,STR0089,PRD00055,77,38,Adequate,11.0,2026-07-01,A2
INV0007096,20241231,STR0089,PRD00056,45,30,Adequate,3.0,2026-06-13,A1
INV0007097,20241231,STR0089,PRD00057,92,44,Adequate,92.0,2026-05-18,D1
INV0007098,20241231,STR0089,PRD00058,25,19,Adequate,1.8,2026-06-16,D1
INV0007099,20241231,STR0089,PRD00059,156,44,Adequate,13.0,2026-06-03,C1
INV0007100,20241231,STR0089,PRD00060,42,28,Adequate,4.2,2026-06-07,C2
INV0007101,20241231,STR0089,PRD00061,102,38,Adequate,17.0,2026-06-12,B1
INV0007102,20241231,STR0089,PRD00062,97,18,Adequate,24.2,2026-06-28,A1
INV0007103,20241231,STR0089,PRD00063,19,24,Reorder Required,1.5,2026-07-02,D1
INV0007104,20241231,STR0089,PRD00064,112,22,Adequate,12.4,2026-07-02,B2
INV0007105,20241231,STR0089,PRD00065,85,22,Adequate,9.4,2026-05-16,A2
INV0007106,20241231,STR0089,PRD00066,133,15,Adequate,14.8,2026-05-29,D1
INV0007107,20241231,STR0089,PRD00067,161,42,Adequate,53.7,2026-07-01,C2
INV0007108,20241231,STR0089,PRD00068,194,37,Adequate,32.3,2026-05-19,D1
INV0007109,20241231,STR0089,PRD00069,51,29,Adequate,3.9,2026-06-20,A1
INV0007110,20241231,STR0089,PRD00070,41,38,Adequate,20.5,2026-06-13,C2
INV0007111,20241231,STR0089,PRD00071,81,37,Adequate,81.0,2026-07-02,B1
INV0007112,20241231,STR0089,PRD00072,71,15,Adequate,5.1,2026-06-11,B2
INV0007113,20241231,STR0089,PRD00073,7,31,Reorder Required,3.5,2026-07-06,A1
INV0007114,20241231,STR0089,PRD00074,165,10,Adequate,12.7,2026-05-24,D1
INV0007115,20241231,STR0089,PRD00075,114,39,Adequate,19.0,2026-06-07,D1
INV0007116,20241231,STR0089,PRD00076,33,34,Reorder Required,3.0,2026-05-19,A1
INV0007117,20241231,STR0089,PRD00077,22,47,Reorder Required,3.1,2026-06-17,C2
INV0007118,20241231,STR0089,PRD00078,171,10,Adequate,15.5,2026-05-10,D1
INV0007119,20241231,STR0089,PRD00079,116,28,Adequate,8.9,2026-07-05,B1
INV0007120,20241231,STR0089,PRD00080,183,11,Adequate,183.0,2026-06-03,A2
INV0007121,20241231,STR0090,PRD00001,106,50,Adequate,8.2,2026-05-29,B1
INV0007122,20241231,STR0090,PRD00002,185,17,Adequate,46.2,2026-06-24,A2
INV0007123,20241231,STR0090,PRD00003,7,44,Reorder Required,0.5,2026-05-13,C1
INV0007124,20241231,STR0090,PRD00004,57,27,Adequate,7.1,2026-05-12,A1
INV0007125,20241231,STR0090,PRD00005,36,40,Reorder Required,2.8,2026-05-16,C1
INV0007126,20241231,STR0090,PRD00006,40,33,Adequate,5.7,2026-05-08,C1
INV0007127,20241231,STR0090,PRD00007,50,39,Adequate,5.6,2026-05-10,C1
INV0007128,20241231,STR0090,PRD00008,64,20,Adequate,10.7,2026-05-25,A1
INV0007129,20241231,STR0090,PRD00009,0,38,Reorder Required,0.0,2026-05-14,C2
INV0007130,20241231,STR0090,PRD00010,35,30,Adequate,17.5,2026-06-02,A2
INV0007131,20241231,STR0090,PRD00011,125,36,Adequate,31.2,2026-06-21,C1
INV0007132,20241231,STR0090,PRD00012,141,13,Adequate,14.1,2026-06-05,B2
INV0007133,20241231,STR0090,PRD00013,133,34,Adequate,8.9,2026-05-16,B1
INV0007134,20241231,STR0090,PRD00014,181,27,Adequate,30.2,2026-06-10,C2
INV0007135,20241231,STR0090,PRD00015,176,27,Adequate,29.3,2026-06-10,A2
INV0007136,20241231,STR0090,PRD00016,16,31,Reorder Required,1.1,2026-06-17,C2
INV0007137,20241231,STR0090,PRD00017,56,50,Adequate,5.1,2026-06-20,C2
INV0007138,20241231,STR0090,PRD00018,20,24,Reorder Required,20.0,2026-05-15,C1
INV0007139,20241231,STR0090,PRD00019,180,23,Adequate,20.0,2026-07-05,B2
INV0007140,20241231,STR0090,PRD00020,136,37,Adequate,68.0,2026-06-29,A2
INV0007141,20241231,STR0090,PRD00021,164,24,Adequate,27.3,2026-06-22,A2
INV0007142,20241231,STR0090,PRD00022,125,12,Adequate,41.7,2026-06-10,D1
INV0007143,20241231,STR0090,PRD00023,170,37,Adequate,15.5,2026-06-27,D1
INV0007144,20241231,STR0090,PRD00024,69,16,Adequate,34.5,2026-07-01,B2
INV0007145,20241231,STR0090,PRD00025,140,36,Adequate,10.8,2026-05-09,C2
INV0007146,20241231,STR0090,PRD00026,32,15,Adequate,2.1,2026-07-05,A2
INV0007147,20241231,STR0090,PRD00027,189,46,Adequate,63.0,2026-06-29,B1
INV0007148,20241231,STR0090,PRD00028,38,18,Adequate,7.6,2026-06-09,B2
INV0007149,20241231,STR0090,PRD00029,34,10,Adequate,3.4,2026-05-16,C2
INV0007150,20241231,STR0090,PRD00030,3,12,Reorder Required,0.3,2026-06-12,B1
INV0007151,20241231,STR0090,PRD00031,150,44,Adequate,10.0,2026-06-30,B2
INV0007152,20241231,STR0090,PRD00032,112,31,Adequate,16.0,2026-05-28,D1
INV0007153,20241231,STR0090,PRD00033,22,33,Reorder Required,3.1,2026-06-04,C2
INV0007154,20241231,STR0090,PRD00034,147,33,Adequate,11.3,2026-05-08,C2
INV0007155,20241231,STR0090,PRD00035,23,23,Reorder Required,3.8,2026-07-04,B1
INV0007156,20241231,STR0090,PRD00036,87,40,Adequate,12.4,2026-05-10,D1
INV0007157,20241231,STR0090,PRD00037,148,23,Adequate,74.0,2026-06-29,A2
INV0007158,20241231,STR0090,PRD00038,162,27,Adequate,18.0,2026-06-27,A1
INV0007159,20241231,STR0090,PRD00039,174,38,Adequate,24.9,2026-07-04,B1
INV0007160,20241231,STR0090,PRD00040,83,44,Adequate,9.2,2026-06-05,C1
INV0007161,20241231,STR0090,PRD00041,194,33,Adequate,12.9,2026-06-12,C1
INV0007162,20241231,STR0090,PRD00042,97,14,Adequate,7.5,2026-05-25,C2
INV0007163,20241231,STR0090,PRD00043,177,21,Adequate,177.0,2026-06-18,A1
INV0007164,20241231,STR0090,PRD00044,165,19,Adequate,27.5,2026-06-20,A1
INV0007165,20241231,STR0090,PRD00045,184,11,Adequate,13.1,2026-06-15,C2
INV0007166,20241231,STR0090,PRD00046,200,40,Adequate,66.7,2026-05-16,D1
INV0007167,20241231,STR0090,PRD00047,148,14,Adequate,13.5,2026-05-31,C1
INV0007168,20241231,STR0090,PRD00048,67,31,Adequate,16.8,2026-05-21,A1
INV0007169,20241231,STR0090,PRD00049,132,41,Adequate,33.0,2026-06-23,B1
INV0007170,20241231,STR0090,PRD00050,35,39,Reorder Required,2.7,2026-06-16,C2
INV0007171,20241231,STR0090,PRD00051,3,26,Reorder Required,0.2,2026-07-05,A1
INV0007172,20241231,STR0090,PRD00052,65,13,Adequate,65.0,2026-05-15,B1
INV0007173,20241231,STR0090,PRD00053,68,20,Adequate,22.7,2026-05-21,A1
INV0007174,20241231,STR0090,PRD00054,103,19,Adequate,10.3,2026-05-13,B2
INV0007175,20241231,STR0090,PRD00055,170,38,Adequate,11.3,2026-05-29,B1
INV0007176,20241231,STR0090,PRD00056,164,30,Adequate,27.3,2026-05-15,A2
INV0007177,20241231,STR0090,PRD00057,96,44,Adequate,12.0,2026-06-10,B1
INV0007178,20241231,STR0090,PRD00058,15,19,Reorder Required,15.0,2026-05-08,C1
INV0007179,20241231,STR0090,PRD00059,6,44,Reorder Required,0.6,2026-06-04,A1
INV0007180,20241231,STR0090,PRD00060,160,28,Adequate,14.5,2026-05-19,C2
INV0007181,20241231,STR0090,PRD00061,184,38,Adequate,13.1,2026-05-14,C1
INV0007182,20241231,STR0090,PRD00062,0,18,Reorder Required,0.0,2026-06-24,C2
INV0007183,20241231,STR0090,PRD00063,96,24,Adequate,7.4,2026-06-20,C2
INV0007184,20241231,STR0090,PRD00064,117,22,Adequate,7.8,2026-05-11,C2
INV0007185,20241231,STR0090,PRD00065,132,22,Adequate,132.0,2026-05-12,B2
INV0007186,20241231,STR0090,PRD00066,86,15,Adequate,10.8,2026-06-30,A1
INV0007187,20241231,STR0090,PRD00067,27,42,Reorder Required,4.5,2026-06-13,B2
INV0007188,20241231,STR0090,PRD00068,38,37,Adequate,9.5,2026-05-27,C1
INV0007189,20241231,STR0090,PRD00069,42,29,Adequate,5.2,2026-06-13,A1
INV0007190,20241231,STR0090,PRD00070,45,38,Adequate,6.4,2026-06-14,C2
INV0007191,20241231,STR0090,PRD00071,45,37,Adequate,15.0,2026-06-12,B2
INV0007192,20241231,STR0090,PRD00072,71,15,Adequate,14.2,2026-05-28,A1
INV0007193,20241231,STR0090,PRD00073,83,31,Adequate,27.7,2026-05-26,C1
INV0007194,20241231,STR0090,PRD00074,165,10,Adequate,11.8,2026-06-02,D1
INV0007195,20241231,STR0090,PRD00075,40,39,Adequate,6.7,2026-06-06,A2
INV0007196,20241231,STR0090,PRD00076,115,34,Adequate,9.6,2026-06-22,B2
INV0007197,20241231,STR0090,PRD00077,25,47,Reorder Required,4.2,2026-06-28,C2
INV0007198,20241231,STR0090,PRD00078,36,10,Adequate,7.2,2026-06-20,D1
INV0007199,20241231,STR0090,PRD00079,76,28,Adequate,5.4,2026-07-05,C1
INV0007200,20241231,STR0090,PRD00080,31,11,Adequate,2.4,2026-06-11,B1
INV0007201,20241231,STR0091,PRD00001,94,50,Adequate,7.8,2026-07-06,A2
INV0007202,20241231,STR0091,PRD00002,103,17,Adequate,8.6,2026-07-06,C2
INV0007203,20241231,STR0091,PRD00003,15,44,Reorder Required,2.5,2026-07-04,B1
INV0007204,20241231,STR0091,PRD00004,115,27,Adequate,8.8,2026-05-22,D1
INV0007205,20241231,STR0091,PRD00005,67,40,Adequate,11.2,2026-06-28,B1
INV0007206,20241231,STR0091,PRD00006,168,33,Adequate,12.0,2026-05-13,B2
INV0007207,20241231,STR0091,PRD00007,39,39,Reorder Required,3.2,2026-06-11,C1
INV0007208,20241231,STR0091,PRD00008,179,20,Adequate,179.0,2026-06-18,A2
INV0007209,20241231,STR0091,PRD00009,76,38,Adequate,15.2,2026-05-30,C2
INV0007210,20241231,STR0091,PRD00010,58,30,Adequate,11.6,2026-05-08,B2
INV0007211,20241231,STR0091,PRD00011,2,36,Reorder Required,0.2,2026-07-03,B2
INV0007212,20241231,STR0091,PRD00012,80,13,Adequate,11.4,2026-05-25,C1
INV0007213,20241231,STR0091,PRD00013,63,34,Adequate,5.7,2026-06-11,B1
INV0007214,20241231,STR0091,PRD00014,34,27,Adequate,3.4,2026-07-02,A1
INV0007215,20241231,STR0091,PRD00015,189,27,Adequate,15.8,2026-05-23,A1
INV0007216,20241231,STR0091,PRD00016,154,31,Adequate,19.2,2026-05-15,A2
INV0007217,20241231,STR0091,PRD00017,126,50,Adequate,126.0,2026-07-04,A2
INV0007218,20241231,STR0091,PRD00018,196,24,Adequate,21.8,2026-06-04,C2
INV0007219,20241231,STR0091,PRD00019,157,23,Adequate,12.1,2026-06-12,C2
INV0007220,20241231,STR0091,PRD00020,44,37,Adequate,7.3,2026-05-27,A1
INV0007221,20241231,STR0091,PRD00021,125,24,Adequate,25.0,2026-05-08,B2
INV0007222,20241231,STR0091,PRD00022,163,12,Adequate,23.3,2026-05-15,B2
INV0007223,20241231,STR0091,PRD00023,33,37,Reorder Required,33.0,2026-06-09,C2
INV0007224,20241231,STR0091,PRD00024,59,16,Adequate,7.4,2026-07-01,B2
INV0007225,20241231,STR0091,PRD00025,62,36,Adequate,8.9,2026-06-21,B1
INV0007226,20241231,STR0091,PRD00026,70,15,Adequate,10.0,2026-05-17,A2
INV0007227,20241231,STR0091,PRD00027,170,46,Adequate,12.1,2026-06-06,B1
INV0007228,20241231,STR0091,PRD00028,86,18,Adequate,28.7,2026-06-13,A1
INV0007229,20241231,STR0091,PRD00029,71,10,Adequate,5.1,2026-05-11,D1
INV0007230,20241231,STR0091,PRD00030,94,12,Adequate,23.5,2026-06-21,C1
INV0007231,20241231,STR0091,PRD00031,11,44,Reorder Required,5.5,2026-05-17,D1
INV0007232,20241231,STR0091,PRD00032,74,31,Adequate,14.8,2026-06-29,B2
INV0007233,20241231,STR0091,PRD00033,196,33,Adequate,13.1,2026-05-24,A1
INV0007234,20241231,STR0091,PRD00034,184,33,Adequate,92.0,2026-05-08,D1
INV0007235,20241231,STR0091,PRD00035,55,23,Adequate,18.3,2026-05-15,D1
INV0007236,20241231,STR0091,PRD00036,104,40,Adequate,13.0,2026-06-11,C1
INV0007237,20241231,STR0091,PRD00037,99,23,Adequate,24.8,2026-06-27,B2
INV0007238,20241231,STR0091,PRD00038,130,27,Adequate,10.8,2026-06-25,C2
INV0007239,20241231,STR0091,PRD00039,180,38,Adequate,20.0,2026-06-05,D1
INV0007240,20241231,STR0091,PRD00040,199,44,Adequate,19.9,2026-05-31,A2
INV0007241,20241231,STR0091,PRD00041,196,33,Adequate,98.0,2026-05-26,B2
INV0007242,20241231,STR0091,PRD00042,9,14,Reorder Required,3.0,2026-06-12,D1
INV0007243,20241231,STR0091,PRD00043,152,21,Adequate,10.1,2026-07-01,B1
INV0007244,20241231,STR0091,PRD00044,60,19,Adequate,30.0,2026-05-23,D1
INV0007245,20241231,STR0091,PRD00045,11,11,Reorder Required,2.2,2026-06-22,C2
INV0007246,20241231,STR0091,PRD00046,126,40,Adequate,9.0,2026-06-19,C2
INV0007247,20241231,STR0091,PRD00047,26,14,Adequate,4.3,2026-05-08,C2
INV0007248,20241231,STR0091,PRD00048,107,31,Adequate,21.4,2026-06-22,B1
INV0007249,20241231,STR0091,PRD00049,141,41,Adequate,10.8,2026-06-26,C2
INV0007250,20241231,STR0091,PRD00050,43,39,Adequate,2.9,2026-06-04,D1
INV0007251,20241231,STR0091,PRD00051,94,26,Adequate,13.4,2026-06-24,B2
INV0007252,20241231,STR0091,PRD00052,117,13,Adequate,29.2,2026-05-21,A1
INV0007253,20241231,STR0091,PRD00053,139,20,Adequate,9.9,2026-06-16,B2
INV0007254,20241231,STR0091,PRD00054,144,19,Adequate,48.0,2026-05-20,A1
INV0007255,20241231,STR0091,PRD00055,94,38,Adequate,6.7,2026-05-16,A1
INV0007256,20241231,STR0091,PRD00056,75,30,Adequate,12.5,2026-05-15,A2
INV0007257,20241231,STR0091,PRD00057,28,44,Reorder Required,2.5,2026-05-13,A2
INV0007258,20241231,STR0091,PRD00058,89,19,Adequate,17.8,2026-06-30,A2
INV0007259,20241231,STR0091,PRD00059,82,44,Adequate,9.1,2026-06-26,A2
INV0007260,20241231,STR0091,PRD00060,196,28,Adequate,196.0,2026-05-31,D1
INV0007261,20241231,STR0091,PRD00061,163,38,Adequate,23.3,2026-05-30,A1
INV0007262,20241231,STR0091,PRD00062,84,18,Adequate,84.0,2026-05-09,C1
INV0007263,20241231,STR0091,PRD00063,55,24,Adequate,6.9,2026-05-21,A1
INV0007264,20241231,STR0091,PRD00064,100,22,Adequate,11.1,2026-06-06,C1
INV0007265,20241231,STR0091,PRD00065,149,22,Adequate,37.2,2026-05-27,B1
INV0007266,20241231,STR0091,PRD00066,15,15,Reorder Required,1.7,2026-05-10,D1
INV0007267,20241231,STR0091,PRD00067,182,42,Adequate,20.2,2026-07-02,D1
INV0007268,20241231,STR0091,PRD00068,118,37,Adequate,9.8,2026-05-24,A2
INV0007269,20241231,STR0091,PRD00069,100,29,Adequate,25.0,2026-05-25,C2
INV0007270,20241231,STR0091,PRD00070,64,38,Adequate,4.6,2026-05-23,C2
INV0007271,20241231,STR0091,PRD00071,5,37,Reorder Required,0.4,2026-06-24,B2
INV0007272,20241231,STR0091,PRD00072,137,15,Adequate,27.4,2026-05-27,A2
INV0007273,20241231,STR0091,PRD00073,16,31,Reorder Required,2.3,2026-06-09,B1
INV0007274,20241231,STR0091,PRD00074,137,10,Adequate,13.7,2026-06-18,B1
INV0007275,20241231,STR0091,PRD00075,176,39,Adequate,25.1,2026-06-20,A2
INV0007276,20241231,STR0091,PRD00076,74,34,Adequate,18.5,2026-06-23,D1
INV0007277,20241231,STR0091,PRD00077,121,47,Adequate,10.1,2026-05-09,C1
INV0007278,20241231,STR0091,PRD00078,121,10,Adequate,8.6,2026-06-15,C1
INV0007279,20241231,STR0091,PRD00079,168,28,Adequate,42.0,2026-05-19,B1
INV0007280,20241231,STR0091,PRD00080,56,11,Adequate,8.0,2026-06-22,B2
INV0007281,20241231,STR0092,PRD00001,126,50,Adequate,12.6,2026-06-04,C1
INV0007282,20241231,STR0092,PRD00002,106,17,Adequate,8.8,2026-05-13,D1
INV0007283,20241231,STR0092,PRD00003,155,44,Adequate,155.0,2026-05-14,B1
INV0007284,20241231,STR0092,PRD00004,162,27,Adequate,14.7,2026-06-03,B1
INV0007285,20241231,STR0092,PRD00005,152,40,Adequate,10.1,2026-06-21,C2
INV0007286,20241231,STR0092,PRD00006,149,33,Adequate,74.5,2026-06-12,B1
INV0007287,20241231,STR0092,PRD00007,193,39,Adequate,193.0,2026-06-17,B1
INV0007288,20241231,STR0092,PRD00008,86,20,Adequate,28.7,2026-06-17,A2
INV0007289,20241231,STR0092,PRD00009,130,38,Adequate,130.0,2026-06-14,A2
INV0007290,20241231,STR0092,PRD00010,170,30,Adequate,12.1,2026-06-06,D1
INV0007291,20241231,STR0092,PRD00011,73,36,Adequate,10.4,2026-05-19,B2
INV0007292,20241231,STR0092,PRD00012,194,13,Adequate,97.0,2026-06-09,D1
INV0007293,20241231,STR0092,PRD00013,145,34,Adequate,145.0,2026-07-06,C1
INV0007294,20241231,STR0092,PRD00014,9,27,Reorder Required,1.8,2026-05-14,A2
INV0007295,20241231,STR0092,PRD00015,70,27,Adequate,35.0,2026-05-24,A1
INV0007296,20241231,STR0092,PRD00016,185,31,Adequate,16.8,2026-06-11,B1
INV0007297,20241231,STR0092,PRD00017,102,50,Adequate,14.6,2026-05-25,A2
INV0007298,20241231,STR0092,PRD00018,51,24,Adequate,10.2,2026-07-01,D1
INV0007299,20241231,STR0092,PRD00019,90,23,Adequate,12.9,2026-05-14,C2
INV0007300,20241231,STR0092,PRD00020,3,37,Reorder Required,0.3,2026-06-06,C1
INV0007301,20241231,STR0092,PRD00021,76,24,Adequate,19.0,2026-06-07,B1
INV0007302,20241231,STR0092,PRD00022,171,12,Adequate,19.0,2026-06-11,A2
INV0007303,20241231,STR0092,PRD00023,2,37,Reorder Required,0.5,2026-05-23,B1
INV0007304,20241231,STR0092,PRD00024,84,16,Adequate,16.8,2026-06-15,C1
INV0007305,20241231,STR0092,PRD00025,28,36,Reorder Required,1.9,2026-05-18,C2
INV0007306,20241231,STR0092,PRD00026,39,15,Adequate,3.2,2026-06-19,B1
INV0007307,20241231,STR0092,PRD00027,110,46,Adequate,110.0,2026-05-31,C1
INV0007308,20241231,STR0092,PRD00028,45,18,Adequate,22.5,2026-05-22,A2
INV0007309,20241231,STR0092,PRD00029,141,10,Adequate,47.0,2026-06-14,B2
INV0007310,20241231,STR0092,PRD00030,172,12,Adequate,13.2,2026-07-02,A1
INV0007311,20241231,STR0092,PRD00031,78,44,Adequate,15.6,2026-05-23,C2
INV0007312,20241231,STR0092,PRD00032,92,31,Adequate,7.1,2026-05-24,B2
INV0007313,20241231,STR0092,PRD00033,138,33,Adequate,46.0,2026-05-10,B1
INV0007314,20241231,STR0092,PRD00034,109,33,Adequate,9.9,2026-05-13,B2
INV0007315,20241231,STR0092,PRD00035,105,23,Adequate,11.7,2026-06-12,C1
INV0007316,20241231,STR0092,PRD00036,2,40,Reorder Required,0.2,2026-06-17,A2
INV0007317,20241231,STR0092,PRD00037,200,23,Adequate,100.0,2026-06-24,A1
INV0007318,20241231,STR0092,PRD00038,143,27,Adequate,47.7,2026-06-19,D1
INV0007319,20241231,STR0092,PRD00039,96,38,Adequate,96.0,2026-05-29,B2
INV0007320,20241231,STR0092,PRD00040,185,44,Adequate,37.0,2026-05-13,C1
INV0007321,20241231,STR0092,PRD00041,153,33,Adequate,17.0,2026-07-03,C1
INV0007322,20241231,STR0092,PRD00042,200,14,Adequate,50.0,2026-05-30,A2
INV0007323,20241231,STR0092,PRD00043,6,21,Reorder Required,0.4,2026-06-03,A2
INV0007324,20241231,STR0092,PRD00044,18,19,Reorder Required,9.0,2026-06-12,C2
INV0007325,20241231,STR0092,PRD00045,45,11,Adequate,5.0,2026-06-30,B2
INV0007326,20241231,STR0092,PRD00046,93,40,Adequate,23.2,2026-06-16,A2
INV0007327,20241231,STR0092,PRD00047,176,14,Adequate,88.0,2026-05-25,D1
INV0007328,20241231,STR0092,PRD00048,75,31,Adequate,9.4,2026-06-13,C2
INV0007329,20241231,STR0092,PRD00049,143,41,Adequate,20.4,2026-06-12,D1
INV0007330,20241231,STR0092,PRD00050,121,39,Adequate,20.2,2026-05-17,C1
INV0007331,20241231,STR0092,PRD00051,181,26,Adequate,12.1,2026-06-28,D1
INV0007332,20241231,STR0092,PRD00052,115,13,Adequate,14.4,2026-05-24,D1
INV0007333,20241231,STR0092,PRD00053,172,20,Adequate,13.2,2026-05-25,A1
INV0007334,20241231,STR0092,PRD00054,153,19,Adequate,12.8,2026-06-27,A1
INV0007335,20241231,STR0092,PRD00055,75,38,Adequate,75.0,2026-05-26,B2
INV0007336,20241231,STR0092,PRD00056,118,30,Adequate,39.3,2026-06-24,B1
INV0007337,20241231,STR0092,PRD00057,18,44,Reorder Required,1.3,2026-06-12,C2
INV0007338,20241231,STR0092,PRD00058,18,19,Reorder Required,3.0,2026-05-21,C1
INV0007339,20241231,STR0092,PRD00059,86,44,Adequate,17.2,2026-06-30,B2
INV0007340,20241231,STR0092,PRD00060,103,28,Adequate,17.2,2026-05-26,A2
INV0007341,20241231,STR0092,PRD00061,58,38,Adequate,9.7,2026-06-04,C2
INV0007342,20241231,STR0092,PRD00062,65,18,Adequate,13.0,2026-07-04,C2
INV0007343,20241231,STR0092,PRD00063,120,24,Adequate,60.0,2026-06-04,C2
INV0007344,20241231,STR0092,PRD00064,21,22,Reorder Required,1.6,2026-06-18,B2
INV0007345,20241231,STR0092,PRD00065,58,22,Adequate,29.0,2026-06-05,A1
INV0007346,20241231,STR0092,PRD00066,175,15,Adequate,14.6,2026-06-21,C1
INV0007347,20241231,STR0092,PRD00067,149,42,Adequate,37.2,2026-07-03,C1
INV0007348,20241231,STR0092,PRD00068,172,37,Adequate,19.1,2026-05-18,B1
INV0007349,20241231,STR0092,PRD00069,47,29,Adequate,7.8,2026-06-17,A1
INV0007350,20241231,STR0092,PRD00070,165,38,Adequate,33.0,2026-05-15,B2
INV0007351,20241231,STR0092,PRD00071,160,37,Adequate,32.0,2026-05-13,C2
INV0007352,20241231,STR0092,PRD00072,2,15,Reorder Required,0.4,2026-05-31,C2
INV0007353,20241231,STR0092,PRD00073,187,31,Adequate,20.8,2026-05-23,B2
INV0007354,20241231,STR0092,PRD00074,42,10,Adequate,3.2,2026-06-20,A2
INV0007355,20241231,STR0092,PRD00075,136,39,Adequate,11.3,2026-06-22,D1
INV0007356,20241231,STR0092,PRD00076,105,34,Adequate,10.5,2026-05-17,C1
INV0007357,20241231,STR0092,PRD00077,64,47,Adequate,21.3,2026-07-02,B1
INV0007358,20241231,STR0092,PRD00078,123,10,Adequate,13.7,2026-05-08,A2
INV0007359,20241231,STR0092,PRD00079,10,28,Reorder Required,1.7,2026-06-19,C2
INV0007360,20241231,STR0092,PRD00080,54,11,Adequate,5.4,2026-05-09,B2
INV0007361,20241231,STR0093,PRD00001,0,50,Reorder Required,0.0,2026-06-16,D1
INV0007362,20241231,STR0093,PRD00002,49,17,Adequate,5.4,2026-05-16,C1
INV0007363,20241231,STR0093,PRD00003,120,44,Adequate,120.0,2026-05-15,C2
INV0007364,20241231,STR0093,PRD00004,197,27,Adequate,65.7,2026-05-25,D1
INV0007365,20241231,STR0093,PRD00005,89,40,Adequate,14.8,2026-05-31,B2
INV0007366,20241231,STR0093,PRD00006,61,33,Adequate,10.2,2026-05-26,B1
INV0007367,20241231,STR0093,PRD00007,67,39,Adequate,13.4,2026-05-08,B2
INV0007368,20241231,STR0093,PRD00008,42,20,Adequate,42.0,2026-05-09,C2
INV0007369,20241231,STR0093,PRD00009,71,38,Adequate,5.5,2026-06-25,A2
INV0007370,20241231,STR0093,PRD00010,131,30,Adequate,131.0,2026-06-29,B1
INV0007371,20241231,STR0093,PRD00011,196,36,Adequate,17.8,2026-05-16,B2
INV0007372,20241231,STR0093,PRD00012,116,13,Adequate,116.0,2026-06-23,A1
INV0007373,20241231,STR0093,PRD00013,54,34,Adequate,3.9,2026-07-04,A2
INV0007374,20241231,STR0093,PRD00014,27,27,Reorder Required,1.9,2026-07-05,A2
INV0007375,20241231,STR0093,PRD00015,79,27,Adequate,9.9,2026-06-12,D1
INV0007376,20241231,STR0093,PRD00016,11,31,Reorder Required,1.1,2026-05-27,D1
INV0007377,20241231,STR0093,PRD00017,186,50,Adequate,14.3,2026-05-25,A1
INV0007378,20241231,STR0093,PRD00018,117,24,Adequate,9.0,2026-06-03,A1
INV0007379,20241231,STR0093,PRD00019,174,23,Adequate,87.0,2026-06-26,A2
INV0007380,20241231,STR0093,PRD00020,153,37,Adequate,13.9,2026-06-24,A1
INV0007381,20241231,STR0093,PRD00021,31,24,Adequate,5.2,2026-06-22,B1
INV0007382,20241231,STR0093,PRD00022,106,12,Adequate,35.3,2026-06-05,A2
INV0007383,20241231,STR0093,PRD00023,157,37,Adequate,52.3,2026-06-30,A2
INV0007384,20241231,STR0093,PRD00024,190,16,Adequate,21.1,2026-06-09,C1
INV0007385,20241231,STR0093,PRD00025,188,36,Adequate,20.9,2026-05-08,A1
INV0007386,20241231,STR0093,PRD00026,104,15,Adequate,20.8,2026-06-10,A1
INV0007387,20241231,STR0093,PRD00027,145,46,Adequate,18.1,2026-06-10,A1
INV0007388,20241231,STR0093,PRD00028,199,18,Adequate,49.8,2026-05-12,B1
INV0007389,20241231,STR0093,PRD00029,87,10,Adequate,12.4,2026-06-29,B1
INV0007390,20241231,STR0093,PRD00030,123,12,Adequate,12.3,2026-06-15,C1
INV0007391,20241231,STR0093,PRD00031,73,44,Adequate,18.2,2026-06-30,B1
INV0007392,20241231,STR0093,PRD00032,86,31,Adequate,7.8,2026-06-29,C1
INV0007393,20241231,STR0093,PRD00033,4,33,Reorder Required,0.4,2026-06-14,B1
INV0007394,20241231,STR0093,PRD00034,39,33,Adequate,9.8,2026-06-05,C2
INV0007395,20241231,STR0093,PRD00035,124,23,Adequate,8.3,2026-05-10,D1
INV0007396,20241231,STR0093,PRD00036,166,40,Adequate,18.4,2026-05-27,B2
INV0007397,20241231,STR0093,PRD00037,180,23,Adequate,22.5,2026-05-21,B2
INV0007398,20241231,STR0093,PRD00038,184,27,Adequate,20.4,2026-07-06,D1
INV0007399,20241231,STR0093,PRD00039,99,38,Adequate,9.9,2026-05-28,C2
INV0007400,20241231,STR0093,PRD00040,48,44,Adequate,8.0,2026-05-30,D1
INV0007401,20241231,STR0093,PRD00041,36,33,Adequate,4.0,2026-05-30,A2
INV0007402,20241231,STR0093,PRD00042,55,14,Adequate,5.5,2026-06-27,B1
INV0007403,20241231,STR0093,PRD00043,60,21,Adequate,60.0,2026-05-26,B1
INV0007404,20241231,STR0093,PRD00044,171,19,Adequate,24.4,2026-05-10,B1
INV0007405,20241231,STR0093,PRD00045,115,11,Adequate,14.4,2026-06-06,B2
INV0007406,20241231,STR0093,PRD00046,27,40,Reorder Required,3.0,2026-06-20,C1
INV0007407,20241231,STR0093,PRD00047,69,14,Adequate,7.7,2026-06-23,B1
INV0007408,20241231,STR0093,PRD00048,197,31,Adequate,49.2,2026-05-31,C1
INV0007409,20241231,STR0093,PRD00049,133,41,Adequate,14.8,2026-05-24,A1
INV0007410,20241231,STR0093,PRD00050,54,39,Adequate,4.9,2026-05-30,C2
INV0007411,20241231,STR0093,PRD00051,127,26,Adequate,9.1,2026-05-15,C2
INV0007412,20241231,STR0093,PRD00052,70,13,Adequate,23.3,2026-06-05,C1
INV0007413,20241231,STR0093,PRD00053,75,20,Adequate,37.5,2026-06-02,A2
INV0007414,20241231,STR0093,PRD00054,113,19,Adequate,10.3,2026-06-20,B1
INV0007415,20241231,STR0093,PRD00055,114,38,Adequate,16.3,2026-06-27,A1
INV0007416,20241231,STR0093,PRD00056,126,30,Adequate,14.0,2026-07-06,C2
INV0007417,20241231,STR0093,PRD00057,95,44,Adequate,9.5,2026-05-30,C2
INV0007418,20241231,STR0093,PRD00058,36,19,Adequate,3.0,2026-06-13,C2
INV0007419,20241231,STR0093,PRD00059,27,44,Reorder Required,27.0,2026-05-29,A2
INV0007420,20241231,STR0093,PRD00060,158,28,Adequate,52.7,2026-05-11,C2
INV0007421,20241231,STR0093,PRD00061,28,38,Reorder Required,2.2,2026-06-07,B1
INV0007422,20241231,STR0093,PRD00062,180,18,Adequate,16.4,2026-05-26,C1
INV0007423,20241231,STR0093,PRD00063,37,24,Adequate,5.3,2026-06-01,A1
INV0007424,20241231,STR0093,PRD00064,120,22,Adequate,13.3,2026-06-29,B1
INV0007425,20241231,STR0093,PRD00065,81,22,Adequate,5.8,2026-07-02,C2
INV0007426,20241231,STR0093,PRD00066,189,15,Adequate,13.5,2026-05-16,C1
INV0007427,20241231,STR0093,PRD00067,61,42,Adequate,61.0,2026-05-12,A2
INV0007428,20241231,STR0093,PRD00068,142,37,Adequate,10.9,2026-06-02,C1
INV0007429,20241231,STR0093,PRD00069,149,29,Adequate,12.4,2026-06-22,B2
INV0007430,20241231,STR0093,PRD00070,108,38,Adequate,8.3,2026-06-19,D1
INV0007431,20241231,STR0093,PRD00071,100,37,Adequate,25.0,2026-06-10,C2
INV0007432,20241231,STR0093,PRD00072,70,15,Adequate,11.7,2026-05-31,C1
INV0007433,20241231,STR0093,PRD00073,157,31,Adequate,19.6,2026-06-15,A2
INV0007434,20241231,STR0093,PRD00074,43,10,Adequate,4.3,2026-05-09,C2
INV0007435,20241231,STR0093,PRD00075,68,39,Adequate,7.6,2026-06-22,C1
INV0007436,20241231,STR0093,PRD00076,128,34,Adequate,8.5,2026-06-30,A2
INV0007437,20241231,STR0093,PRD00077,174,47,Adequate,14.5,2026-06-10,B2
INV0007438,20241231,STR0093,PRD00078,152,10,Adequate,13.8,2026-06-25,D1
INV0007439,20241231,STR0093,PRD00079,70,28,Adequate,10.0,2026-05-08,B2
INV0007440,20241231,STR0093,PRD00080,66,11,Adequate,5.1,2026-06-22,C1
INV0007441,20241231,STR0094,PRD00001,189,50,Adequate,12.6,2026-06-01,B2
INV0007442,20241231,STR0094,PRD00002,107,17,Adequate,15.3,2026-06-21,B1
INV0007443,20241231,STR0094,PRD00003,120,44,Adequate,9.2,2026-05-15,C1
INV0007444,20241231,STR0094,PRD00004,28,27,Adequate,2.2,2026-06-06,D1
INV0007445,20241231,STR0094,PRD00005,147,40,Adequate,18.4,2026-06-02,B1
INV0007446,20241231,STR0094,PRD00006,7,33,Reorder Required,0.5,2026-06-30,C1
INV0007447,20241231,STR0094,PRD00007,189,39,Adequate,12.6,2026-05-25,D1
INV0007448,20241231,STR0094,PRD00008,134,20,Adequate,44.7,2026-06-22,B2
INV0007449,20241231,STR0094,PRD00009,126,38,Adequate,126.0,2026-06-21,A1
INV0007450,20241231,STR0094,PRD00010,139,30,Adequate,17.4,2026-06-18,B1
INV0007451,20241231,STR0094,PRD00011,88,36,Adequate,11.0,2026-05-23,C2
INV0007452,20241231,STR0094,PRD00012,54,13,Adequate,18.0,2026-06-04,C2
INV0007453,20241231,STR0094,PRD00013,91,34,Adequate,6.5,2026-06-09,D1
INV0007454,20241231,STR0094,PRD00014,1,27,Reorder Required,0.3,2026-05-12,C1
INV0007455,20241231,STR0094,PRD00015,142,27,Adequate,15.8,2026-05-15,C1
INV0007456,20241231,STR0094,PRD00016,171,31,Adequate,24.4,2026-05-21,C1
INV0007457,20241231,STR0094,PRD00017,70,50,Adequate,7.0,2026-06-08,A2
INV0007458,20241231,STR0094,PRD00018,134,24,Adequate,11.2,2026-06-22,B1
INV0007459,20241231,STR0094,PRD00019,11,23,Reorder Required,0.8,2026-05-12,B2
INV0007460,20241231,STR0094,PRD00020,80,37,Adequate,6.2,2026-06-18,C2
INV0007461,20241231,STR0094,PRD00021,65,24,Adequate,13.0,2026-05-24,B2
INV0007462,20241231,STR0094,PRD00022,58,12,Adequate,4.8,2026-06-06,B1
INV0007463,20241231,STR0094,PRD00023,127,37,Adequate,21.2,2026-06-16,A2
INV0007464,20241231,STR0094,PRD00024,32,16,Adequate,10.7,2026-05-18,C2
INV0007465,20241231,STR0094,PRD00025,159,36,Adequate,17.7,2026-07-05,C1
INV0007466,20241231,STR0094,PRD00026,36,15,Adequate,9.0,2026-06-06,A1
INV0007467,20241231,STR0094,PRD00027,156,46,Adequate,13.0,2026-06-24,C2
INV0007468,20241231,STR0094,PRD00028,147,18,Adequate,11.3,2026-06-09,C1
INV0007469,20241231,STR0094,PRD00029,119,10,Adequate,10.8,2026-05-10,A2
INV0007470,20241231,STR0094,PRD00030,179,12,Adequate,19.9,2026-06-16,D1
INV0007471,20241231,STR0094,PRD00031,149,44,Adequate,74.5,2026-06-19,A1
INV0007472,20241231,STR0094,PRD00032,81,31,Adequate,10.1,2026-06-13,B2
INV0007473,20241231,STR0094,PRD00033,106,33,Adequate,8.8,2026-06-03,A2
INV0007474,20241231,STR0094,PRD00034,20,33,Reorder Required,2.5,2026-05-24,A2
INV0007475,20241231,STR0094,PRD00035,64,23,Adequate,5.3,2026-05-08,A2
INV0007476,20241231,STR0094,PRD00036,168,40,Adequate,33.6,2026-05-23,B2
INV0007477,20241231,STR0094,PRD00037,185,23,Adequate,14.2,2026-07-04,B2
INV0007478,20241231,STR0094,PRD00038,15,27,Reorder Required,1.9,2026-06-12,B2
INV0007479,20241231,STR0094,PRD00039,175,38,Adequate,19.4,2026-06-29,A1
INV0007480,20241231,STR0094,PRD00040,130,44,Adequate,8.7,2026-06-19,B1
INV0007481,20241231,STR0094,PRD00041,172,33,Adequate,17.2,2026-05-26,C2
INV0007482,20241231,STR0094,PRD00042,161,14,Adequate,23.0,2026-06-25,C2
INV0007483,20241231,STR0094,PRD00043,187,21,Adequate,20.8,2026-07-02,C2
INV0007484,20241231,STR0094,PRD00044,49,19,Adequate,4.5,2026-06-16,C1
INV0007485,20241231,STR0094,PRD00045,4,11,Reorder Required,0.4,2026-07-05,C1
INV0007486,20241231,STR0094,PRD00046,125,40,Adequate,17.9,2026-06-14,C2
INV0007487,20241231,STR0094,PRD00047,145,14,Adequate,145.0,2026-05-10,C1
INV0007488,20241231,STR0094,PRD00048,39,31,Adequate,2.8,2026-07-04,B1
INV0007489,20241231,STR0094,PRD00049,62,41,Adequate,7.8,2026-05-10,B1
INV0007490,20241231,STR0094,PRD00050,43,39,Adequate,10.8,2026-05-17,C2
INV0007491,20241231,STR0094,PRD00051,33,26,Adequate,16.5,2026-06-18,D1
INV0007492,20241231,STR0094,PRD00052,34,13,Adequate,4.2,2026-05-17,D1
INV0007493,20241231,STR0094,PRD00053,189,20,Adequate,23.6,2026-06-09,B2
INV0007494,20241231,STR0094,PRD00054,149,19,Adequate,37.2,2026-06-18,D1
INV0007495,20241231,STR0094,PRD00055,88,38,Adequate,8.0,2026-06-07,D1
INV0007496,20241231,STR0094,PRD00056,191,30,Adequate,27.3,2026-06-27,C2
INV0007497,20241231,STR0094,PRD00057,123,44,Adequate,61.5,2026-06-24,A1
INV0007498,20241231,STR0094,PRD00058,158,19,Adequate,13.2,2026-06-18,C1
INV0007499,20241231,STR0094,PRD00059,26,44,Reorder Required,4.3,2026-05-18,C2
INV0007500,20241231,STR0094,PRD00060,117,28,Adequate,117.0,2026-06-01,A1
INV0007501,20241231,STR0094,PRD00061,34,38,Reorder Required,4.9,2026-06-29,D1
INV0007502,20241231,STR0094,PRD00062,154,18,Adequate,17.1,2026-06-25,A2
INV0007503,20241231,STR0094,PRD00063,152,24,Adequate,13.8,2026-06-26,A2
INV0007504,20241231,STR0094,PRD00064,84,22,Adequate,7.6,2026-06-13,A1
INV0007505,20241231,STR0094,PRD00065,48,22,Adequate,5.3,2026-05-19,A2
INV0007506,20241231,STR0094,PRD00066,86,15,Adequate,17.2,2026-06-20,B1
INV0007507,20241231,STR0094,PRD00067,140,42,Adequate,20.0,2026-06-15,D1
INV0007508,20241231,STR0094,PRD00068,35,37,Reorder Required,17.5,2026-05-25,D1
INV0007509,20241231,STR0094,PRD00069,6,29,Reorder Required,0.9,2026-05-16,A1
INV0007510,20241231,STR0094,PRD00070,163,38,Adequate,10.9,2026-06-22,C2
INV0007511,20241231,STR0094,PRD00071,131,37,Adequate,16.4,2026-07-04,D1
INV0007512,20241231,STR0094,PRD00072,130,15,Adequate,8.7,2026-05-10,A1
INV0007513,20241231,STR0094,PRD00073,41,31,Adequate,5.1,2026-06-28,B1
INV0007514,20241231,STR0094,PRD00074,4,10,Reorder Required,0.4,2026-06-10,D1
INV0007515,20241231,STR0094,PRD00075,51,39,Adequate,51.0,2026-07-05,D1
INV0007516,20241231,STR0094,PRD00076,117,34,Adequate,19.5,2026-05-24,C2
INV0007517,20241231,STR0094,PRD00077,89,47,Adequate,5.9,2026-05-22,B2
INV0007518,20241231,STR0094,PRD00078,168,10,Adequate,11.2,2026-06-24,A1
INV0007519,20241231,STR0094,PRD00079,121,28,Adequate,30.2,2026-06-01,B1
INV0007520,20241231,STR0094,PRD00080,91,11,Adequate,6.1,2026-06-20,D1
INV0007521,20241231,STR0095,PRD00001,10,50,Reorder Required,0.7,2026-06-05,B2
INV0007522,20241231,STR0095,PRD00002,100,17,Adequate,6.7,2026-06-27,B1
INV0007523,20241231,STR0095,PRD00003,171,44,Adequate,85.5,2026-05-17,D1
INV0007524,20241231,STR0095,PRD00004,3,27,Reorder Required,0.2,2026-06-26,B1
INV0007525,20241231,STR0095,PRD00005,193,40,Adequate,21.4,2026-06-09,C2
INV0007526,20241231,STR0095,PRD00006,110,33,Adequate,7.3,2026-05-26,B2
INV0007527,20241231,STR0095,PRD00007,18,39,Reorder Required,6.0,2026-06-26,A2
INV0007528,20241231,STR0095,PRD00008,170,20,Adequate,21.2,2026-06-08,A2
INV0007529,20241231,STR0095,PRD00009,92,38,Adequate,18.4,2026-06-03,C2
INV0007530,20241231,STR0095,PRD00010,171,30,Adequate,24.4,2026-05-26,A1
INV0007531,20241231,STR0095,PRD00011,19,36,Reorder Required,1.6,2026-05-25,D1
INV0007532,20241231,STR0095,PRD00012,72,13,Adequate,6.5,2026-07-04,D1
INV0007533,20241231,STR0095,PRD00013,100,34,Adequate,11.1,2026-06-07,A1
INV0007534,20241231,STR0095,PRD00014,120,27,Adequate,8.0,2026-05-08,B1
INV0007535,20241231,STR0095,PRD00015,136,27,Adequate,136.0,2026-06-17,D1
INV0007536,20241231,STR0095,PRD00016,121,31,Adequate,30.2,2026-06-10,D1
INV0007537,20241231,STR0095,PRD00017,17,50,Reorder Required,4.2,2026-06-10,B1
INV0007538,20241231,STR0095,PRD00018,88,24,Adequate,5.9,2026-06-26,A1
INV0007539,20241231,STR0095,PRD00019,59,23,Adequate,4.5,2026-05-27,C1
INV0007540,20241231,STR0095,PRD00020,129,37,Adequate,129.0,2026-07-03,A1
INV0007541,20241231,STR0095,PRD00021,149,24,Adequate,10.6,2026-07-05,B2
INV0007542,20241231,STR0095,PRD00022,179,12,Adequate,25.6,2026-05-26,C2
INV0007543,20241231,STR0095,PRD00023,54,37,Adequate,4.5,2026-05-16,B2
INV0007544,20241231,STR0095,PRD00024,172,16,Adequate,24.6,2026-07-05,A1
INV0007545,20241231,STR0095,PRD00025,10,36,Reorder Required,1.1,2026-06-24,A1
INV0007546,20241231,STR0095,PRD00026,108,15,Adequate,13.5,2026-05-25,B1
INV0007547,20241231,STR0095,PRD00027,87,46,Adequate,7.2,2026-06-12,D1
INV0007548,20241231,STR0095,PRD00028,81,18,Adequate,10.1,2026-06-05,C2
INV0007549,20241231,STR0095,PRD00029,165,10,Adequate,16.5,2026-06-05,B1
INV0007550,20241231,STR0095,PRD00030,91,12,Adequate,22.8,2026-05-31,A2
INV0007551,20241231,STR0095,PRD00031,153,44,Adequate,38.2,2026-07-04,C1
INV0007552,20241231,STR0095,PRD00032,10,31,Reorder Required,1.1,2026-05-13,D1
INV0007553,20241231,STR0095,PRD00033,40,33,Adequate,2.7,2026-05-23,B2
INV0007554,20241231,STR0095,PRD00034,165,33,Adequate,27.5,2026-05-27,C1
INV0007555,20241231,STR0095,PRD00035,40,23,Adequate,3.6,2026-06-17,B2
INV0007556,20241231,STR0095,PRD00036,141,40,Adequate,15.7,2026-06-28,B1
INV0007557,20241231,STR0095,PRD00037,80,23,Adequate,11.4,2026-07-05,D1
INV0007558,20241231,STR0095,PRD00038,160,27,Adequate,32.0,2026-06-06,C1
INV0007559,20241231,STR0095,PRD00039,57,38,Adequate,9.5,2026-05-16,B1
INV0007560,20241231,STR0095,PRD00040,173,44,Adequate,15.7,2026-05-24,C1
INV0007561,20241231,STR0095,PRD00041,61,33,Adequate,4.1,2026-06-10,D1
INV0007562,20241231,STR0095,PRD00042,174,14,Adequate,17.4,2026-06-10,B1
INV0007563,20241231,STR0095,PRD00043,94,21,Adequate,7.2,2026-06-28,D1
INV0007564,20241231,STR0095,PRD00044,111,19,Adequate,18.5,2026-06-01,B2
INV0007565,20241231,STR0095,PRD00045,65,11,Adequate,13.0,2026-06-07,D1
INV0007566,20241231,STR0095,PRD00046,187,40,Adequate,93.5,2026-05-12,C2
INV0007567,20241231,STR0095,PRD00047,178,14,Adequate,22.2,2026-06-13,B2
INV0007568,20241231,STR0095,PRD00048,177,31,Adequate,25.3,2026-05-17,D1
INV0007569,20241231,STR0095,PRD00049,68,41,Adequate,34.0,2026-06-17,C1
INV0007570,20241231,STR0095,PRD00050,90,39,Adequate,30.0,2026-05-19,C1
INV0007571,20241231,STR0095,PRD00051,83,26,Adequate,27.7,2026-06-20,A2
INV0007572,20241231,STR0095,PRD00052,76,13,Adequate,5.4,2026-06-03,A2
INV0007573,20241231,STR0095,PRD00053,106,20,Adequate,21.2,2026-07-06,A1
INV0007574,20241231,STR0095,PRD00054,4,19,Reorder Required,0.3,2026-07-03,B1
INV0007575,20241231,STR0095,PRD00055,8,38,Reorder Required,1.3,2026-05-12,B1
INV0007576,20241231,STR0095,PRD00056,163,30,Adequate,81.5,2026-06-18,A1
INV0007577,20241231,STR0095,PRD00057,3,44,Reorder Required,0.4,2026-06-06,C2
INV0007578,20241231,STR0095,PRD00058,5,19,Reorder Required,1.0,2026-05-24,B2
INV0007579,20241231,STR0095,PRD00059,9,44,Reorder Required,1.5,2026-06-29,B1
INV0007580,20241231,STR0095,PRD00060,193,28,Adequate,32.2,2026-06-27,C1
INV0007581,20241231,STR0095,PRD00061,97,38,Adequate,8.8,2026-05-10,C1
INV0007582,20241231,STR0095,PRD00062,140,18,Adequate,10.0,2026-07-01,D1
INV0007583,20241231,STR0095,PRD00063,166,24,Adequate,166.0,2026-06-25,B2
INV0007584,20241231,STR0095,PRD00064,55,22,Adequate,9.2,2026-06-18,A2
INV0007585,20241231,STR0095,PRD00065,55,22,Adequate,6.1,2026-05-15,B2
INV0007586,20241231,STR0095,PRD00066,72,15,Adequate,36.0,2026-06-17,B1
INV0007587,20241231,STR0095,PRD00067,189,42,Adequate,27.0,2026-05-28,B1
INV0007588,20241231,STR0095,PRD00068,97,37,Adequate,48.5,2026-06-09,B2
INV0007589,20241231,STR0095,PRD00069,146,29,Adequate,29.2,2026-06-05,A1
INV0007590,20241231,STR0095,PRD00070,105,38,Adequate,105.0,2026-06-29,D1
INV0007591,20241231,STR0095,PRD00071,23,37,Reorder Required,7.7,2026-06-26,A1
INV0007592,20241231,STR0095,PRD00072,4,15,Reorder Required,1.0,2026-07-03,C2
INV0007593,20241231,STR0095,PRD00073,138,31,Adequate,69.0,2026-05-08,B1
INV0007594,20241231,STR0095,PRD00074,143,10,Adequate,11.0,2026-05-16,C2
INV0007595,20241231,STR0095,PRD00075,80,39,Adequate,16.0,2026-05-23,A2
INV0007596,20241231,STR0095,PRD00076,64,34,Adequate,7.1,2026-06-26,A2
INV0007597,20241231,STR0095,PRD00077,19,47,Reorder Required,3.2,2026-06-05,A1
INV0007598,20241231,STR0095,PRD00078,91,10,Adequate,91.0,2026-06-29,C1
INV0007599,20241231,STR0095,PRD00079,99,28,Adequate,6.6,2026-05-18,C1
INV0007600,20241231,STR0095,PRD00080,191,11,Adequate,63.7,2026-05-11,A1
INV0007601,20241231,STR0096,PRD00001,100,50,Adequate,7.7,2026-07-06,D1
INV0007602,20241231,STR0096,PRD00002,97,17,Adequate,19.4,2026-05-17,B2
INV0007603,20241231,STR0096,PRD00003,0,44,Reorder Required,0.0,2026-06-15,B1
INV0007604,20241231,STR0096,PRD00004,53,27,Adequate,53.0,2026-05-27,A2
INV0007605,20241231,STR0096,PRD00005,65,40,Adequate,6.5,2026-05-26,B2
INV0007606,20241231,STR0096,PRD00006,35,33,Adequate,35.0,2026-06-11,A1
INV0007607,20241231,STR0096,PRD00007,173,39,Adequate,13.3,2026-05-14,C2
INV0007608,20241231,STR0096,PRD00008,30,20,Adequate,30.0,2026-05-11,A1
INV0007609,20241231,STR0096,PRD00009,139,38,Adequate,11.6,2026-06-22,D1
INV0007610,20241231,STR0096,PRD00010,69,30,Adequate,4.9,2026-05-15,C1
INV0007611,20241231,STR0096,PRD00011,163,36,Adequate,20.4,2026-05-09,B2
INV0007612,20241231,STR0096,PRD00012,67,13,Adequate,9.6,2026-05-17,C2
INV0007613,20241231,STR0096,PRD00013,69,34,Adequate,5.3,2026-06-14,C2
INV0007614,20241231,STR0096,PRD00014,178,27,Adequate,11.9,2026-06-10,A2
INV0007615,20241231,STR0096,PRD00015,75,27,Adequate,7.5,2026-05-09,A2
INV0007616,20241231,STR0096,PRD00016,194,31,Adequate,38.8,2026-05-16,C1
INV0007617,20241231,STR0096,PRD00017,46,50,Reorder Required,15.3,2026-05-25,C1
INV0007618,20241231,STR0096,PRD00018,28,24,Adequate,2.0,2026-06-19,C1
INV0007619,20241231,STR0096,PRD00019,104,23,Adequate,8.0,2026-05-24,B1
INV0007620,20241231,STR0096,PRD00020,127,37,Adequate,31.8,2026-06-05,C2
INV0007621,20241231,STR0096,PRD00021,176,24,Adequate,25.1,2026-06-24,B1
INV0007622,20241231,STR0096,PRD00022,171,12,Adequate,28.5,2026-05-31,C1
INV0007623,20241231,STR0096,PRD00023,135,37,Adequate,16.9,2026-05-08,C1
INV0007624,20241231,STR0096,PRD00024,138,16,Adequate,34.5,2026-05-12,A1
INV0007625,20241231,STR0096,PRD00025,142,36,Adequate,17.8,2026-05-08,B2
INV0007626,20241231,STR0096,PRD00026,180,15,Adequate,180.0,2026-07-03,A1
INV0007627,20241231,STR0096,PRD00027,46,46,Reorder Required,3.3,2026-07-02,B1
INV0007628,20241231,STR0096,PRD00028,175,18,Adequate,15.9,2026-06-28,A2
INV0007629,20241231,STR0096,PRD00029,195,10,Adequate,19.5,2026-05-30,B1
INV0007630,20241231,STR0096,PRD00030,155,12,Adequate,22.1,2026-06-26,D1
INV0007631,20241231,STR0096,PRD00031,106,44,Adequate,13.2,2026-06-19,B2
INV0007632,20241231,STR0096,PRD00032,146,31,Adequate,48.7,2026-06-16,B2
INV0007633,20241231,STR0096,PRD00033,142,33,Adequate,142.0,2026-05-20,A2
INV0007634,20241231,STR0096,PRD00034,200,33,Adequate,14.3,2026-06-08,A2
INV0007635,20241231,STR0096,PRD00035,110,23,Adequate,18.3,2026-05-09,A2
INV0007636,20241231,STR0096,PRD00036,190,40,Adequate,19.0,2026-05-08,C1
INV0007637,20241231,STR0096,PRD00037,168,23,Adequate,11.2,2026-06-30,B2
INV0007638,20241231,STR0096,PRD00038,151,27,Adequate,75.5,2026-05-13,C1
INV0007639,20241231,STR0096,PRD00039,134,38,Adequate,12.2,2026-05-23,B1
INV0007640,20241231,STR0096,PRD00040,139,44,Adequate,10.7,2026-06-22,C2
INV0007641,20241231,STR0096,PRD00041,17,33,Reorder Required,1.3,2026-05-18,A1
INV0007642,20241231,STR0096,PRD00042,149,14,Adequate,12.4,2026-06-10,A1
INV0007643,20241231,STR0096,PRD00043,150,21,Adequate,37.5,2026-06-01,A1
INV0007644,20241231,STR0096,PRD00044,64,19,Adequate,21.3,2026-06-19,D1
INV0007645,20241231,STR0096,PRD00045,194,11,Adequate,21.6,2026-05-11,D1
INV0007646,20241231,STR0096,PRD00046,130,40,Adequate,8.7,2026-06-10,C1
INV0007647,20241231,STR0096,PRD00047,183,14,Adequate,18.3,2026-06-06,D1
INV0007648,20241231,STR0096,PRD00048,137,31,Adequate,15.2,2026-05-15,C1
INV0007649,20241231,STR0096,PRD00049,155,41,Adequate,19.4,2026-06-17,C2
INV0007650,20241231,STR0096,PRD00050,60,39,Adequate,7.5,2026-05-23,A2
INV0007651,20241231,STR0096,PRD00051,83,26,Adequate,6.4,2026-06-15,A2
INV0007652,20241231,STR0096,PRD00052,79,13,Adequate,7.9,2026-07-03,A2
INV0007653,20241231,STR0096,PRD00053,112,20,Adequate,8.0,2026-06-14,A2
INV0007654,20241231,STR0096,PRD00054,184,19,Adequate,15.3,2026-06-14,C1
INV0007655,20241231,STR0096,PRD00055,12,38,Reorder Required,2.0,2026-07-01,C2
INV0007656,20241231,STR0096,PRD00056,92,30,Adequate,10.2,2026-06-14,B1
INV0007657,20241231,STR0096,PRD00057,168,44,Adequate,24.0,2026-05-20,A2
INV0007658,20241231,STR0096,PRD00058,10,19,Reorder Required,1.2,2026-06-09,A2
INV0007659,20241231,STR0096,PRD00059,23,44,Reorder Required,1.6,2026-06-03,C2
INV0007660,20241231,STR0096,PRD00060,184,28,Adequate,30.7,2026-07-05,A2
INV0007661,20241231,STR0096,PRD00061,88,38,Adequate,6.3,2026-05-17,B2
INV0007662,20241231,STR0096,PRD00062,10,18,Reorder Required,0.8,2026-06-17,A1
INV0007663,20241231,STR0096,PRD00063,112,24,Adequate,22.4,2026-05-30,A2
INV0007664,20241231,STR0096,PRD00064,78,22,Adequate,6.0,2026-05-30,C2
INV0007665,20241231,STR0096,PRD00065,62,22,Adequate,5.6,2026-05-16,C1
INV0007666,20241231,STR0096,PRD00066,192,15,Adequate,21.3,2026-07-04,B2
INV0007667,20241231,STR0096,PRD00067,5,42,Reorder Required,2.5,2026-06-01,C1
INV0007668,20241231,STR0096,PRD00068,46,37,Adequate,4.2,2026-05-08,A2
INV0007669,20241231,STR0096,PRD00069,82,29,Adequate,7.5,2026-06-16,C2
INV0007670,20241231,STR0096,PRD00070,33,38,Reorder Required,2.2,2026-06-28,A1
INV0007671,20241231,STR0096,PRD00071,84,37,Adequate,8.4,2026-07-03,C1
INV0007672,20241231,STR0096,PRD00072,179,15,Adequate,25.6,2026-05-24,B1
INV0007673,20241231,STR0096,PRD00073,118,31,Adequate,29.5,2026-05-21,B1
INV0007674,20241231,STR0096,PRD00074,14,10,Adequate,1.0,2026-05-20,B1
INV0007675,20241231,STR0096,PRD00075,73,39,Adequate,12.2,2026-07-04,B2
INV0007676,20241231,STR0096,PRD00076,129,34,Adequate,12.9,2026-05-26,A1
INV0007677,20241231,STR0096,PRD00077,88,47,Adequate,44.0,2026-05-17,A2
INV0007678,20241231,STR0096,PRD00078,96,10,Adequate,6.9,2026-05-21,C2
INV0007679,20241231,STR0096,PRD00079,102,28,Adequate,6.8,2026-05-11,B1
INV0007680,20241231,STR0096,PRD00080,107,11,Adequate,53.5,2026-05-31,B2
INV0007681,20241231,STR0097,PRD00001,30,50,Reorder Required,2.1,2026-06-26,D1
INV0007682,20241231,STR0097,PRD00002,133,17,Adequate,10.2,2026-06-17,C1
INV0007683,20241231,STR0097,PRD00003,64,44,Adequate,4.6,2026-06-06,C2
INV0007684,20241231,STR0097,PRD00004,153,27,Adequate,11.8,2026-07-04,D1
INV0007685,20241231,STR0097,PRD00005,15,40,Reorder Required,3.0,2026-07-02,B2
INV0007686,20241231,STR0097,PRD00006,107,33,Adequate,53.5,2026-06-07,A1
INV0007687,20241231,STR0097,PRD00007,173,39,Adequate,24.7,2026-06-12,B1
INV0007688,20241231,STR0097,PRD00008,3,20,Reorder Required,0.2,2026-05-13,B1
INV0007689,20241231,STR0097,PRD00009,33,38,Reorder Required,6.6,2026-07-03,C1
INV0007690,20241231,STR0097,PRD00010,47,30,Adequate,3.9,2026-05-19,D1
INV0007691,20241231,STR0097,PRD00011,156,36,Adequate,10.4,2026-05-11,B1
INV0007692,20241231,STR0097,PRD00012,113,13,Adequate,37.7,2026-07-05,A1
INV0007693,20241231,STR0097,PRD00013,162,34,Adequate,162.0,2026-05-12,B2
INV0007694,20241231,STR0097,PRD00014,105,27,Adequate,21.0,2026-05-19,A2
INV0007695,20241231,STR0097,PRD00015,139,27,Adequate,10.7,2026-05-27,C1
INV0007696,20241231,STR0097,PRD00016,142,31,Adequate,17.8,2026-06-22,C2
INV0007697,20241231,STR0097,PRD00017,104,50,Adequate,26.0,2026-05-20,A2
INV0007698,20241231,STR0097,PRD00018,112,24,Adequate,8.6,2026-07-01,A2
INV0007699,20241231,STR0097,PRD00019,40,23,Adequate,3.6,2026-05-28,B1
INV0007700,20241231,STR0097,PRD00020,140,37,Adequate,70.0,2026-06-20,B1
INV0007701,20241231,STR0097,PRD00021,71,24,Adequate,6.5,2026-06-25,C2
INV0007702,20241231,STR0097,PRD00022,27,12,Adequate,9.0,2026-06-09,B2
INV0007703,20241231,STR0097,PRD00023,137,37,Adequate,22.8,2026-06-02,B2
INV0007704,20241231,STR0097,PRD00024,1,16,Reorder Required,0.1,2026-05-25,D1
INV0007705,20241231,STR0097,PRD00025,106,36,Adequate,35.3,2026-06-25,C1
INV0007706,20241231,STR0097,PRD00026,36,15,Adequate,2.4,2026-06-26,A2
INV0007707,20241231,STR0097,PRD00027,55,46,Adequate,9.2,2026-05-16,C2
INV0007708,20241231,STR0097,PRD00028,81,18,Adequate,16.2,2026-06-05,A1
INV0007709,20241231,STR0097,PRD00029,95,10,Adequate,11.9,2026-06-08,C2
INV0007710,20241231,STR0097,PRD00030,116,12,Adequate,116.0,2026-06-07,A1
INV0007711,20241231,STR0097,PRD00031,110,44,Adequate,15.7,2026-06-02,C1
INV0007712,20241231,STR0097,PRD00032,2,31,Reorder Required,0.2,2026-06-17,C2
INV0007713,20241231,STR0097,PRD00033,82,33,Adequate,27.3,2026-06-26,C2
INV0007714,20241231,STR0097,PRD00034,80,33,Adequate,20.0,2026-06-30,C1
INV0007715,20241231,STR0097,PRD00035,79,23,Adequate,9.9,2026-06-15,A2
INV0007716,20241231,STR0097,PRD00036,105,40,Adequate,26.2,2026-06-01,C1
INV0007717,20241231,STR0097,PRD00037,19,23,Reorder Required,19.0,2026-06-19,C2
INV0007718,20241231,STR0097,PRD00038,85,27,Adequate,17.0,2026-05-24,C2
INV0007719,20241231,STR0097,PRD00039,146,38,Adequate,14.6,2026-06-10,D1
INV0007720,20241231,STR0097,PRD00040,24,44,Reorder Required,3.4,2026-05-11,C2
INV0007721,20241231,STR0097,PRD00041,105,33,Adequate,7.5,2026-05-14,D1
INV0007722,20241231,STR0097,PRD00042,78,14,Adequate,11.1,2026-06-12,B1
INV0007723,20241231,STR0097,PRD00043,13,21,Reorder Required,1.1,2026-06-08,A1
INV0007724,20241231,STR0097,PRD00044,112,19,Adequate,16.0,2026-06-13,A1
INV0007725,20241231,STR0097,PRD00045,183,11,Adequate,61.0,2026-05-10,B2
INV0007726,20241231,STR0097,PRD00046,170,40,Adequate,34.0,2026-05-18,B1
INV0007727,20241231,STR0097,PRD00047,60,14,Adequate,30.0,2026-06-09,B2
INV0007728,20241231,STR0097,PRD00048,34,31,Adequate,34.0,2026-05-27,C1
INV0007729,20241231,STR0097,PRD00049,83,41,Adequate,6.4,2026-06-15,B2
INV0007730,20241231,STR0097,PRD00050,166,39,Adequate,83.0,2026-05-18,D1
INV0007731,20241231,STR0097,PRD00051,104,26,Adequate,10.4,2026-06-03,D1
INV0007732,20241231,STR0097,PRD00052,30,13,Adequate,3.3,2026-05-08,D1
INV0007733,20241231,STR0097,PRD00053,43,20,Adequate,3.1,2026-06-29,C1
INV0007734,20241231,STR0097,PRD00054,156,19,Adequate,12.0,2026-06-15,C1
INV0007735,20241231,STR0097,PRD00055,11,38,Reorder Required,1.4,2026-05-25,C1
INV0007736,20241231,STR0097,PRD00056,138,30,Adequate,46.0,2026-05-31,C2
INV0007737,20241231,STR0097,PRD00057,77,44,Adequate,5.1,2026-07-01,A1
INV0007738,20241231,STR0097,PRD00058,3,19,Reorder Required,3.0,2026-06-24,C1
INV0007739,20241231,STR0097,PRD00059,191,44,Adequate,13.6,2026-06-21,B1
INV0007740,20241231,STR0097,PRD00060,105,28,Adequate,10.5,2026-05-30,A2
INV0007741,20241231,STR0097,PRD00061,44,38,Adequate,3.7,2026-06-07,A2
INV0007742,20241231,STR0097,PRD00062,159,18,Adequate,11.4,2026-05-26,B1
INV0007743,20241231,STR0097,PRD00063,142,24,Adequate,11.8,2026-05-26,D1
INV0007744,20241231,STR0097,PRD00064,111,22,Adequate,7.9,2026-05-15,C1
INV0007745,20241231,STR0097,PRD00065,97,22,Adequate,6.5,2026-06-08,A1
INV0007746,20241231,STR0097,PRD00066,55,15,Adequate,13.8,2026-05-08,D1
INV0007747,20241231,STR0097,PRD00067,159,42,Adequate,22.7,2026-05-24,D1
INV0007748,20241231,STR0097,PRD00068,187,37,Adequate,18.7,2026-07-03,C1
INV0007749,20241231,STR0097,PRD00069,156,29,Adequate,52.0,2026-05-15,C1
INV0007750,20241231,STR0097,PRD00070,111,38,Adequate,9.2,2026-06-17,C2
INV0007751,20241231,STR0097,PRD00071,52,37,Adequate,3.7,2026-06-03,C1
INV0007752,20241231,STR0097,PRD00072,38,15,Adequate,3.5,2026-06-23,B1
INV0007753,20241231,STR0097,PRD00073,7,31,Reorder Required,0.5,2026-05-13,A1
INV0007754,20241231,STR0097,PRD00074,32,10,Adequate,3.6,2026-06-05,C1
INV0007755,20241231,STR0097,PRD00075,10,39,Reorder Required,1.2,2026-07-06,B1
INV0007756,20241231,STR0097,PRD00076,25,34,Reorder Required,1.8,2026-06-24,C1
INV0007757,20241231,STR0097,PRD00077,89,47,Adequate,6.4,2026-06-07,B1
INV0007758,20241231,STR0097,PRD00078,64,10,Adequate,16.0,2026-06-18,D1
INV0007759,20241231,STR0097,PRD00079,66,28,Adequate,7.3,2026-05-28,B1
INV0007760,20241231,STR0097,PRD00080,172,11,Adequate,172.0,2026-05-16,B2
INV0007761,20241231,STR0098,PRD00001,4,50,Reorder Required,4.0,2026-05-27,A1
INV0007762,20241231,STR0098,PRD00002,191,17,Adequate,31.8,2026-06-25,B1
INV0007763,20241231,STR0098,PRD00003,16,44,Reorder Required,1.2,2026-05-23,D1
INV0007764,20241231,STR0098,PRD00004,148,27,Adequate,18.5,2026-05-22,C2
INV0007765,20241231,STR0098,PRD00005,106,40,Adequate,35.3,2026-06-12,B2
INV0007766,20241231,STR0098,PRD00006,92,33,Adequate,7.1,2026-06-15,C1
INV0007767,20241231,STR0098,PRD00007,25,39,Reorder Required,2.5,2026-06-12,B1
INV0007768,20241231,STR0098,PRD00008,27,20,Adequate,1.9,2026-05-29,B2
INV0007769,20241231,STR0098,PRD00009,96,38,Adequate,12.0,2026-06-27,B1
INV0007770,20241231,STR0098,PRD00010,138,30,Adequate,138.0,2026-07-01,A2
INV0007771,20241231,STR0098,PRD00011,50,36,Adequate,50.0,2026-06-24,C2
INV0007772,20241231,STR0098,PRD00012,153,13,Adequate,51.0,2026-07-06,B2
INV0007773,20241231,STR0098,PRD00013,57,34,Adequate,9.5,2026-05-17,D1
INV0007774,20241231,STR0098,PRD00014,157,27,Adequate,12.1,2026-06-16,A2
INV0007775,20241231,STR0098,PRD00015,18,27,Reorder Required,1.4,2026-07-01,D1
INV0007776,20241231,STR0098,PRD00016,171,31,Adequate,11.4,2026-05-08,A2
INV0007777,20241231,STR0098,PRD00017,123,50,Adequate,8.8,2026-05-22,B2
INV0007778,20241231,STR0098,PRD00018,170,24,Adequate,15.5,2026-05-28,A1
INV0007779,20241231,STR0098,PRD00019,124,23,Adequate,62.0,2026-06-26,B1
INV0007780,20241231,STR0098,PRD00020,97,37,Adequate,24.2,2026-05-18,A1
INV0007781,20241231,STR0098,PRD00021,28,24,Adequate,3.1,2026-05-28,C2
INV0007782,20241231,STR0098,PRD00022,21,12,Adequate,1.8,2026-06-21,C2
INV0007783,20241231,STR0098,PRD00023,65,37,Adequate,10.8,2026-06-21,C1
INV0007784,20241231,STR0098,PRD00024,50,16,Adequate,25.0,2026-06-16,A1
INV0007785,20241231,STR0098,PRD00025,166,36,Adequate,41.5,2026-06-07,C2
INV0007786,20241231,STR0098,PRD00026,52,15,Adequate,13.0,2026-06-20,B1
INV0007787,20241231,STR0098,PRD00027,187,46,Adequate,20.8,2026-07-05,D1
INV0007788,20241231,STR0098,PRD00028,66,18,Adequate,22.0,2026-06-28,C1
INV0007789,20241231,STR0098,PRD00029,69,10,Adequate,8.6,2026-07-03,A1
INV0007790,20241231,STR0098,PRD00030,138,12,Adequate,15.3,2026-06-05,C1
INV0007791,20241231,STR0098,PRD00031,179,44,Adequate,14.9,2026-05-28,A1
INV0007792,20241231,STR0098,PRD00032,175,31,Adequate,17.5,2026-07-05,C2
INV0007793,20241231,STR0098,PRD00033,133,33,Adequate,16.6,2026-05-29,A2
INV0007794,20241231,STR0098,PRD00034,37,33,Adequate,2.8,2026-06-14,B2
INV0007795,20241231,STR0098,PRD00035,46,23,Adequate,5.1,2026-05-08,B2
INV0007796,20241231,STR0098,PRD00036,129,40,Adequate,21.5,2026-05-23,B2
INV0007797,20241231,STR0098,PRD00037,50,23,Adequate,6.2,2026-06-12,A2
INV0007798,20241231,STR0098,PRD00038,52,27,Adequate,17.3,2026-05-26,C2
INV0007799,20241231,STR0098,PRD00039,26,38,Reorder Required,2.6,2026-06-22,B1
INV0007800,20241231,STR0098,PRD00040,81,44,Adequate,16.2,2026-07-03,C1
INV0007801,20241231,STR0098,PRD00041,113,33,Adequate,18.8,2026-06-27,D1
INV0007802,20241231,STR0098,PRD00042,163,14,Adequate,18.1,2026-07-03,B2
INV0007803,20241231,STR0098,PRD00043,87,21,Adequate,6.2,2026-06-13,C1
INV0007804,20241231,STR0098,PRD00044,145,19,Adequate,14.5,2026-06-01,A1
INV0007805,20241231,STR0098,PRD00045,69,11,Adequate,13.8,2026-07-02,B2
INV0007806,20241231,STR0098,PRD00046,41,40,Adequate,41.0,2026-06-16,B1
INV0007807,20241231,STR0098,PRD00047,162,14,Adequate,81.0,2026-06-16,C1
INV0007808,20241231,STR0098,PRD00048,167,31,Adequate,20.9,2026-06-07,A1
INV0007809,20241231,STR0098,PRD00049,170,41,Adequate,170.0,2026-06-28,D1
INV0007810,20241231,STR0098,PRD00050,76,39,Adequate,8.4,2026-05-30,C1
INV0007811,20241231,STR0098,PRD00051,194,26,Adequate,16.2,2026-05-19,A2
INV0007812,20241231,STR0098,PRD00052,13,13,Reorder Required,2.6,2026-06-15,D1
INV0007813,20241231,STR0098,PRD00053,92,20,Adequate,23.0,2026-05-18,A1
INV0007814,20241231,STR0098,PRD00054,164,19,Adequate,13.7,2026-05-24,B1
INV0007815,20241231,STR0098,PRD00055,94,38,Adequate,94.0,2026-06-01,C1
INV0007816,20241231,STR0098,PRD00056,163,30,Adequate,163.0,2026-05-30,B1
INV0007817,20241231,STR0098,PRD00057,66,44,Adequate,9.4,2026-05-17,B2
INV0007818,20241231,STR0098,PRD00058,153,19,Adequate,51.0,2026-05-12,C2
INV0007819,20241231,STR0098,PRD00059,113,44,Adequate,10.3,2026-05-10,C2
INV0007820,20241231,STR0098,PRD00060,117,28,Adequate,8.4,2026-05-26,C2
INV0007821,20241231,STR0098,PRD00061,125,38,Adequate,8.9,2026-07-06,A1
INV0007822,20241231,STR0098,PRD00062,173,18,Adequate,14.4,2026-06-22,D1
INV0007823,20241231,STR0098,PRD00063,152,24,Adequate,10.1,2026-07-04,C1
INV0007824,20241231,STR0098,PRD00064,188,22,Adequate,26.9,2026-06-29,A2
INV0007825,20241231,STR0098,PRD00065,116,22,Adequate,8.9,2026-06-07,A2
INV0007826,20241231,STR0098,PRD00066,13,15,Reorder Required,3.2,2026-06-09,A2
INV0007827,20241231,STR0098,PRD00067,158,42,Adequate,39.5,2026-05-21,C1
INV0007828,20241231,STR0098,PRD00068,194,37,Adequate,19.4,2026-06-11,A1
INV0007829,20241231,STR0098,PRD00069,200,29,Adequate,100.0,2026-07-05,A1
INV0007830,20241231,STR0098,PRD00070,80,38,Adequate,11.4,2026-06-19,D1
INV0007831,20241231,STR0098,PRD00071,163,37,Adequate,16.3,2026-05-09,B1
INV0007832,20241231,STR0098,PRD00072,103,15,Adequate,17.2,2026-06-10,C1
INV0007833,20241231,STR0098,PRD00073,181,31,Adequate,16.5,2026-06-18,A1
INV0007834,20241231,STR0098,PRD00074,129,10,Adequate,16.1,2026-06-20,A2
INV0007835,20241231,STR0098,PRD00075,15,39,Reorder Required,1.9,2026-06-26,A1
INV0007836,20241231,STR0098,PRD00076,149,34,Adequate,11.5,2026-05-29,B2
INV0007837,20241231,STR0098,PRD00077,68,47,Adequate,9.7,2026-05-16,D1
INV0007838,20241231,STR0098,PRD00078,115,10,Adequate,19.2,2026-06-15,D1
INV0007839,20241231,STR0098,PRD00079,38,28,Adequate,3.8,2026-05-25,B2
INV0007840,20241231,STR0098,PRD00080,7,11,Reorder Required,0.9,2026-07-01,C1
INV0007841,20241231,STR0099,PRD00001,22,50,Reorder Required,1.5,2026-06-11,B2
INV0007842,20241231,STR0099,PRD00002,189,17,Adequate,12.6,2026-05-12,B2
INV0007843,20241231,STR0099,PRD00003,26,44,Reorder Required,13.0,2026-06-14,C2
INV0007844,20241231,STR0099,PRD00004,55,27,Adequate,5.5,2026-06-03,C1
INV0007845,20241231,STR0099,PRD00005,155,40,Adequate,77.5,2026-05-20,B2
INV0007846,20241231,STR0099,PRD00006,104,33,Adequate,52.0,2026-06-13,C2
INV0007847,20241231,STR0099,PRD00007,0,39,Reorder Required,0.0,2026-06-11,C1
INV0007848,20241231,STR0099,PRD00008,73,20,Adequate,14.6,2026-05-19,C2
INV0007849,20241231,STR0099,PRD00009,132,38,Adequate,22.0,2026-06-27,B2
INV0007850,20241231,STR0099,PRD00010,59,30,Adequate,3.9,2026-06-20,C2
INV0007851,20241231,STR0099,PRD00011,106,36,Adequate,11.8,2026-06-16,B1
INV0007852,20241231,STR0099,PRD00012,162,13,Adequate,12.5,2026-06-16,C1
INV0007853,20241231,STR0099,PRD00013,140,34,Adequate,23.3,2026-05-12,D1
INV0007854,20241231,STR0099,PRD00014,56,27,Adequate,9.3,2026-07-02,D1
INV0007855,20241231,STR0099,PRD00015,30,27,Adequate,3.3,2026-05-31,A1
INV0007856,20241231,STR0099,PRD00016,78,31,Adequate,78.0,2026-06-06,A2
INV0007857,20241231,STR0099,PRD00017,32,50,Reorder Required,4.0,2026-05-14,D1
INV0007858,20241231,STR0099,PRD00018,44,24,Adequate,2.9,2026-07-06,B2
INV0007859,20241231,STR0099,PRD00019,59,23,Adequate,3.9,2026-06-21,C1
INV0007860,20241231,STR0099,PRD00020,198,37,Adequate,198.0,2026-05-08,A1
INV0007861,20241231,STR0099,PRD00021,200,24,Adequate,28.6,2026-06-14,B2
INV0007862,20241231,STR0099,PRD00022,152,12,Adequate,10.9,2026-06-06,C1
INV0007863,20241231,STR0099,PRD00023,170,37,Adequate,14.2,2026-05-14,D1
INV0007864,20241231,STR0099,PRD00024,151,16,Adequate,10.1,2026-07-06,A2
INV0007865,20241231,STR0099,PRD00025,112,36,Adequate,22.4,2026-07-03,B2
INV0007866,20241231,STR0099,PRD00026,144,15,Adequate,10.3,2026-05-22,A2
INV0007867,20241231,STR0099,PRD00027,105,46,Adequate,7.0,2026-06-05,B1
INV0007868,20241231,STR0099,PRD00028,64,18,Adequate,4.6,2026-06-27,D1
INV0007869,20241231,STR0099,PRD00029,42,10,Adequate,21.0,2026-05-18,D1
INV0007870,20241231,STR0099,PRD00030,116,12,Adequate,58.0,2026-06-28,B2
INV0007871,20241231,STR0099,PRD00031,191,44,Adequate,191.0,2026-05-17,A2
INV0007872,20241231,STR0099,PRD00032,165,31,Adequate,33.0,2026-05-08,B2
INV0007873,20241231,STR0099,PRD00033,50,33,Adequate,50.0,2026-05-27,A2
INV0007874,20241231,STR0099,PRD00034,135,33,Adequate,10.4,2026-06-22,A1
INV0007875,20241231,STR0099,PRD00035,127,23,Adequate,12.7,2026-05-27,C1
INV0007876,20241231,STR0099,PRD00036,106,40,Adequate,7.1,2026-06-14,B1
INV0007877,20241231,STR0099,PRD00037,101,23,Adequate,14.4,2026-06-27,C2
INV0007878,20241231,STR0099,PRD00038,25,27,Reorder Required,1.7,2026-06-23,B1
INV0007879,20241231,STR0099,PRD00039,21,38,Reorder Required,21.0,2026-06-06,B2
INV0007880,20241231,STR0099,PRD00040,30,44,Reorder Required,3.0,2026-07-01,D1
INV0007881,20241231,STR0099,PRD00041,118,33,Adequate,59.0,2026-05-12,C1
INV0007882,20241231,STR0099,PRD00042,31,14,Adequate,31.0,2026-05-15,C1
INV0007883,20241231,STR0099,PRD00043,8,21,Reorder Required,0.9,2026-05-20,B1
INV0007884,20241231,STR0099,PRD00044,137,19,Adequate,10.5,2026-05-24,D1
INV0007885,20241231,STR0099,PRD00045,77,11,Adequate,9.6,2026-05-24,A2
INV0007886,20241231,STR0099,PRD00046,54,40,Adequate,4.5,2026-07-05,A2
INV0007887,20241231,STR0099,PRD00047,89,14,Adequate,12.7,2026-07-01,B2
INV0007888,20241231,STR0099,PRD00048,27,31,Reorder Required,6.8,2026-05-15,C2
INV0007889,20241231,STR0099,PRD00049,126,41,Adequate,31.5,2026-05-28,B1
INV0007890,20241231,STR0099,PRD00050,163,39,Adequate,12.5,2026-05-10,A1
INV0007891,20241231,STR0099,PRD00051,172,26,Adequate,19.1,2026-06-21,D1
INV0007892,20241231,STR0099,PRD00052,103,13,Adequate,51.5,2026-05-13,A2
INV0007893,20241231,STR0099,PRD00053,61,20,Adequate,61.0,2026-06-19,B1
INV0007894,20241231,STR0099,PRD00054,60,19,Adequate,20.0,2026-07-06,C2
INV0007895,20241231,STR0099,PRD00055,55,38,Adequate,7.9,2026-07-06,B1
INV0007896,20241231,STR0099,PRD00056,151,30,Adequate,50.3,2026-05-23,A2
INV0007897,20241231,STR0099,PRD00057,7,44,Reorder Required,3.5,2026-05-14,B1
INV0007898,20241231,STR0099,PRD00058,176,19,Adequate,12.6,2026-07-06,C2
INV0007899,20241231,STR0099,PRD00059,30,44,Reorder Required,4.3,2026-05-10,C1
INV0007900,20241231,STR0099,PRD00060,167,28,Adequate,83.5,2026-06-28,A2
INV0007901,20241231,STR0099,PRD00061,167,38,Adequate,55.7,2026-06-28,B1
INV0007902,20241231,STR0099,PRD00062,14,18,Reorder Required,0.9,2026-06-06,B1
INV0007903,20241231,STR0099,PRD00063,147,24,Adequate,147.0,2026-06-03,C2
INV0007904,20241231,STR0099,PRD00064,128,22,Adequate,42.7,2026-05-16,C1
INV0007905,20241231,STR0099,PRD00065,121,22,Adequate,15.1,2026-05-13,A1
INV0007906,20241231,STR0099,PRD00066,75,15,Adequate,6.8,2026-05-14,D1
INV0007907,20241231,STR0099,PRD00067,49,42,Adequate,4.9,2026-06-30,C2
INV0007908,20241231,STR0099,PRD00068,83,37,Adequate,5.5,2026-05-26,D1
INV0007909,20241231,STR0099,PRD00069,199,29,Adequate,19.9,2026-05-20,A1
INV0007910,20241231,STR0099,PRD00070,31,38,Reorder Required,6.2,2026-05-16,C2
INV0007911,20241231,STR0099,PRD00071,145,37,Adequate,13.2,2026-07-05,C2
INV0007912,20241231,STR0099,PRD00072,1,15,Reorder Required,1.0,2026-06-04,C2
INV0007913,20241231,STR0099,PRD00073,117,31,Adequate,19.5,2026-05-22,C2
INV0007914,20241231,STR0099,PRD00074,54,10,Adequate,10.8,2026-06-23,A1
INV0007915,20241231,STR0099,PRD00075,188,39,Adequate,26.9,2026-06-19,D1
INV0007916,20241231,STR0099,PRD00076,51,34,Adequate,6.4,2026-05-16,B1
INV0007917,20241231,STR0099,PRD00077,171,47,Adequate,28.5,2026-05-26,A2
INV0007918,20241231,STR0099,PRD00078,193,10,Adequate,27.6,2026-06-15,C2
INV0007919,20241231,STR0099,PRD00079,40,28,Adequate,6.7,2026-05-10,A1
INV0007920,20241231,STR0099,PRD00080,31,11,Adequate,4.4,2026-06-06,C2
INV0007921,20241231,STR0100,PRD00001,190,50,Adequate,38.0,2026-06-09,C1
INV0007922,20241231,STR0100,PRD00002,176,17,Adequate,11.7,2026-05-16,B2
INV0007923,20241231,STR0100,PRD00003,146,44,Adequate,29.2,2026-06-18,B1
INV0007924,20241231,STR0100,PRD00004,167,27,Adequate,15.2,2026-05-16,C2
INV0007925,20241231,STR0100,PRD00005,65,40,Adequate,4.3,2026-06-19,B2
INV0007926,20241231,STR0100,PRD00006,68,33,Adequate,11.3,2026-05-21,C1
INV0007927,20241231,STR0100,PRD00007,37,39,Reorder Required,3.4,2026-05-10,A1
INV0007928,20241231,STR0100,PRD00008,107,20,Adequate,53.5,2026-06-14,A1
INV0007929,20241231,STR0100,PRD00009,196,38,Adequate,21.8,2026-05-17,B1
INV0007930,20241231,STR0100,PRD00010,101,30,Adequate,11.2,2026-05-27,A1
INV0007931,20241231,STR0100,PRD00011,134,36,Adequate,13.4,2026-06-04,D1
INV0007932,20241231,STR0100,PRD00012,185,13,Adequate,46.2,2026-06-15,C2
INV0007933,20241231,STR0100,PRD00013,123,34,Adequate,17.6,2026-05-31,B2
INV0007934,20241231,STR0100,PRD00014,28,27,Adequate,2.3,2026-05-30,C1
INV0007935,20241231,STR0100,PRD00015,87,27,Adequate,17.4,2026-06-08,A1
INV0007936,20241231,STR0100,PRD00016,175,31,Adequate,12.5,2026-07-06,D1
INV0007937,20241231,STR0100,PRD00017,97,50,Adequate,10.8,2026-06-07,C1
INV0007938,20241231,STR0100,PRD00018,185,24,Adequate,20.6,2026-06-18,A1
INV0007939,20241231,STR0100,PRD00019,169,23,Adequate,24.1,2026-06-15,B1
INV0007940,20241231,STR0100,PRD00020,93,37,Adequate,15.5,2026-05-08,B1
INV0007941,20241231,STR0100,PRD00021,12,24,Reorder Required,6.0,2026-06-05,D1
INV0007942,20241231,STR0100,PRD00022,83,12,Adequate,16.6,2026-06-20,B2
INV0007943,20241231,STR0100,PRD00023,42,37,Adequate,8.4,2026-07-02,C1
INV0007944,20241231,STR0100,PRD00024,190,16,Adequate,21.1,2026-05-30,B1
INV0007945,20241231,STR0100,PRD00025,63,36,Adequate,4.8,2026-06-19,A1
INV0007946,20241231,STR0100,PRD00026,169,15,Adequate,169.0,2026-06-07,C2
INV0007947,20241231,STR0100,PRD00027,45,46,Reorder Required,3.5,2026-06-04,A1
INV0007948,20241231,STR0100,PRD00028,109,18,Adequate,12.1,2026-06-04,D1
INV0007949,20241231,STR0100,PRD00029,188,10,Adequate,47.0,2026-05-16,C2
INV0007950,20241231,STR0100,PRD00030,10,12,Reorder Required,1.4,2026-05-31,B1
INV0007951,20241231,STR0100,PRD00031,73,44,Adequate,14.6,2026-07-01,A1
INV0007952,20241231,STR0100,PRD00032,15,31,Reorder Required,3.0,2026-06-28,B2
INV0007953,20241231,STR0100,PRD00033,28,33,Reorder Required,1.9,2026-06-26,D1
INV0007954,20241231,STR0100,PRD00034,105,33,Adequate,105.0,2026-05-16,C1
INV0007955,20241231,STR0100,PRD00035,160,23,Adequate,22.9,2026-06-08,B2
INV0007956,20241231,STR0100,PRD00036,72,40,Adequate,72.0,2026-06-05,C1
INV0007957,20241231,STR0100,PRD00037,104,23,Adequate,104.0,2026-06-04,B1
INV0007958,20241231,STR0100,PRD00038,80,27,Adequate,13.3,2026-05-29,A1
INV0007959,20241231,STR0100,PRD00039,105,38,Adequate,8.8,2026-05-14,B1
INV0007960,20241231,STR0100,PRD00040,93,44,Adequate,9.3,2026-06-04,A2
INV0007961,20241231,STR0100,PRD00041,179,33,Adequate,14.9,2026-06-09,C1
INV0007962,20241231,STR0100,PRD00042,43,14,Adequate,7.2,2026-06-29,C2
INV0007963,20241231,STR0100,PRD00043,71,21,Adequate,23.7,2026-06-15,C2
INV0007964,20241231,STR0100,PRD00044,137,19,Adequate,22.8,2026-05-13,B2
INV0007965,20241231,STR0100,PRD00045,199,11,Adequate,99.5,2026-06-23,D1
INV0007966,20241231,STR0100,PRD00046,175,40,Adequate,14.6,2026-06-12,A2
INV0007967,20241231,STR0100,PRD00047,76,14,Adequate,15.2,2026-05-18,C2
INV0007968,20241231,STR0100,PRD00048,74,31,Adequate,12.3,2026-06-26,B2
INV0007969,20241231,STR0100,PRD00049,76,41,Adequate,7.6,2026-06-11,C1
INV0007970,20241231,STR0100,PRD00050,115,39,Adequate,10.5,2026-05-18,A2
INV0007971,20241231,STR0100,PRD00051,73,26,Adequate,10.4,2026-05-17,C2
INV0007972,20241231,STR0100,PRD00052,64,13,Adequate,10.7,2026-06-27,C2
INV0007973,20241231,STR0100,PRD00053,40,20,Adequate,3.3,2026-06-10,C2
INV0007974,20241231,STR0100,PRD00054,78,19,Adequate,39.0,2026-06-06,C2
INV0007975,20241231,STR0100,PRD00055,38,38,Reorder Required,12.7,2026-06-25,D1
INV0007976,20241231,STR0100,PRD00056,62,30,Adequate,4.8,2026-06-21,C1
INV0007977,20241231,STR0100,PRD00057,37,44,Reorder Required,2.6,2026-06-07,A1
INV0007978,20241231,STR0100,PRD00058,61,19,Adequate,20.3,2026-07-01,A1
INV0007979,20241231,STR0100,PRD00059,3,44,Reorder Required,0.2,2026-05-24,C2
INV0007980,20241231,STR0100,PRD00060,80,28,Adequate,5.3,2026-06-18,D1
INV0007981,20241231,STR0100,PRD00061,125,38,Adequate,10.4,2026-06-15,A1
INV0007982,20241231,STR0100,PRD00062,186,18,Adequate,62.0,2026-05-27,C2
INV0007983,20241231,STR0100,PRD00063,127,24,Adequate,11.5,2026-06-09,C1
INV0007984,20241231,STR0100,PRD00064,78,22,Adequate,7.1,2026-05-09,D1
INV0007985,20241231,STR0100,PRD00065,106,22,Adequate,15.1,2026-06-06,B1
INV0007986,20241231,STR0100,PRD00066,119,15,Adequate,8.5,2026-05-18,B2
INV0007987,20241231,STR0100,PRD00067,125,42,Adequate,9.6,2026-05-27,C2
INV0007988,20241231,STR0100,PRD00068,123,37,Adequate,9.5,2026-05-17,A2
INV0007989,20241231,STR0100,PRD00069,69,29,Adequate,4.6,2026-05-17,B2
INV0007990,20241231,STR0100,PRD00070,111,38,Adequate,12.3,2026-06-08,D1
INV0007991,20241231,STR0100,PRD00071,168,37,Adequate,42.0,2026-06-08,C1
INV0007992,20241231,STR0100,PRD00072,136,15,Adequate,15.1,2026-06-03,A2
INV0007993,20241231,STR0100,PRD00073,92,31,Adequate,6.1,2026-06-15,B1
INV0007994,20241231,STR0100,PRD00074,156,10,Adequate,13.0,2026-06-05,B1
INV0007995,20241231,STR0100,PRD00075,105,39,Adequate,105.0,2026-06-05,A1
INV0007996,20241231,STR0100,PRD00076,50,34,Adequate,12.5,2026-06-27,B2
INV0007997,20241231,STR0100,PRD00077,183,47,Adequate,26.1,2026-05-21,B2
INV0007998,20241231,STR0100,PRD00078,70,10,Adequate,35.0,2026-05-19,C2
INV0007999,20241231,STR0100,PRD00079,79,28,Adequate,39.5,2026-06-16,A1
INV0008000,20241231,STR0100,PRD00080,158,11,Adequate,17.6,2026-06-15,A1
INV0008001,20241231,STR0101,PRD00001,199,50,Adequate,14.2,2026-06-29,B1
INV0008002,20241231,STR0101,PRD00002,113,17,Adequate,9.4,2026-05-21,B2
INV0008003,20241231,STR0101,PRD00003,35,44,Reorder Required,2.5,2026-06-30,B1
INV0008004,20241231,STR0101,PRD00004,49,27,Adequate,5.4,2026-06-08,C2
INV0008005,20241231,STR0101,PRD00005,159,40,Adequate,13.2,2026-05-29,A2
INV0008006,20241231,STR0101,PRD00006,26,33,Reorder Required,1.9,2026-05-29,C2
INV0008007,20241231,STR0101,PRD00007,195,39,Adequate,65.0,2026-06-04,B1
INV0008008,20241231,STR0101,PRD00008,89,20,Adequate,5.9,2026-06-18,B2
INV0008009,20241231,STR0101,PRD00009,104,38,Adequate,8.7,2026-06-10,A2
INV0008010,20241231,STR0101,PRD00010,122,30,Adequate,13.6,2026-05-16,A2
INV0008011,20241231,STR0101,PRD00011,50,36,Adequate,3.6,2026-05-23,C2
INV0008012,20241231,STR0101,PRD00012,150,13,Adequate,10.7,2026-06-20,A1
INV0008013,20241231,STR0101,PRD00013,155,34,Adequate,51.7,2026-05-16,C1
INV0008014,20241231,STR0101,PRD00014,45,27,Adequate,3.0,2026-06-24,C2
INV0008015,20241231,STR0101,PRD00015,172,27,Adequate,19.1,2026-05-21,A1
INV0008016,20241231,STR0101,PRD00016,88,31,Adequate,11.0,2026-05-27,B2
INV0008017,20241231,STR0101,PRD00017,46,50,Reorder Required,11.5,2026-05-27,B2
INV0008018,20241231,STR0101,PRD00018,12,24,Reorder Required,2.4,2026-05-14,C1
INV0008019,20241231,STR0101,PRD00019,138,23,Adequate,46.0,2026-05-31,B1
INV0008020,20241231,STR0101,PRD00020,118,37,Adequate,7.9,2026-06-05,D1
INV0008021,20241231,STR0101,PRD00021,2,24,Reorder Required,0.2,2026-06-13,A1
INV0008022,20241231,STR0101,PRD00022,24,12,Adequate,2.7,2026-06-04,D1
INV0008023,20241231,STR0101,PRD00023,105,37,Adequate,8.1,2026-05-16,C1
INV0008024,20241231,STR0101,PRD00024,181,16,Adequate,12.9,2026-06-06,A1
INV0008025,20241231,STR0101,PRD00025,48,36,Adequate,5.3,2026-05-22,A2
INV0008026,20241231,STR0101,PRD00026,102,15,Adequate,51.0,2026-06-12,D1
INV0008027,20241231,STR0101,PRD00027,91,46,Adequate,6.1,2026-07-01,B2
INV0008028,20241231,STR0101,PRD00028,161,18,Adequate,13.4,2026-05-23,D1
INV0008029,20241231,STR0101,PRD00029,132,10,Adequate,10.2,2026-05-31,A2
INV0008030,20241231,STR0101,PRD00030,64,12,Adequate,8.0,2026-06-30,B1
INV0008031,20241231,STR0101,PRD00031,187,44,Adequate,37.4,2026-05-10,D1
INV0008032,20241231,STR0101,PRD00032,144,31,Adequate,24.0,2026-05-19,B1
INV0008033,20241231,STR0101,PRD00033,91,33,Adequate,8.3,2026-05-19,A1
INV0008034,20241231,STR0101,PRD00034,101,33,Adequate,11.2,2026-06-13,A1
INV0008035,20241231,STR0101,PRD00035,73,23,Adequate,36.5,2026-05-13,D1
INV0008036,20241231,STR0101,PRD00036,167,40,Adequate,12.8,2026-06-07,A2
INV0008037,20241231,STR0101,PRD00037,10,23,Reorder Required,2.0,2026-06-14,A1
INV0008038,20241231,STR0101,PRD00038,45,27,Adequate,45.0,2026-06-26,B2
INV0008039,20241231,STR0101,PRD00039,47,38,Adequate,3.1,2026-05-27,B2
INV0008040,20241231,STR0101,PRD00040,158,44,Adequate,31.6,2026-06-21,B1
INV0008041,20241231,STR0101,PRD00041,172,33,Adequate,21.5,2026-06-17,D1
INV0008042,20241231,STR0101,PRD00042,104,14,Adequate,7.4,2026-07-05,A2
INV0008043,20241231,STR0101,PRD00043,188,21,Adequate,94.0,2026-07-06,A1
INV0008044,20241231,STR0101,PRD00044,86,19,Adequate,28.7,2026-06-30,C2
INV0008045,20241231,STR0101,PRD00045,33,11,Adequate,3.0,2026-06-05,D1
INV0008046,20241231,STR0101,PRD00046,71,40,Adequate,4.7,2026-06-22,D1
INV0008047,20241231,STR0101,PRD00047,12,14,Reorder Required,0.9,2026-06-04,B2
INV0008048,20241231,STR0101,PRD00048,163,31,Adequate,16.3,2026-05-16,B1
INV0008049,20241231,STR0101,PRD00049,39,41,Reorder Required,6.5,2026-05-15,B2
INV0008050,20241231,STR0101,PRD00050,113,39,Adequate,8.1,2026-06-12,D1
INV0008051,20241231,STR0101,PRD00051,147,26,Adequate,73.5,2026-05-16,C1
INV0008052,20241231,STR0101,PRD00052,38,13,Adequate,6.3,2026-06-07,C1
INV0008053,20241231,STR0101,PRD00053,187,20,Adequate,12.5,2026-05-11,C1
INV0008054,20241231,STR0101,PRD00054,167,19,Adequate,12.8,2026-05-16,A1
INV0008055,20241231,STR0101,PRD00055,128,38,Adequate,16.0,2026-06-09,A1
INV0008056,20241231,STR0101,PRD00056,134,30,Adequate,14.9,2026-05-19,C2
INV0008057,20241231,STR0101,PRD00057,190,44,Adequate,95.0,2026-07-04,B1
INV0008058,20241231,STR0101,PRD00058,193,19,Adequate,12.9,2026-05-14,B1
INV0008059,20241231,STR0101,PRD00059,31,44,Reorder Required,6.2,2026-07-04,A2
INV0008060,20241231,STR0101,PRD00060,193,28,Adequate,14.8,2026-05-29,B1
INV0008061,20241231,STR0101,PRD00061,69,38,Adequate,5.8,2026-05-27,D1
INV0008062,20241231,STR0101,PRD00062,12,18,Reorder Required,1.1,2026-06-13,A2
INV0008063,20241231,STR0101,PRD00063,137,24,Adequate,15.2,2026-06-04,B2
INV0008064,20241231,STR0101,PRD00064,127,22,Adequate,9.8,2026-06-08,B1
INV0008065,20241231,STR0101,PRD00065,182,22,Adequate,182.0,2026-05-16,C2
INV0008066,20241231,STR0101,PRD00066,151,15,Adequate,10.1,2026-07-06,C2
INV0008067,20241231,STR0101,PRD00067,95,42,Adequate,10.6,2026-05-10,D1
INV0008068,20241231,STR0101,PRD00068,17,37,Reorder Required,3.4,2026-06-01,B1
INV0008069,20241231,STR0101,PRD00069,69,29,Adequate,17.2,2026-05-20,C1
INV0008070,20241231,STR0101,PRD00070,117,38,Adequate,9.8,2026-07-02,A2
INV0008071,20241231,STR0101,PRD00071,4,37,Reorder Required,0.3,2026-06-07,A1
INV0008072,20241231,STR0101,PRD00072,119,15,Adequate,39.7,2026-06-06,C1
INV0008073,20241231,STR0101,PRD00073,15,31,Reorder Required,1.0,2026-06-01,A2
INV0008074,20241231,STR0101,PRD00074,42,10,Adequate,2.8,2026-07-03,C1
INV0008075,20241231,STR0101,PRD00075,62,39,Adequate,15.5,2026-05-24,A1
INV0008076,20241231,STR0101,PRD00076,161,34,Adequate,13.4,2026-05-14,A2
INV0008077,20241231,STR0101,PRD00077,189,47,Adequate,21.0,2026-05-18,C1
INV0008078,20241231,STR0101,PRD00078,163,10,Adequate,163.0,2026-05-10,A2
INV0008079,20241231,STR0101,PRD00079,130,28,Adequate,65.0,2026-07-06,B1
INV0008080,20241231,STR0101,PRD00080,5,11,Reorder Required,1.2,2026-06-22,C2
INV0008081,20241231,STR0102,PRD00001,84,50,Adequate,6.0,2026-05-17,C1
INV0008082,20241231,STR0102,PRD00002,89,17,Adequate,9.9,2026-05-21,B1
INV0008083,20241231,STR0102,PRD00003,59,44,Adequate,4.5,2026-05-21,A1
INV0008084,20241231,STR0102,PRD00004,70,27,Adequate,11.7,2026-07-01,B2
INV0008085,20241231,STR0102,PRD00005,98,40,Adequate,7.5,2026-05-26,C1
INV0008086,20241231,STR0102,PRD00006,194,33,Adequate,64.7,2026-05-15,C2
INV0008087,20241231,STR0102,PRD00007,198,39,Adequate,15.2,2026-06-19,B1
INV0008088,20241231,STR0102,PRD00008,59,20,Adequate,9.8,2026-06-27,D1
INV0008089,20241231,STR0102,PRD00009,153,38,Adequate,15.3,2026-06-15,A1
INV0008090,20241231,STR0102,PRD00010,78,30,Adequate,26.0,2026-06-09,A2
INV0008091,20241231,STR0102,PRD00011,47,36,Adequate,9.4,2026-06-04,C1
INV0008092,20241231,STR0102,PRD00012,145,13,Adequate,16.1,2026-05-25,D1
INV0008093,20241231,STR0102,PRD00013,85,34,Adequate,8.5,2026-05-21,A2
INV0008094,20241231,STR0102,PRD00014,136,27,Adequate,27.2,2026-06-06,A2
INV0008095,20241231,STR0102,PRD00015,125,27,Adequate,8.3,2026-06-26,C1
INV0008096,20241231,STR0102,PRD00016,174,31,Adequate,19.3,2026-05-29,C1
INV0008097,20241231,STR0102,PRD00017,162,50,Adequate,13.5,2026-06-06,A2
INV0008098,20241231,STR0102,PRD00018,93,24,Adequate,9.3,2026-07-06,C1
INV0008099,20241231,STR0102,PRD00019,72,23,Adequate,7.2,2026-05-08,A2
INV0008100,20241231,STR0102,PRD00020,37,37,Reorder Required,2.8,2026-06-10,A1
INV0008101,20241231,STR0102,PRD00021,91,24,Adequate,45.5,2026-06-27,B2
INV0008102,20241231,STR0102,PRD00022,11,12,Reorder Required,1.6,2026-05-31,C1
INV0008103,20241231,STR0102,PRD00023,46,37,Adequate,11.5,2026-06-28,B2
INV0008104,20241231,STR0102,PRD00024,74,16,Adequate,5.3,2026-06-28,A2
INV0008105,20241231,STR0102,PRD00025,31,36,Reorder Required,2.8,2026-06-08,B1
INV0008106,20241231,STR0102,PRD00026,164,15,Adequate,20.5,2026-06-14,B2
INV0008107,20241231,STR0102,PRD00027,89,46,Adequate,8.1,2026-07-03,C1
INV0008108,20241231,STR0102,PRD00028,185,18,Adequate,92.5,2026-06-17,A1
INV0008109,20241231,STR0102,PRD00029,39,10,Adequate,2.6,2026-05-08,B2
INV0008110,20241231,STR0102,PRD00030,155,12,Adequate,155.0,2026-06-12,A1
INV0008111,20241231,STR0102,PRD00031,64,44,Adequate,64.0,2026-06-09,A2
INV0008112,20241231,STR0102,PRD00032,23,31,Reorder Required,2.6,2026-06-08,A1
INV0008113,20241231,STR0102,PRD00033,130,33,Adequate,65.0,2026-06-21,C2
INV0008114,20241231,STR0102,PRD00034,161,33,Adequate,10.7,2026-05-11,C2
INV0008115,20241231,STR0102,PRD00035,112,23,Adequate,9.3,2026-06-27,D1
INV0008116,20241231,STR0102,PRD00036,109,40,Adequate,7.3,2026-05-11,C2
INV0008117,20241231,STR0102,PRD00037,18,23,Reorder Required,4.5,2026-05-26,C2
INV0008118,20241231,STR0102,PRD00038,158,27,Adequate,11.3,2026-06-10,A1
INV0008119,20241231,STR0102,PRD00039,196,38,Adequate,49.0,2026-06-08,A2
INV0008120,20241231,STR0102,PRD00040,31,44,Reorder Required,2.8,2026-07-03,C2
INV0008121,20241231,STR0102,PRD00041,133,33,Adequate,8.9,2026-05-08,D1
INV0008122,20241231,STR0102,PRD00042,145,14,Adequate,12.1,2026-06-21,C2
INV0008123,20241231,STR0102,PRD00043,25,21,Adequate,2.5,2026-05-28,C2
INV0008124,20241231,STR0102,PRD00044,13,19,Reorder Required,13.0,2026-05-21,D1
INV0008125,20241231,STR0102,PRD00045,91,11,Adequate,45.5,2026-06-13,B2
INV0008126,20241231,STR0102,PRD00046,95,40,Adequate,9.5,2026-05-17,C1
INV0008127,20241231,STR0102,PRD00047,30,14,Adequate,3.3,2026-06-08,D1
INV0008128,20241231,STR0102,PRD00048,187,31,Adequate,18.7,2026-06-15,C1
INV0008129,20241231,STR0102,PRD00049,169,41,Adequate,21.1,2026-05-17,B1
INV0008130,20241231,STR0102,PRD00050,24,39,Reorder Required,6.0,2026-06-29,B2
INV0008131,20241231,STR0102,PRD00051,1,26,Reorder Required,0.2,2026-05-18,D1
INV0008132,20241231,STR0102,PRD00052,98,13,Adequate,12.2,2026-06-09,A2
INV0008133,20241231,STR0102,PRD00053,35,20,Adequate,17.5,2026-05-23,B2
INV0008134,20241231,STR0102,PRD00054,31,19,Adequate,2.8,2026-05-25,C1
INV0008135,20241231,STR0102,PRD00055,172,38,Adequate,17.2,2026-06-08,B2
INV0008136,20241231,STR0102,PRD00056,89,30,Adequate,8.1,2026-07-02,D1
INV0008137,20241231,STR0102,PRD00057,141,44,Adequate,23.5,2026-05-24,A1
INV0008138,20241231,STR0102,PRD00058,66,19,Adequate,7.3,2026-06-01,C1
INV0008139,20241231,STR0102,PRD00059,110,44,Adequate,18.3,2026-05-17,B1
INV0008140,20241231,STR0102,PRD00060,75,28,Adequate,12.5,2026-06-30,D1
INV0008141,20241231,STR0102,PRD00061,174,38,Adequate,87.0,2026-05-25,B1
INV0008142,20241231,STR0102,PRD00062,133,18,Adequate,66.5,2026-05-22,B2
INV0008143,20241231,STR0102,PRD00063,23,24,Reorder Required,7.7,2026-05-08,B1
INV0008144,20241231,STR0102,PRD00064,125,22,Adequate,11.4,2026-05-19,C2
INV0008145,20241231,STR0102,PRD00065,127,22,Adequate,63.5,2026-06-28,B2
INV0008146,20241231,STR0102,PRD00066,23,15,Adequate,2.9,2026-05-15,B1
INV0008147,20241231,STR0102,PRD00067,154,42,Adequate,14.0,2026-05-16,C1
INV0008148,20241231,STR0102,PRD00068,175,37,Adequate,13.5,2026-07-02,A2
INV0008149,20241231,STR0102,PRD00069,84,29,Adequate,12.0,2026-05-29,C2
INV0008150,20241231,STR0102,PRD00070,108,38,Adequate,108.0,2026-05-16,A1
INV0008151,20241231,STR0102,PRD00071,8,37,Reorder Required,1.1,2026-06-09,C2
INV0008152,20241231,STR0102,PRD00072,97,15,Adequate,10.8,2026-05-08,A1
INV0008153,20241231,STR0102,PRD00073,182,31,Adequate,14.0,2026-05-11,C1
INV0008154,20241231,STR0102,PRD00074,174,10,Adequate,12.4,2026-06-18,A1
INV0008155,20241231,STR0102,PRD00075,143,39,Adequate,71.5,2026-05-26,B1
INV0008156,20241231,STR0102,PRD00076,5,34,Reorder Required,0.7,2026-06-27,D1
INV0008157,20241231,STR0102,PRD00077,156,47,Adequate,10.4,2026-05-09,A2
INV0008158,20241231,STR0102,PRD00078,129,10,Adequate,11.7,2026-07-01,B2
INV0008159,20241231,STR0102,PRD00079,6,28,Reorder Required,1.0,2026-06-24,A2
INV0008160,20241231,STR0102,PRD00080,192,11,Adequate,16.0,2026-05-29,B1
INV0008161,20241231,STR0103,PRD00001,29,50,Reorder Required,4.8,2026-06-07,D1
INV0008162,20241231,STR0103,PRD00002,113,17,Adequate,12.6,2026-05-24,D1
INV0008163,20241231,STR0103,PRD00003,8,44,Reorder Required,1.0,2026-05-08,A1
INV0008164,20241231,STR0103,PRD00004,179,27,Adequate,17.9,2026-05-13,C2
INV0008165,20241231,STR0103,PRD00005,141,40,Adequate,9.4,2026-06-11,C1
INV0008166,20241231,STR0103,PRD00006,15,33,Reorder Required,5.0,2026-05-16,C2
INV0008167,20241231,STR0103,PRD00007,72,39,Adequate,36.0,2026-06-04,B1
INV0008168,20241231,STR0103,PRD00008,91,20,Adequate,10.1,2026-06-22,A2
INV0008169,20241231,STR0103,PRD00009,73,38,Adequate,6.1,2026-05-30,B2
INV0008170,20241231,STR0103,PRD00010,112,30,Adequate,9.3,2026-06-29,A2
INV0008171,20241231,STR0103,PRD00011,183,36,Adequate,12.2,2026-05-13,A1
INV0008172,20241231,STR0103,PRD00012,2,13,Reorder Required,0.1,2026-06-03,C2
INV0008173,20241231,STR0103,PRD00013,86,34,Adequate,21.5,2026-06-23,D1
INV0008174,20241231,STR0103,PRD00014,148,27,Adequate,16.4,2026-06-22,A1
INV0008175,20241231,STR0103,PRD00015,77,27,Adequate,77.0,2026-06-24,B1
INV0008176,20241231,STR0103,PRD00016,163,31,Adequate,32.6,2026-05-22,C1
INV0008177,20241231,STR0103,PRD00017,36,50,Reorder Required,18.0,2026-06-12,C1
INV0008178,20241231,STR0103,PRD00018,34,24,Adequate,2.4,2026-06-17,C2
INV0008179,20241231,STR0103,PRD00019,71,23,Adequate,6.5,2026-06-17,A1
INV0008180,20241231,STR0103,PRD00020,92,37,Adequate,92.0,2026-06-18,B1
INV0008181,20241231,STR0103,PRD00021,9,24,Reorder Required,4.5,2026-06-19,A1
INV0008182,20241231,STR0103,PRD00022,137,12,Adequate,45.7,2026-05-19,B1
INV0008183,20241231,STR0103,PRD00023,64,37,Adequate,4.3,2026-05-16,B1
INV0008184,20241231,STR0103,PRD00024,188,16,Adequate,23.5,2026-05-09,D1
INV0008185,20241231,STR0103,PRD00025,103,36,Adequate,7.4,2026-06-02,B2
INV0008186,20241231,STR0103,PRD00026,117,15,Adequate,19.5,2026-07-04,C2
INV0008187,20241231,STR0103,PRD00027,23,46,Reorder Required,2.6,2026-06-29,A2
INV0008188,20241231,STR0103,PRD00028,3,18,Reorder Required,0.4,2026-05-10,C1
INV0008189,20241231,STR0103,PRD00029,2,10,Reorder Required,0.3,2026-06-16,B1
INV0008190,20241231,STR0103,PRD00030,71,12,Adequate,5.9,2026-06-24,C2
INV0008191,20241231,STR0103,PRD00031,153,44,Adequate,21.9,2026-05-29,C1
INV0008192,20241231,STR0103,PRD00032,169,31,Adequate,28.2,2026-05-13,C2
INV0008193,20241231,STR0103,PRD00033,4,33,Reorder Required,0.7,2026-05-27,B1
INV0008194,20241231,STR0103,PRD00034,76,33,Adequate,5.4,2026-05-14,D1
INV0008195,20241231,STR0103,PRD00035,114,23,Adequate,8.8,2026-05-22,A1
INV0008196,20241231,STR0103,PRD00036,102,40,Adequate,14.6,2026-05-18,A1
INV0008197,20241231,STR0103,PRD00037,167,23,Adequate,41.8,2026-05-08,D1
INV0008198,20241231,STR0103,PRD00038,107,27,Adequate,7.1,2026-06-28,B2
INV0008199,20241231,STR0103,PRD00039,144,38,Adequate,14.4,2026-05-17,B2
INV0008200,20241231,STR0103,PRD00040,67,44,Adequate,8.4,2026-06-13,C1
INV0008201,20241231,STR0103,PRD00041,68,33,Adequate,11.3,2026-06-14,C2
INV0008202,20241231,STR0103,PRD00042,30,14,Adequate,3.8,2026-06-22,C2
INV0008203,20241231,STR0103,PRD00043,127,21,Adequate,10.6,2026-05-26,C2
INV0008204,20241231,STR0103,PRD00044,35,19,Adequate,17.5,2026-07-06,A1
INV0008205,20241231,STR0103,PRD00045,188,11,Adequate,62.7,2026-05-23,B2
INV0008206,20241231,STR0103,PRD00046,10,40,Reorder Required,0.9,2026-06-15,B2
INV0008207,20241231,STR0103,PRD00047,112,14,Adequate,10.2,2026-06-19,C1
INV0008208,20241231,STR0103,PRD00048,120,31,Adequate,8.6,2026-05-15,B2
INV0008209,20241231,STR0103,PRD00049,158,41,Adequate,22.6,2026-05-08,C2
INV0008210,20241231,STR0103,PRD00050,136,39,Adequate,12.4,2026-06-10,A1
INV0008211,20241231,STR0103,PRD00051,42,26,Adequate,3.0,2026-05-29,C2
INV0008212,20241231,STR0103,PRD00052,78,13,Adequate,78.0,2026-05-10,B1
INV0008213,20241231,STR0103,PRD00053,111,20,Adequate,37.0,2026-06-25,D1
INV0008214,20241231,STR0103,PRD00054,189,19,Adequate,21.0,2026-05-26,A1
INV0008215,20241231,STR0103,PRD00055,58,38,Adequate,6.4,2026-05-28,C1
INV0008216,20241231,STR0103,PRD00056,105,30,Adequate,105.0,2026-06-04,C1
INV0008217,20241231,STR0103,PRD00057,104,44,Adequate,11.6,2026-06-04,A1
INV0008218,20241231,STR0103,PRD00058,1,19,Reorder Required,1.0,2026-06-21,B1
INV0008219,20241231,STR0103,PRD00059,40,44,Reorder Required,3.3,2026-06-05,C1
INV0008220,20241231,STR0103,PRD00060,125,28,Adequate,11.4,2026-05-10,B2
INV0008221,20241231,STR0103,PRD00061,195,38,Adequate,195.0,2026-05-26,B1
INV0008222,20241231,STR0103,PRD00062,23,18,Adequate,7.7,2026-07-05,B1
INV0008223,20241231,STR0103,PRD00063,28,24,Adequate,9.3,2026-06-06,C2
INV0008224,20241231,STR0103,PRD00064,151,22,Adequate,11.6,2026-05-18,C2
INV0008225,20241231,STR0103,PRD00065,38,22,Adequate,4.2,2026-06-01,B2
INV0008226,20241231,STR0103,PRD00066,32,15,Adequate,10.7,2026-06-10,A2
INV0008227,20241231,STR0103,PRD00067,48,42,Adequate,8.0,2026-06-21,C2
INV0008228,20241231,STR0103,PRD00068,16,37,Reorder Required,1.5,2026-06-22,C2
INV0008229,20241231,STR0103,PRD00069,170,29,Adequate,34.0,2026-06-20,D1
INV0008230,20241231,STR0103,PRD00070,119,38,Adequate,10.8,2026-05-13,B2
INV0008231,20241231,STR0103,PRD00071,54,37,Adequate,18.0,2026-05-18,A2
INV0008232,20241231,STR0103,PRD00072,165,15,Adequate,165.0,2026-06-11,B1
INV0008233,20241231,STR0103,PRD00073,94,31,Adequate,31.3,2026-06-01,C2
INV0008234,20241231,STR0103,PRD00074,179,10,Adequate,44.8,2026-05-08,B2
INV0008235,20241231,STR0103,PRD00075,145,39,Adequate,16.1,2026-06-28,B1
INV0008236,20241231,STR0103,PRD00076,95,34,Adequate,6.3,2026-05-28,C1
INV0008237,20241231,STR0103,PRD00077,145,47,Adequate,10.4,2026-05-18,A2
INV0008238,20241231,STR0103,PRD00078,28,10,Adequate,2.5,2026-06-13,A2
INV0008239,20241231,STR0103,PRD00079,39,28,Adequate,7.8,2026-05-29,A1
INV0008240,20241231,STR0103,PRD00080,127,11,Adequate,9.1,2026-05-19,C2
INV0008241,20241231,STR0104,PRD00001,197,50,Adequate,39.4,2026-06-07,B2
INV0008242,20241231,STR0104,PRD00002,95,17,Adequate,23.8,2026-05-26,D1
INV0008243,20241231,STR0104,PRD00003,118,44,Adequate,7.9,2026-06-16,D1
INV0008244,20241231,STR0104,PRD00004,40,27,Adequate,6.7,2026-07-04,B2
INV0008245,20241231,STR0104,PRD00005,7,40,Reorder Required,0.7,2026-05-13,B2
INV0008246,20241231,STR0104,PRD00006,46,33,Adequate,5.8,2026-05-24,A2
INV0008247,20241231,STR0104,PRD00007,66,39,Adequate,4.4,2026-07-04,A2
INV0008248,20241231,STR0104,PRD00008,113,20,Adequate,11.3,2026-06-10,C2
INV0008249,20241231,STR0104,PRD00009,92,38,Adequate,10.2,2026-06-18,C1
INV0008250,20241231,STR0104,PRD00010,187,30,Adequate,62.3,2026-06-13,A2
INV0008251,20241231,STR0104,PRD00011,115,36,Adequate,16.4,2026-07-03,B1
INV0008252,20241231,STR0104,PRD00012,82,13,Adequate,10.2,2026-07-02,C2
INV0008253,20241231,STR0104,PRD00013,124,34,Adequate,15.5,2026-05-24,B1
INV0008254,20241231,STR0104,PRD00014,58,27,Adequate,3.9,2026-05-10,D1
INV0008255,20241231,STR0104,PRD00015,141,27,Adequate,20.1,2026-05-16,C2
INV0008256,20241231,STR0104,PRD00016,54,31,Adequate,3.6,2026-05-08,C2
INV0008257,20241231,STR0104,PRD00017,126,50,Adequate,126.0,2026-07-03,B1
INV0008258,20241231,STR0104,PRD00018,11,24,Reorder Required,1.6,2026-06-27,D1
INV0008259,20241231,STR0104,PRD00019,158,23,Adequate,158.0,2026-06-05,C2
INV0008260,20241231,STR0104,PRD00020,103,37,Adequate,8.6,2026-06-10,B2
INV0008261,20241231,STR0104,PRD00021,200,24,Adequate,20.0,2026-06-10,B1
INV0008262,20241231,STR0104,PRD00022,96,12,Adequate,19.2,2026-07-03,C2
INV0008263,20241231,STR0104,PRD00023,49,37,Adequate,7.0,2026-05-14,B1
INV0008264,20241231,STR0104,PRD00024,154,16,Adequate,17.1,2026-07-03,B2
INV0008265,20241231,STR0104,PRD00025,20,36,Reorder Required,4.0,2026-06-15,B1
INV0008266,20241231,STR0104,PRD00026,55,15,Adequate,4.6,2026-05-14,D1
INV0008267,20241231,STR0104,PRD00027,127,46,Adequate,63.5,2026-06-07,B2
INV0008268,20241231,STR0104,PRD00028,87,18,Adequate,5.8,2026-07-03,A1
INV0008269,20241231,STR0104,PRD00029,79,10,Adequate,7.2,2026-06-05,D1
INV0008270,20241231,STR0104,PRD00030,129,12,Adequate,12.9,2026-06-29,C2
INV0008271,20241231,STR0104,PRD00031,73,44,Adequate,36.5,2026-06-19,B2
INV0008272,20241231,STR0104,PRD00032,111,31,Adequate,7.9,2026-06-21,A2
INV0008273,20241231,STR0104,PRD00033,46,33,Adequate,3.3,2026-06-10,B2
INV0008274,20241231,STR0104,PRD00034,106,33,Adequate,106.0,2026-06-24,A1
INV0008275,20241231,STR0104,PRD00035,29,23,Adequate,9.7,2026-06-18,C2
INV0008276,20241231,STR0104,PRD00036,174,40,Adequate,24.9,2026-05-09,D1
INV0008277,20241231,STR0104,PRD00037,16,23,Reorder Required,8.0,2026-06-14,C1
INV0008278,20241231,STR0104,PRD00038,18,27,Reorder Required,3.0,2026-06-21,C2
INV0008279,20241231,STR0104,PRD00039,155,38,Adequate,25.8,2026-05-31,C2
INV0008280,20241231,STR0104,PRD00040,32,44,Reorder Required,5.3,2026-05-30,A1
INV0008281,20241231,STR0104,PRD00041,195,33,Adequate,32.5,2026-05-19,D1
INV0008282,20241231,STR0104,PRD00042,16,14,Adequate,1.8,2026-06-11,C2
INV0008283,20241231,STR0104,PRD00043,71,21,Adequate,35.5,2026-05-20,C1
INV0008284,20241231,STR0104,PRD00044,56,19,Adequate,5.6,2026-05-22,C2
INV0008285,20241231,STR0104,PRD00045,170,11,Adequate,18.9,2026-05-29,A1
INV0008286,20241231,STR0104,PRD00046,112,40,Adequate,9.3,2026-06-28,D1
INV0008287,20241231,STR0104,PRD00047,47,14,Adequate,6.7,2026-06-01,D1
INV0008288,20241231,STR0104,PRD00048,190,31,Adequate,23.8,2026-05-26,A1
INV0008289,20241231,STR0104,PRD00049,67,41,Adequate,16.8,2026-06-03,D1
INV0008290,20241231,STR0104,PRD00050,82,39,Adequate,20.5,2026-07-02,A1
INV0008291,20241231,STR0104,PRD00051,196,26,Adequate,28.0,2026-06-11,A2
INV0008292,20241231,STR0104,PRD00052,73,13,Adequate,10.4,2026-05-14,B2
INV0008293,20241231,STR0104,PRD00053,60,20,Adequate,60.0,2026-05-28,C1
INV0008294,20241231,STR0104,PRD00054,7,19,Reorder Required,0.8,2026-05-09,C2
INV0008295,20241231,STR0104,PRD00055,148,38,Adequate,148.0,2026-05-12,D1
INV0008296,20241231,STR0104,PRD00056,161,30,Adequate,11.5,2026-05-11,B2
INV0008297,20241231,STR0104,PRD00057,158,44,Adequate,11.3,2026-06-20,A2
INV0008298,20241231,STR0104,PRD00058,103,19,Adequate,51.5,2026-07-01,A1
INV0008299,20241231,STR0104,PRD00059,44,44,Reorder Required,2.9,2026-06-15,B2
INV0008300,20241231,STR0104,PRD00060,104,28,Adequate,14.9,2026-07-05,A1
INV0008301,20241231,STR0104,PRD00061,28,38,Reorder Required,14.0,2026-06-07,B1
INV0008302,20241231,STR0104,PRD00062,187,18,Adequate,18.7,2026-06-01,C2
INV0008303,20241231,STR0104,PRD00063,174,24,Adequate,24.9,2026-05-29,A1
INV0008304,20241231,STR0104,PRD00064,62,22,Adequate,6.2,2026-07-03,A1
INV0008305,20241231,STR0104,PRD00065,123,22,Adequate,10.2,2026-07-06,D1
INV0008306,20241231,STR0104,PRD00066,130,15,Adequate,10.0,2026-07-01,B1
INV0008307,20241231,STR0104,PRD00067,72,42,Adequate,8.0,2026-06-27,A1
INV0008308,20241231,STR0104,PRD00068,195,37,Adequate,16.2,2026-06-16,A1
INV0008309,20241231,STR0104,PRD00069,53,29,Adequate,5.9,2026-07-02,A1
INV0008310,20241231,STR0104,PRD00070,42,38,Adequate,14.0,2026-05-22,C1
INV0008311,20241231,STR0104,PRD00071,199,37,Adequate,199.0,2026-05-25,C2
INV0008312,20241231,STR0104,PRD00072,144,15,Adequate,24.0,2026-06-04,B1
INV0008313,20241231,STR0104,PRD00073,75,31,Adequate,8.3,2026-05-26,A1
INV0008314,20241231,STR0104,PRD00074,177,10,Adequate,59.0,2026-06-30,A2
INV0008315,20241231,STR0104,PRD00075,99,39,Adequate,99.0,2026-05-10,B2
INV0008316,20241231,STR0104,PRD00076,24,34,Reorder Required,4.8,2026-06-29,A1
INV0008317,20241231,STR0104,PRD00077,94,47,Adequate,6.3,2026-05-21,D1
INV0008318,20241231,STR0104,PRD00078,89,10,Adequate,9.9,2026-05-16,A2
INV0008319,20241231,STR0104,PRD00079,126,28,Adequate,8.4,2026-05-09,D1
INV0008320,20241231,STR0104,PRD00080,72,11,Adequate,36.0,2026-06-10,A2
INV0008321,20241231,STR0105,PRD00001,75,50,Adequate,18.8,2026-05-13,C2
INV0008322,20241231,STR0105,PRD00002,26,17,Adequate,8.7,2026-06-26,D1
INV0008323,20241231,STR0105,PRD00003,48,44,Adequate,16.0,2026-06-19,A2
INV0008324,20241231,STR0105,PRD00004,122,27,Adequate,17.4,2026-07-05,C1
INV0008325,20241231,STR0105,PRD00005,168,40,Adequate,84.0,2026-05-11,A1
INV0008326,20241231,STR0105,PRD00006,149,33,Adequate,10.6,2026-06-24,C1
INV0008327,20241231,STR0105,PRD00007,2,39,Reorder Required,0.3,2026-06-29,D1
INV0008328,20241231,STR0105,PRD00008,150,20,Adequate,30.0,2026-06-14,A2
INV0008329,20241231,STR0105,PRD00009,163,38,Adequate,23.3,2026-05-16,D1
INV0008330,20241231,STR0105,PRD00010,195,30,Adequate,24.4,2026-06-20,C1
INV0008331,20241231,STR0105,PRD00011,188,36,Adequate,15.7,2026-06-09,A2
INV0008332,20241231,STR0105,PRD00012,138,13,Adequate,46.0,2026-06-15,A1
INV0008333,20241231,STR0105,PRD00013,170,34,Adequate,85.0,2026-07-03,D1
INV0008334,20241231,STR0105,PRD00014,32,27,Adequate,2.5,2026-07-04,A2
INV0008335,20241231,STR0105,PRD00015,108,27,Adequate,9.0,2026-06-02,A2
INV0008336,20241231,STR0105,PRD00016,171,31,Adequate,19.0,2026-05-15,C2
INV0008337,20241231,STR0105,PRD00017,119,50,Adequate,14.9,2026-06-13,B2
INV0008338,20241231,STR0105,PRD00018,69,24,Adequate,4.6,2026-06-09,A2
INV0008339,20241231,STR0105,PRD00019,117,23,Adequate,19.5,2026-05-26,A1
INV0008340,20241231,STR0105,PRD00020,86,37,Adequate,12.3,2026-05-08,A1
INV0008341,20241231,STR0105,PRD00021,180,24,Adequate,180.0,2026-05-23,D1
INV0008342,20241231,STR0105,PRD00022,42,12,Adequate,4.7,2026-06-18,A2
INV0008343,20241231,STR0105,PRD00023,113,37,Adequate,7.5,2026-06-14,C2
INV0008344,20241231,STR0105,PRD00024,83,16,Adequate,6.4,2026-05-26,A1
INV0008345,20241231,STR0105,PRD00025,200,36,Adequate,25.0,2026-06-20,A1
INV0008346,20241231,STR0105,PRD00026,189,15,Adequate,18.9,2026-05-28,C1
INV0008347,20241231,STR0105,PRD00027,106,46,Adequate,26.5,2026-06-03,A2
INV0008348,20241231,STR0105,PRD00028,49,18,Adequate,6.1,2026-06-22,D1
INV0008349,20241231,STR0105,PRD00029,166,10,Adequate,11.1,2026-06-13,A1
INV0008350,20241231,STR0105,PRD00030,56,12,Adequate,4.3,2026-06-05,A2
INV0008351,20241231,STR0105,PRD00031,130,44,Adequate,32.5,2026-05-31,D1
INV0008352,20241231,STR0105,PRD00032,150,31,Adequate,11.5,2026-06-15,A2
INV0008353,20241231,STR0105,PRD00033,119,33,Adequate,119.0,2026-07-04,A2
INV0008354,20241231,STR0105,PRD00034,12,33,Reorder Required,1.5,2026-05-16,A2
INV0008355,20241231,STR0105,PRD00035,166,23,Adequate,20.8,2026-07-01,B1
INV0008356,20241231,STR0105,PRD00036,139,40,Adequate,17.4,2026-05-25,D1
INV0008357,20241231,STR0105,PRD00037,13,23,Reorder Required,6.5,2026-06-01,C2
INV0008358,20241231,STR0105,PRD00038,167,27,Adequate,27.8,2026-07-06,D1
INV0008359,20241231,STR0105,PRD00039,14,38,Reorder Required,1.8,2026-06-12,B2
INV0008360,20241231,STR0105,PRD00040,13,44,Reorder Required,1.1,2026-06-08,C1
INV0008361,20241231,STR0105,PRD00041,131,33,Adequate,13.1,2026-06-18,B2
INV0008362,20241231,STR0105,PRD00042,190,14,Adequate,31.7,2026-06-22,B1
INV0008363,20241231,STR0105,PRD00043,85,21,Adequate,28.3,2026-05-28,A2
INV0008364,20241231,STR0105,PRD00044,80,19,Adequate,6.2,2026-06-08,D1
INV0008365,20241231,STR0105,PRD00045,106,11,Adequate,26.5,2026-05-08,C2
INV0008366,20241231,STR0105,PRD00046,87,40,Adequate,14.5,2026-06-17,D1
INV0008367,20241231,STR0105,PRD00047,114,14,Adequate,9.5,2026-07-05,A1
INV0008368,20241231,STR0105,PRD00048,150,31,Adequate,37.5,2026-05-17,A1
INV0008369,20241231,STR0105,PRD00049,49,41,Adequate,4.5,2026-05-28,C2
INV0008370,20241231,STR0105,PRD00050,104,39,Adequate,9.5,2026-05-19,A2
INV0008371,20241231,STR0105,PRD00051,3,26,Reorder Required,1.5,2026-06-10,A2
INV0008372,20241231,STR0105,PRD00052,195,13,Adequate,21.7,2026-05-10,D1
INV0008373,20241231,STR0105,PRD00053,78,20,Adequate,26.0,2026-06-10,A1
INV0008374,20241231,STR0105,PRD00054,117,19,Adequate,58.5,2026-05-23,A2
INV0008375,20241231,STR0105,PRD00055,159,38,Adequate,53.0,2026-06-30,A1
INV0008376,20241231,STR0105,PRD00056,27,30,Reorder Required,9.0,2026-05-25,B2
INV0008377,20241231,STR0105,PRD00057,142,44,Adequate,142.0,2026-05-12,D1
INV0008378,20241231,STR0105,PRD00058,189,19,Adequate,94.5,2026-05-21,B2
INV0008379,20241231,STR0105,PRD00059,34,44,Reorder Required,5.7,2026-05-21,B2
INV0008380,20241231,STR0105,PRD00060,103,28,Adequate,9.4,2026-05-30,D1
INV0008381,20241231,STR0105,PRD00061,35,38,Reorder Required,8.8,2026-06-24,C1
INV0008382,20241231,STR0105,PRD00062,184,18,Adequate,36.8,2026-06-29,A2
INV0008383,20241231,STR0105,PRD00063,158,24,Adequate,15.8,2026-06-07,A1
INV0008384,20241231,STR0105,PRD00064,139,22,Adequate,9.3,2026-06-21,A2
INV0008385,20241231,STR0105,PRD00065,10,22,Reorder Required,1.0,2026-06-13,A1
INV0008386,20241231,STR0105,PRD00066,17,15,Adequate,8.5,2026-06-16,B2
INV0008387,20241231,STR0105,PRD00067,155,42,Adequate,25.8,2026-06-09,C2
INV0008388,20241231,STR0105,PRD00068,200,37,Adequate,200.0,2026-06-14,B2
INV0008389,20241231,STR0105,PRD00069,112,29,Adequate,14.0,2026-06-26,A2
INV0008390,20241231,STR0105,PRD00070,104,38,Adequate,52.0,2026-06-11,B2
INV0008391,20241231,STR0105,PRD00071,174,37,Adequate,87.0,2026-05-10,C2
INV0008392,20241231,STR0105,PRD00072,109,15,Adequate,9.1,2026-06-25,B1
INV0008393,20241231,STR0105,PRD00073,125,31,Adequate,9.6,2026-06-30,A1
INV0008394,20241231,STR0105,PRD00074,1,10,Reorder Required,0.3,2026-06-11,D1
INV0008395,20241231,STR0105,PRD00075,190,39,Adequate,190.0,2026-05-11,B2
INV0008396,20241231,STR0105,PRD00076,70,34,Adequate,35.0,2026-05-08,A1
INV0008397,20241231,STR0105,PRD00077,121,47,Adequate,20.2,2026-06-02,A2
INV0008398,20241231,STR0105,PRD00078,178,10,Adequate,178.0,2026-06-13,C2
INV0008399,20241231,STR0105,PRD00079,125,28,Adequate,20.8,2026-06-18,A2
INV0008400,20241231,STR0105,PRD00080,28,11,Adequate,28.0,2026-05-24,C1
INV0008401,20241231,STR0106,PRD00001,196,50,Adequate,13.1,2026-06-03,A2
INV0008402,20241231,STR0106,PRD00002,133,17,Adequate,10.2,2026-07-03,B1
INV0008403,20241231,STR0106,PRD00003,102,44,Adequate,20.4,2026-06-29,A2
INV0008404,20241231,STR0106,PRD00004,32,27,Adequate,16.0,2026-05-17,C1
INV0008405,20241231,STR0106,PRD00005,196,40,Adequate,39.2,2026-06-09,B1
INV0008406,20241231,STR0106,PRD00006,144,33,Adequate,11.1,2026-06-13,B1
INV0008407,20241231,STR0106,PRD00007,104,39,Adequate,17.3,2026-05-27,B1
INV0008408,20241231,STR0106,PRD00008,7,20,Reorder Required,1.0,2026-05-18,A1
INV0008409,20241231,STR0106,PRD00009,64,38,Adequate,4.3,2026-06-14,B2
INV0008410,20241231,STR0106,PRD00010,90,30,Adequate,9.0,2026-05-28,C2
INV0008411,20241231,STR0106,PRD00011,30,36,Reorder Required,2.1,2026-06-04,A1
INV0008412,20241231,STR0106,PRD00012,61,13,Adequate,4.4,2026-06-27,B2
INV0008413,20241231,STR0106,PRD00013,51,34,Adequate,3.4,2026-06-25,A1
INV0008414,20241231,STR0106,PRD00014,194,27,Adequate,97.0,2026-06-03,D1
INV0008415,20241231,STR0106,PRD00015,139,27,Adequate,27.8,2026-06-17,A2
INV0008416,20241231,STR0106,PRD00016,2,31,Reorder Required,0.2,2026-05-21,C2
INV0008417,20241231,STR0106,PRD00017,57,50,Adequate,9.5,2026-06-25,C2
INV0008418,20241231,STR0106,PRD00018,152,24,Adequate,25.3,2026-06-11,B1
INV0008419,20241231,STR0106,PRD00019,99,23,Adequate,14.1,2026-07-02,A2
INV0008420,20241231,STR0106,PRD00020,198,37,Adequate,13.2,2026-05-09,B2
INV0008421,20241231,STR0106,PRD00021,159,24,Adequate,159.0,2026-06-04,A1
INV0008422,20241231,STR0106,PRD00022,127,12,Adequate,63.5,2026-05-31,C2
INV0008423,20241231,STR0106,PRD00023,30,37,Reorder Required,3.0,2026-05-14,A1
INV0008424,20241231,STR0106,PRD00024,147,16,Adequate,147.0,2026-06-16,B1
INV0008425,20241231,STR0106,PRD00025,192,36,Adequate,27.4,2026-05-30,A2
INV0008426,20241231,STR0106,PRD00026,81,15,Adequate,5.8,2026-05-14,D1
INV0008427,20241231,STR0106,PRD00027,110,46,Adequate,10.0,2026-06-11,B2
INV0008428,20241231,STR0106,PRD00028,199,18,Adequate,199.0,2026-06-15,A2
INV0008429,20241231,STR0106,PRD00029,51,10,Adequate,7.3,2026-05-25,D1
INV0008430,20241231,STR0106,PRD00030,169,12,Adequate,11.3,2026-06-19,A2
INV0008431,20241231,STR0106,PRD00031,103,44,Adequate,20.6,2026-05-17,B1
INV0008432,20241231,STR0106,PRD00032,166,31,Adequate,12.8,2026-05-11,A2
INV0008433,20241231,STR0106,PRD00033,34,33,Adequate,8.5,2026-06-03,D1
INV0008434,20241231,STR0106,PRD00034,96,33,Adequate,8.0,2026-05-09,A2
INV0008435,20241231,STR0106,PRD00035,38,23,Adequate,7.6,2026-05-10,D1
INV0008436,20241231,STR0106,PRD00036,50,40,Adequate,4.5,2026-05-18,B2
INV0008437,20241231,STR0106,PRD00037,90,23,Adequate,18.0,2026-06-20,C2
INV0008438,20241231,STR0106,PRD00038,192,27,Adequate,12.8,2026-05-26,A2
INV0008439,20241231,STR0106,PRD00039,192,38,Adequate,48.0,2026-05-13,D1
INV0008440,20241231,STR0106,PRD00040,149,44,Adequate,21.3,2026-06-08,D1
INV0008441,20241231,STR0106,PRD00041,135,33,Adequate,27.0,2026-05-28,B2
INV0008442,20241231,STR0106,PRD00042,161,14,Adequate,32.2,2026-06-18,C1
INV0008443,20241231,STR0106,PRD00043,143,21,Adequate,13.0,2026-06-14,C1
INV0008444,20241231,STR0106,PRD00044,183,19,Adequate,183.0,2026-05-13,A2
INV0008445,20241231,STR0106,PRD00045,133,11,Adequate,13.3,2026-06-19,B2
INV0008446,20241231,STR0106,PRD00046,44,40,Adequate,3.1,2026-06-12,B1
INV0008447,20241231,STR0106,PRD00047,0,14,Reorder Required,0.0,2026-05-13,A2
INV0008448,20241231,STR0106,PRD00048,200,31,Adequate,200.0,2026-05-09,A1
INV0008449,20241231,STR0106,PRD00049,181,41,Adequate,60.3,2026-06-24,B1
INV0008450,20241231,STR0106,PRD00050,138,39,Adequate,69.0,2026-07-05,B2
INV0008451,20241231,STR0106,PRD00051,192,26,Adequate,192.0,2026-05-18,D1
INV0008452,20241231,STR0106,PRD00052,53,13,Adequate,5.9,2026-06-20,B2
INV0008453,20241231,STR0106,PRD00053,9,20,Reorder Required,1.0,2026-06-09,A2
INV0008454,20241231,STR0106,PRD00054,144,19,Adequate,9.6,2026-07-02,B1
INV0008455,20241231,STR0106,PRD00055,34,38,Reorder Required,17.0,2026-05-19,D1
INV0008456,20241231,STR0106,PRD00056,45,30,Adequate,45.0,2026-06-20,A2
INV0008457,20241231,STR0106,PRD00057,162,44,Adequate,10.8,2026-05-29,D1
INV0008458,20241231,STR0106,PRD00058,23,19,Adequate,3.8,2026-05-24,B2
INV0008459,20241231,STR0106,PRD00059,10,44,Reorder Required,3.3,2026-06-19,A1
INV0008460,20241231,STR0106,PRD00060,121,28,Adequate,121.0,2026-05-10,B1
INV0008461,20241231,STR0106,PRD00061,197,38,Adequate,16.4,2026-06-15,B1
INV0008462,20241231,STR0106,PRD00062,134,18,Adequate,8.9,2026-06-25,A1
INV0008463,20241231,STR0106,PRD00063,127,24,Adequate,8.5,2026-06-06,A2
INV0008464,20241231,STR0106,PRD00064,72,22,Adequate,72.0,2026-05-14,B2
INV0008465,20241231,STR0106,PRD00065,176,22,Adequate,29.3,2026-06-20,B2
INV0008466,20241231,STR0106,PRD00066,163,15,Adequate,163.0,2026-07-06,D1
INV0008467,20241231,STR0106,PRD00067,141,42,Adequate,10.1,2026-06-04,B1
INV0008468,20241231,STR0106,PRD00068,166,37,Adequate,27.7,2026-05-18,B2
INV0008469,20241231,STR0106,PRD00069,152,29,Adequate,21.7,2026-06-14,B2
INV0008470,20241231,STR0106,PRD00070,92,38,Adequate,13.1,2026-05-11,A2
INV0008471,20241231,STR0106,PRD00071,89,37,Adequate,9.9,2026-06-03,C2
INV0008472,20241231,STR0106,PRD00072,103,15,Adequate,9.4,2026-06-08,A1
INV0008473,20241231,STR0106,PRD00073,142,31,Adequate,17.8,2026-05-10,A2
INV0008474,20241231,STR0106,PRD00074,11,10,Adequate,3.7,2026-05-29,C2
INV0008475,20241231,STR0106,PRD00075,77,39,Adequate,11.0,2026-06-21,B1
INV0008476,20241231,STR0106,PRD00076,108,34,Adequate,54.0,2026-05-31,A1
INV0008477,20241231,STR0106,PRD00077,95,47,Adequate,8.6,2026-06-10,B1
INV0008478,20241231,STR0106,PRD00078,86,10,Adequate,10.8,2026-06-08,C1
INV0008479,20241231,STR0106,PRD00079,103,28,Adequate,20.6,2026-07-02,D1
INV0008480,20241231,STR0106,PRD00080,136,11,Adequate,12.4,2026-06-23,D1
INV0008481,20241231,STR0107,PRD00001,86,50,Adequate,7.2,2026-06-14,B2
INV0008482,20241231,STR0107,PRD00002,52,17,Adequate,17.3,2026-06-06,C1
INV0008483,20241231,STR0107,PRD00003,161,44,Adequate,23.0,2026-05-27,C1
INV0008484,20241231,STR0107,PRD00004,0,27,Reorder Required,0.0,2026-05-25,C2
INV0008485,20241231,STR0107,PRD00005,166,40,Adequate,27.7,2026-06-25,B2
INV0008486,20241231,STR0107,PRD00006,11,33,Reorder Required,11.0,2026-06-13,C2
INV0008487,20241231,STR0107,PRD00007,195,39,Adequate,16.2,2026-06-09,C2
INV0008488,20241231,STR0107,PRD00008,158,20,Adequate,31.6,2026-06-13,B1
INV0008489,20241231,STR0107,PRD00009,183,38,Adequate,18.3,2026-05-09,B2
INV0008490,20241231,STR0107,PRD00010,98,30,Adequate,24.5,2026-06-26,B1
INV0008491,20241231,STR0107,PRD00011,78,36,Adequate,19.5,2026-06-28,C2
INV0008492,20241231,STR0107,PRD00012,133,13,Adequate,26.6,2026-06-18,C2
INV0008493,20241231,STR0107,PRD00013,113,34,Adequate,8.7,2026-05-28,A1
INV0008494,20241231,STR0107,PRD00014,119,27,Adequate,59.5,2026-05-24,B1
INV0008495,20241231,STR0107,PRD00015,150,27,Adequate,25.0,2026-05-17,D1
INV0008496,20241231,STR0107,PRD00016,162,31,Adequate,54.0,2026-05-23,C2
INV0008497,20241231,STR0107,PRD00017,2,50,Reorder Required,0.1,2026-06-18,B2
INV0008498,20241231,STR0107,PRD00018,188,24,Adequate,62.7,2026-06-25,D1
INV0008499,20241231,STR0107,PRD00019,1,23,Reorder Required,0.1,2026-05-08,A1
INV0008500,20241231,STR0107,PRD00020,54,37,Adequate,3.6,2026-06-03,A1
INV0008501,20241231,STR0107,PRD00021,128,24,Adequate,21.3,2026-06-01,A2
INV0008502,20241231,STR0107,PRD00022,40,12,Adequate,40.0,2026-07-06,D1
INV0008503,20241231,STR0107,PRD00023,170,37,Adequate,11.3,2026-05-29,B1
INV0008504,20241231,STR0107,PRD00024,148,16,Adequate,37.0,2026-06-27,D1
INV0008505,20241231,STR0107,PRD00025,120,36,Adequate,120.0,2026-06-06,C2
INV0008506,20241231,STR0107,PRD00026,49,15,Adequate,3.5,2026-06-17,C1
INV0008507,20241231,STR0107,PRD00027,160,46,Adequate,53.3,2026-05-30,A2
INV0008508,20241231,STR0107,PRD00028,24,18,Adequate,6.0,2026-06-17,D1
INV0008509,20241231,STR0107,PRD00029,114,10,Adequate,22.8,2026-07-04,D1
INV0008510,20241231,STR0107,PRD00030,14,12,Adequate,1.0,2026-05-31,C2
INV0008511,20241231,STR0107,PRD00031,101,44,Adequate,7.8,2026-05-19,C1
INV0008512,20241231,STR0107,PRD00032,174,31,Adequate,87.0,2026-07-04,A1
INV0008513,20241231,STR0107,PRD00033,65,33,Adequate,10.8,2026-05-12,C2
INV0008514,20241231,STR0107,PRD00034,92,33,Adequate,13.1,2026-05-19,B2
INV0008515,20241231,STR0107,PRD00035,54,23,Adequate,7.7,2026-05-20,C2
INV0008516,20241231,STR0107,PRD00036,15,40,Reorder Required,1.1,2026-05-24,A1
INV0008517,20241231,STR0107,PRD00037,31,23,Adequate,15.5,2026-05-31,A1
INV0008518,20241231,STR0107,PRD00038,158,27,Adequate,26.3,2026-06-05,B2
INV0008519,20241231,STR0107,PRD00039,117,38,Adequate,117.0,2026-06-30,D1
INV0008520,20241231,STR0107,PRD00040,10,44,Reorder Required,0.8,2026-06-05,A2
INV0008521,20241231,STR0107,PRD00041,197,33,Adequate,65.7,2026-06-18,A2
INV0008522,20241231,STR0107,PRD00042,87,14,Adequate,87.0,2026-06-21,D1
INV0008523,20241231,STR0107,PRD00043,103,21,Adequate,14.7,2026-05-08,C1
INV0008524,20241231,STR0107,PRD00044,14,19,Reorder Required,0.9,2026-06-26,B1
INV0008525,20241231,STR0107,PRD00045,99,11,Adequate,7.1,2026-05-30,B2
INV0008526,20241231,STR0107,PRD00046,78,40,Adequate,9.8,2026-05-10,B1
INV0008527,20241231,STR0107,PRD00047,16,14,Adequate,3.2,2026-07-03,A1
INV0008528,20241231,STR0107,PRD00048,35,31,Adequate,35.0,2026-06-12,A2
INV0008529,20241231,STR0107,PRD00049,192,41,Adequate,17.5,2026-06-19,A2
INV0008530,20241231,STR0107,PRD00050,16,39,Reorder Required,4.0,2026-06-20,A2
INV0008531,20241231,STR0107,PRD00051,115,26,Adequate,12.8,2026-05-09,A1
INV0008532,20241231,STR0107,PRD00052,36,13,Adequate,3.6,2026-06-10,B2
INV0008533,20241231,STR0107,PRD00053,41,20,Adequate,8.2,2026-06-28,D1
INV0008534,20241231,STR0107,PRD00054,94,19,Adequate,31.3,2026-05-15,D1
INV0008535,20241231,STR0107,PRD00055,7,38,Reorder Required,0.5,2026-05-11,A2
INV0008536,20241231,STR0107,PRD00056,100,30,Adequate,10.0,2026-06-20,A2
INV0008537,20241231,STR0107,PRD00057,121,44,Adequate,20.2,2026-06-11,A2
INV0008538,20241231,STR0107,PRD00058,2,19,Reorder Required,1.0,2026-06-26,B1
INV0008539,20241231,STR0107,PRD00059,11,44,Reorder Required,1.6,2026-06-05,C1
INV0008540,20241231,STR0107,PRD00060,107,28,Adequate,26.8,2026-05-25,D1
INV0008541,20241231,STR0107,PRD00061,126,38,Adequate,42.0,2026-05-29,B1
INV0008542,20241231,STR0107,PRD00062,168,18,Adequate,11.2,2026-05-22,C2
INV0008543,20241231,STR0107,PRD00063,99,24,Adequate,7.6,2026-05-13,B1
INV0008544,20241231,STR0107,PRD00064,114,22,Adequate,8.8,2026-05-24,D1
INV0008545,20241231,STR0107,PRD00065,12,22,Reorder Required,3.0,2026-06-30,C1
INV0008546,20241231,STR0107,PRD00066,35,15,Adequate,11.7,2026-06-28,A1
INV0008547,20241231,STR0107,PRD00067,65,42,Adequate,5.9,2026-06-24,A2
INV0008548,20241231,STR0107,PRD00068,90,37,Adequate,8.2,2026-05-31,B1
INV0008549,20241231,STR0107,PRD00069,9,29,Reorder Required,9.0,2026-05-19,C1
INV0008550,20241231,STR0107,PRD00070,32,38,Reorder Required,6.4,2026-05-22,D1
INV0008551,20241231,STR0107,PRD00071,1,37,Reorder Required,0.1,2026-05-11,B2
INV0008552,20241231,STR0107,PRD00072,116,15,Adequate,14.5,2026-07-06,C2
INV0008553,20241231,STR0107,PRD00073,112,31,Adequate,9.3,2026-05-26,A2
INV0008554,20241231,STR0107,PRD00074,79,10,Adequate,39.5,2026-06-28,C2
INV0008555,20241231,STR0107,PRD00075,187,39,Adequate,17.0,2026-06-05,A1
INV0008556,20241231,STR0107,PRD00076,41,34,Adequate,8.2,2026-06-13,D1
INV0008557,20241231,STR0107,PRD00077,31,47,Reorder Required,2.6,2026-06-21,B1
INV0008558,20241231,STR0107,PRD00078,84,10,Adequate,6.5,2026-06-10,A2
INV0008559,20241231,STR0107,PRD00079,20,28,Reorder Required,1.7,2026-06-22,A1
INV0008560,20241231,STR0107,PRD00080,178,11,Adequate,16.2,2026-07-05,C2
INV0008561,20241231,STR0108,PRD00001,141,50,Adequate,9.4,2026-05-17,D1
INV0008562,20241231,STR0108,PRD00002,25,17,Adequate,2.3,2026-05-20,B2
INV0008563,20241231,STR0108,PRD00003,183,44,Adequate,20.3,2026-07-04,D1
INV0008564,20241231,STR0108,PRD00004,56,27,Adequate,28.0,2026-06-08,B2
INV0008565,20241231,STR0108,PRD00005,36,40,Reorder Required,12.0,2026-05-08,D1
INV0008566,20241231,STR0108,PRD00006,181,33,Adequate,22.6,2026-06-16,C1
INV0008567,20241231,STR0108,PRD00007,150,39,Adequate,13.6,2026-05-17,A1
INV0008568,20241231,STR0108,PRD00008,143,20,Adequate,143.0,2026-06-13,A1
INV0008569,20241231,STR0108,PRD00009,25,38,Reorder Required,8.3,2026-05-17,C1
INV0008570,20241231,STR0108,PRD00010,43,30,Adequate,6.1,2026-06-29,C2
INV0008571,20241231,STR0108,PRD00011,102,36,Adequate,6.8,2026-06-05,D1
INV0008572,20241231,STR0108,PRD00012,80,13,Adequate,10.0,2026-06-27,D1
INV0008573,20241231,STR0108,PRD00013,12,34,Reorder Required,4.0,2026-06-26,B2
INV0008574,20241231,STR0108,PRD00014,75,27,Adequate,18.8,2026-06-23,A1
INV0008575,20241231,STR0108,PRD00015,61,27,Adequate,15.2,2026-05-11,C2
INV0008576,20241231,STR0108,PRD00016,115,31,Adequate,23.0,2026-06-23,D1
INV0008577,20241231,STR0108,PRD00017,115,50,Adequate,8.2,2026-06-28,B2
INV0008578,20241231,STR0108,PRD00018,125,24,Adequate,15.6,2026-05-11,B1
INV0008579,20241231,STR0108,PRD00019,144,23,Adequate,36.0,2026-05-30,C1
INV0008580,20241231,STR0108,PRD00020,158,37,Adequate,26.3,2026-06-20,B2
INV0008581,20241231,STR0108,PRD00021,194,24,Adequate,19.4,2026-07-03,C2
INV0008582,20241231,STR0108,PRD00022,154,12,Adequate,77.0,2026-05-08,B2
INV0008583,20241231,STR0108,PRD00023,77,37,Adequate,38.5,2026-06-20,A2
INV0008584,20241231,STR0108,PRD00024,51,16,Adequate,3.6,2026-06-17,A1
INV0008585,20241231,STR0108,PRD00025,186,36,Adequate,26.6,2026-05-15,A1
INV0008586,20241231,STR0108,PRD00026,0,15,Reorder Required,0.0,2026-06-12,B2
INV0008587,20241231,STR0108,PRD00027,142,46,Adequate,71.0,2026-05-16,A2
INV0008588,20241231,STR0108,PRD00028,69,18,Adequate,8.6,2026-05-11,C2
INV0008589,20241231,STR0108,PRD00029,155,10,Adequate,19.4,2026-05-31,A1
INV0008590,20241231,STR0108,PRD00030,105,12,Adequate,35.0,2026-06-17,C1
INV0008591,20241231,STR0108,PRD00031,105,44,Adequate,15.0,2026-06-14,C1
INV0008592,20241231,STR0108,PRD00032,185,31,Adequate,13.2,2026-06-03,A2
INV0008593,20241231,STR0108,PRD00033,81,33,Adequate,6.8,2026-06-27,D1
INV0008594,20241231,STR0108,PRD00034,162,33,Adequate,54.0,2026-06-07,D1
INV0008595,20241231,STR0108,PRD00035,95,23,Adequate,95.0,2026-05-15,C2
INV0008596,20241231,STR0108,PRD00036,143,40,Adequate,15.9,2026-05-11,A1
INV0008597,20241231,STR0108,PRD00037,171,23,Adequate,57.0,2026-05-17,B2
INV0008598,20241231,STR0108,PRD00038,197,27,Adequate,65.7,2026-05-16,B1
INV0008599,20241231,STR0108,PRD00039,142,38,Adequate,28.4,2026-06-27,A2
INV0008600,20241231,STR0108,PRD00040,182,44,Adequate,30.3,2026-06-27,B2
INV0008601,20241231,STR0108,PRD00041,9,33,Reorder Required,1.0,2026-05-15,B1
INV0008602,20241231,STR0108,PRD00042,2,14,Reorder Required,0.1,2026-07-03,A1
INV0008603,20241231,STR0108,PRD00043,122,21,Adequate,15.2,2026-06-13,C1
INV0008604,20241231,STR0108,PRD00044,67,19,Adequate,6.7,2026-06-18,A1
INV0008605,20241231,STR0108,PRD00045,152,11,Adequate,11.7,2026-06-29,A1
INV0008606,20241231,STR0108,PRD00046,91,40,Adequate,13.0,2026-06-14,D1
INV0008607,20241231,STR0108,PRD00047,97,14,Adequate,13.9,2026-06-25,A2
INV0008608,20241231,STR0108,PRD00048,22,31,Reorder Required,3.7,2026-06-14,A1
INV0008609,20241231,STR0108,PRD00049,148,41,Adequate,148.0,2026-06-19,D1
INV0008610,20241231,STR0108,PRD00050,111,39,Adequate,11.1,2026-05-30,B1
INV0008611,20241231,STR0108,PRD00051,53,26,Adequate,17.7,2026-07-03,A1
INV0008612,20241231,STR0108,PRD00052,123,13,Adequate,9.5,2026-07-01,C1
INV0008613,20241231,STR0108,PRD00053,65,20,Adequate,7.2,2026-06-22,A2
INV0008614,20241231,STR0108,PRD00054,140,19,Adequate,17.5,2026-05-26,B1
INV0008615,20241231,STR0108,PRD00055,151,38,Adequate,25.2,2026-05-15,B2
INV0008616,20241231,STR0108,PRD00056,169,30,Adequate,16.9,2026-05-26,D1
INV0008617,20241231,STR0108,PRD00057,59,44,Adequate,5.4,2026-05-10,D1
INV0008618,20241231,STR0108,PRD00058,160,19,Adequate,32.0,2026-06-30,C2
INV0008619,20241231,STR0108,PRD00059,9,44,Reorder Required,0.6,2026-05-16,B1
INV0008620,20241231,STR0108,PRD00060,169,28,Adequate,33.8,2026-05-10,A2
INV0008621,20241231,STR0108,PRD00061,189,38,Adequate,63.0,2026-07-03,B1
INV0008622,20241231,STR0108,PRD00062,55,18,Adequate,18.3,2026-06-24,A1
INV0008623,20241231,STR0108,PRD00063,1,24,Reorder Required,0.1,2026-06-27,B2
INV0008624,20241231,STR0108,PRD00064,5,22,Reorder Required,0.4,2026-06-03,B1
INV0008625,20241231,STR0108,PRD00065,76,22,Adequate,10.9,2026-06-09,C1
INV0008626,20241231,STR0108,PRD00066,108,15,Adequate,36.0,2026-05-31,C2
INV0008627,20241231,STR0108,PRD00067,151,42,Adequate,18.9,2026-05-16,B2
INV0008628,20241231,STR0108,PRD00068,171,37,Adequate,12.2,2026-06-21,B1
INV0008629,20241231,STR0108,PRD00069,50,29,Adequate,7.1,2026-05-25,A2
INV0008630,20241231,STR0108,PRD00070,134,38,Adequate,14.9,2026-06-12,B1
INV0008631,20241231,STR0108,PRD00071,57,37,Adequate,5.7,2026-05-26,B1
INV0008632,20241231,STR0108,PRD00072,7,15,Reorder Required,0.7,2026-05-17,B1
INV0008633,20241231,STR0108,PRD00073,36,31,Adequate,6.0,2026-07-01,A2
INV0008634,20241231,STR0108,PRD00074,80,10,Adequate,10.0,2026-06-04,A1
INV0008635,20241231,STR0108,PRD00075,56,39,Adequate,5.6,2026-05-23,D1
INV0008636,20241231,STR0108,PRD00076,146,34,Adequate,11.2,2026-05-12,B2
INV0008637,20241231,STR0108,PRD00077,141,47,Adequate,9.4,2026-05-15,B2
INV0008638,20241231,STR0108,PRD00078,87,10,Adequate,6.2,2026-06-01,B2
INV0008639,20241231,STR0108,PRD00079,112,28,Adequate,37.3,2026-05-30,D1
INV0008640,20241231,STR0108,PRD00080,113,11,Adequate,8.1,2026-06-30,B1
INV0008641,20241231,STR0109,PRD00001,147,50,Adequate,36.8,2026-05-29,A2
INV0008642,20241231,STR0109,PRD00002,105,17,Adequate,9.5,2026-05-14,A1
INV0008643,20241231,STR0109,PRD00003,165,44,Adequate,20.6,2026-06-12,A2
INV0008644,20241231,STR0109,PRD00004,102,27,Adequate,11.3,2026-05-18,A2
INV0008645,20241231,STR0109,PRD00005,41,40,Adequate,13.7,2026-06-03,B1
INV0008646,20241231,STR0109,PRD00006,68,33,Adequate,4.5,2026-05-20,C2
INV0008647,20241231,STR0109,PRD00007,111,39,Adequate,37.0,2026-06-01,C1
INV0008648,20241231,STR0109,PRD00008,133,20,Adequate,16.6,2026-06-07,B1
INV0008649,20241231,STR0109,PRD00009,167,38,Adequate,55.7,2026-05-12,B2
INV0008650,20241231,STR0109,PRD00010,43,30,Adequate,5.4,2026-05-26,B2
INV0008651,20241231,STR0109,PRD00011,28,36,Reorder Required,28.0,2026-06-25,A2
INV0008652,20241231,STR0109,PRD00012,97,13,Adequate,19.4,2026-06-28,B2
INV0008653,20241231,STR0109,PRD00013,64,34,Adequate,6.4,2026-05-20,B2
INV0008654,20241231,STR0109,PRD00014,153,27,Adequate,76.5,2026-05-25,D1
INV0008655,20241231,STR0109,PRD00015,171,27,Adequate,14.2,2026-05-17,C2
INV0008656,20241231,STR0109,PRD00016,110,31,Adequate,12.2,2026-06-15,A2
INV0008657,20241231,STR0109,PRD00017,186,50,Adequate,13.3,2026-06-29,A2
INV0008658,20241231,STR0109,PRD00018,146,24,Adequate,48.7,2026-06-06,C2
INV0008659,20241231,STR0109,PRD00019,135,23,Adequate,12.3,2026-06-24,A1
INV0008660,20241231,STR0109,PRD00020,145,37,Adequate,9.7,2026-07-01,C2
INV0008661,20241231,STR0109,PRD00021,73,24,Adequate,24.3,2026-07-04,C2
INV0008662,20241231,STR0109,PRD00022,13,12,Adequate,13.0,2026-05-26,A1
INV0008663,20241231,STR0109,PRD00023,101,37,Adequate,9.2,2026-06-23,A2
INV0008664,20241231,STR0109,PRD00024,123,16,Adequate,10.2,2026-06-11,A2
INV0008665,20241231,STR0109,PRD00025,71,36,Adequate,7.1,2026-05-10,A2
INV0008666,20241231,STR0109,PRD00026,38,15,Adequate,3.8,2026-05-15,B2
INV0008667,20241231,STR0109,PRD00027,114,46,Adequate,8.1,2026-07-01,D1
INV0008668,20241231,STR0109,PRD00028,167,18,Adequate,16.7,2026-06-02,C2
INV0008669,20241231,STR0109,PRD00029,63,10,Adequate,15.8,2026-05-11,A2
INV0008670,20241231,STR0109,PRD00030,170,12,Adequate,15.5,2026-05-10,C1
INV0008671,20241231,STR0109,PRD00031,110,44,Adequate,22.0,2026-05-23,B2
INV0008672,20241231,STR0109,PRD00032,51,31,Adequate,25.5,2026-06-16,B1
INV0008673,20241231,STR0109,PRD00033,50,33,Adequate,12.5,2026-05-19,A1
INV0008674,20241231,STR0109,PRD00034,52,33,Adequate,5.2,2026-05-29,B2
INV0008675,20241231,STR0109,PRD00035,158,23,Adequate,15.8,2026-05-27,D1
INV0008676,20241231,STR0109,PRD00036,93,40,Adequate,46.5,2026-06-07,D1
INV0008677,20241231,STR0109,PRD00037,65,23,Adequate,32.5,2026-05-28,D1
INV0008678,20241231,STR0109,PRD00038,54,27,Adequate,3.6,2026-06-15,B2
INV0008679,20241231,STR0109,PRD00039,166,38,Adequate,20.8,2026-05-25,A1
INV0008680,20241231,STR0109,PRD00040,66,44,Adequate,5.1,2026-06-09,A2
INV0008681,20241231,STR0109,PRD00041,18,33,Reorder Required,4.5,2026-05-16,D1
INV0008682,20241231,STR0109,PRD00042,34,14,Adequate,2.6,2026-06-29,D1
INV0008683,20241231,STR0109,PRD00043,94,21,Adequate,10.4,2026-06-25,B2
INV0008684,20241231,STR0109,PRD00044,140,19,Adequate,70.0,2026-05-13,A2
INV0008685,20241231,STR0109,PRD00045,29,11,Adequate,2.1,2026-06-13,C2
INV0008686,20241231,STR0109,PRD00046,147,40,Adequate,29.4,2026-06-10,A1
INV0008687,20241231,STR0109,PRD00047,39,14,Adequate,3.0,2026-07-05,A1
INV0008688,20241231,STR0109,PRD00048,129,31,Adequate,129.0,2026-06-08,A1
INV0008689,20241231,STR0109,PRD00049,78,41,Adequate,78.0,2026-06-28,B1
INV0008690,20241231,STR0109,PRD00050,196,39,Adequate,21.8,2026-05-30,C2
INV0008691,20241231,STR0109,PRD00051,23,26,Reorder Required,1.9,2026-06-17,D1
INV0008692,20241231,STR0109,PRD00052,157,13,Adequate,19.6,2026-05-27,B1
INV0008693,20241231,STR0109,PRD00053,67,20,Adequate,33.5,2026-05-18,B2
INV0008694,20241231,STR0109,PRD00054,38,19,Adequate,3.8,2026-05-23,A2
INV0008695,20241231,STR0109,PRD00055,37,38,Reorder Required,3.1,2026-06-19,C1
INV0008696,20241231,STR0109,PRD00056,48,30,Adequate,24.0,2026-06-29,A1
INV0008697,20241231,STR0109,PRD00057,99,44,Adequate,99.0,2026-06-18,D1
INV0008698,20241231,STR0109,PRD00058,12,19,Reorder Required,0.9,2026-05-28,D1
INV0008699,20241231,STR0109,PRD00059,50,44,Adequate,5.0,2026-06-25,C1
INV0008700,20241231,STR0109,PRD00060,70,28,Adequate,11.7,2026-05-18,B2
INV0008701,20241231,STR0109,PRD00061,75,38,Adequate,5.4,2026-07-02,B1
INV0008702,20241231,STR0109,PRD00062,196,18,Adequate,24.5,2026-06-07,C2
INV0008703,20241231,STR0109,PRD00063,46,24,Adequate,46.0,2026-06-15,D1
INV0008704,20241231,STR0109,PRD00064,135,22,Adequate,13.5,2026-06-15,D1
INV0008705,20241231,STR0109,PRD00065,174,22,Adequate,17.4,2026-05-28,D1
INV0008706,20241231,STR0109,PRD00066,86,15,Adequate,86.0,2026-05-21,A1
INV0008707,20241231,STR0109,PRD00067,133,42,Adequate,8.9,2026-06-13,D1
INV0008708,20241231,STR0109,PRD00068,193,37,Adequate,19.3,2026-05-10,B2
INV0008709,20241231,STR0109,PRD00069,111,29,Adequate,22.2,2026-05-10,C2
INV0008710,20241231,STR0109,PRD00070,53,38,Adequate,5.9,2026-06-06,A2
INV0008711,20241231,STR0109,PRD00071,114,37,Adequate,11.4,2026-06-02,C1
INV0008712,20241231,STR0109,PRD00072,184,15,Adequate,36.8,2026-07-01,C1
INV0008713,20241231,STR0109,PRD00073,101,31,Adequate,20.2,2026-05-28,C2
INV0008714,20241231,STR0109,PRD00074,15,10,Adequate,5.0,2026-05-17,C2
INV0008715,20241231,STR0109,PRD00075,8,39,Reorder Required,0.7,2026-06-28,A2
INV0008716,20241231,STR0109,PRD00076,123,34,Adequate,10.2,2026-07-01,D1
INV0008717,20241231,STR0109,PRD00077,141,47,Adequate,20.1,2026-05-15,D1
INV0008718,20241231,STR0109,PRD00078,69,10,Adequate,34.5,2026-05-21,B1
INV0008719,20241231,STR0109,PRD00079,187,28,Adequate,17.0,2026-06-03,C1
INV0008720,20241231,STR0109,PRD00080,171,11,Adequate,28.5,2026-05-20,B2
INV0008721,20241231,STR0110,PRD00001,33,50,Reorder Required,16.5,2026-05-12,C1
INV0008722,20241231,STR0110,PRD00002,57,17,Adequate,4.1,2026-06-25,B2
INV0008723,20241231,STR0110,PRD00003,126,44,Adequate,11.5,2026-07-01,A1
INV0008724,20241231,STR0110,PRD00004,147,27,Adequate,36.8,2026-05-13,C1
INV0008725,20241231,STR0110,PRD00005,27,40,Reorder Required,9.0,2026-06-01,D1
INV0008726,20241231,STR0110,PRD00006,84,33,Adequate,7.6,2026-06-09,B2
INV0008727,20241231,STR0110,PRD00007,101,39,Adequate,12.6,2026-05-30,C2
INV0008728,20241231,STR0110,PRD00008,197,20,Adequate,16.4,2026-06-20,C1
INV0008729,20241231,STR0110,PRD00009,96,38,Adequate,32.0,2026-06-29,A1
INV0008730,20241231,STR0110,PRD00010,103,30,Adequate,25.8,2026-06-29,C2
INV0008731,20241231,STR0110,PRD00011,18,36,Reorder Required,4.5,2026-05-16,D1
INV0008732,20241231,STR0110,PRD00012,170,13,Adequate,28.3,2026-06-21,C2
INV0008733,20241231,STR0110,PRD00013,145,34,Adequate,12.1,2026-07-02,B1
INV0008734,20241231,STR0110,PRD00014,42,27,Adequate,42.0,2026-06-04,A1
INV0008735,20241231,STR0110,PRD00015,85,27,Adequate,42.5,2026-05-09,A2
INV0008736,20241231,STR0110,PRD00016,179,31,Adequate,179.0,2026-06-20,A1
INV0008737,20241231,STR0110,PRD00017,124,50,Adequate,17.7,2026-06-12,B1
INV0008738,20241231,STR0110,PRD00018,44,24,Adequate,8.8,2026-07-02,C1
INV0008739,20241231,STR0110,PRD00019,112,23,Adequate,18.7,2026-05-13,A2
INV0008740,20241231,STR0110,PRD00020,33,37,Reorder Required,33.0,2026-05-11,C1
INV0008741,20241231,STR0110,PRD00021,79,24,Adequate,6.6,2026-06-05,D1
INV0008742,20241231,STR0110,PRD00022,140,12,Adequate,14.0,2026-07-04,C1
INV0008743,20241231,STR0110,PRD00023,128,37,Adequate,10.7,2026-05-28,A1
INV0008744,20241231,STR0110,PRD00024,158,16,Adequate,14.4,2026-05-25,A2
INV0008745,20241231,STR0110,PRD00025,14,36,Reorder Required,7.0,2026-05-30,B1
INV0008746,20241231,STR0110,PRD00026,157,15,Adequate,78.5,2026-05-15,C1
INV0008747,20241231,STR0110,PRD00027,162,46,Adequate,13.5,2026-07-05,D1
INV0008748,20241231,STR0110,PRD00028,141,18,Adequate,47.0,2026-06-09,A1
INV0008749,20241231,STR0110,PRD00029,200,10,Adequate,100.0,2026-06-16,A2
INV0008750,20241231,STR0110,PRD00030,198,12,Adequate,99.0,2026-06-01,B1
INV0008751,20241231,STR0110,PRD00031,131,44,Adequate,43.7,2026-05-19,D1
INV0008752,20241231,STR0110,PRD00032,36,31,Adequate,3.0,2026-07-04,A2
INV0008753,20241231,STR0110,PRD00033,42,33,Adequate,7.0,2026-06-09,C2
INV0008754,20241231,STR0110,PRD00034,38,33,Adequate,38.0,2026-06-17,B1
INV0008755,20241231,STR0110,PRD00035,122,23,Adequate,13.6,2026-06-02,A1
INV0008756,20241231,STR0110,PRD00036,122,40,Adequate,12.2,2026-06-16,C1
INV0008757,20241231,STR0110,PRD00037,112,23,Adequate,8.6,2026-06-10,C2
INV0008758,20241231,STR0110,PRD00038,0,27,Reorder Required,0.0,2026-05-25,B2
INV0008759,20241231,STR0110,PRD00039,31,38,Reorder Required,2.2,2026-06-03,D1
INV0008760,20241231,STR0110,PRD00040,109,44,Adequate,21.8,2026-06-13,B2
INV0008761,20241231,STR0110,PRD00041,53,33,Adequate,8.8,2026-05-18,C2
INV0008762,20241231,STR0110,PRD00042,47,14,Adequate,3.6,2026-06-30,B2
INV0008763,20241231,STR0110,PRD00043,179,21,Adequate,29.8,2026-06-04,A1
INV0008764,20241231,STR0110,PRD00044,182,19,Adequate,15.2,2026-06-29,C1
INV0008765,20241231,STR0110,PRD00045,198,11,Adequate,15.2,2026-06-18,A1
INV0008766,20241231,STR0110,PRD00046,30,40,Reorder Required,4.3,2026-05-23,A2
INV0008767,20241231,STR0110,PRD00047,150,14,Adequate,150.0,2026-06-29,B2
INV0008768,20241231,STR0110,PRD00048,39,31,Adequate,3.9,2026-05-29,A1
INV0008769,20241231,STR0110,PRD00049,165,41,Adequate,16.5,2026-06-29,C1
INV0008770,20241231,STR0110,PRD00050,173,39,Adequate,57.7,2026-06-07,B1
INV0008771,20241231,STR0110,PRD00051,142,26,Adequate,14.2,2026-05-09,C2
INV0008772,20241231,STR0110,PRD00052,26,13,Adequate,4.3,2026-06-12,A1
INV0008773,20241231,STR0110,PRD00053,82,20,Adequate,5.9,2026-07-03,C2
INV0008774,20241231,STR0110,PRD00054,149,19,Adequate,74.5,2026-06-06,A1
INV0008775,20241231,STR0110,PRD00055,121,38,Adequate,20.2,2026-07-04,D1
INV0008776,20241231,STR0110,PRD00056,19,30,Reorder Required,2.7,2026-07-04,B2
INV0008777,20241231,STR0110,PRD00057,20,44,Reorder Required,1.5,2026-05-30,D1
INV0008778,20241231,STR0110,PRD00058,36,19,Adequate,36.0,2026-06-08,A2
INV0008779,20241231,STR0110,PRD00059,96,44,Adequate,10.7,2026-06-25,D1
INV0008780,20241231,STR0110,PRD00060,45,28,Adequate,5.6,2026-05-30,B2
INV0008781,20241231,STR0110,PRD00061,122,38,Adequate,17.4,2026-06-12,C2
INV0008782,20241231,STR0110,PRD00062,10,18,Reorder Required,1.2,2026-06-07,A1
INV0008783,20241231,STR0110,PRD00063,49,24,Adequate,4.1,2026-05-31,A2
INV0008784,20241231,STR0110,PRD00064,3,22,Reorder Required,0.2,2026-06-24,B1
INV0008785,20241231,STR0110,PRD00065,8,22,Reorder Required,0.9,2026-06-08,D1
INV0008786,20241231,STR0110,PRD00066,148,15,Adequate,29.6,2026-06-29,B2
INV0008787,20241231,STR0110,PRD00067,82,42,Adequate,13.7,2026-06-30,D1
INV0008788,20241231,STR0110,PRD00068,68,37,Adequate,11.3,2026-06-26,B1
INV0008789,20241231,STR0110,PRD00069,115,29,Adequate,7.7,2026-06-10,A1
INV0008790,20241231,STR0110,PRD00070,113,38,Adequate,28.2,2026-07-02,A2
INV0008791,20241231,STR0110,PRD00071,68,37,Adequate,5.2,2026-06-09,C1
INV0008792,20241231,STR0110,PRD00072,128,15,Adequate,128.0,2026-05-19,C2
INV0008793,20241231,STR0110,PRD00073,76,31,Adequate,15.2,2026-06-26,B2
INV0008794,20241231,STR0110,PRD00074,165,10,Adequate,16.5,2026-05-23,A2
INV0008795,20241231,STR0110,PRD00075,110,39,Adequate,8.5,2026-05-23,D1
INV0008796,20241231,STR0110,PRD00076,55,34,Adequate,6.9,2026-07-06,C1
INV0008797,20241231,STR0110,PRD00077,103,47,Adequate,10.3,2026-06-25,C2
INV0008798,20241231,STR0110,PRD00078,194,10,Adequate,194.0,2026-06-25,A2
INV0008799,20241231,STR0110,PRD00079,33,28,Adequate,2.4,2026-06-17,C1
INV0008800,20241231,STR0110,PRD00080,148,11,Adequate,11.4,2026-05-31,D1
INV0008801,20241231,STR0111,PRD00001,184,50,Adequate,26.3,2026-06-10,B1
INV0008802,20241231,STR0111,PRD00002,163,17,Adequate,81.5,2026-06-01,B1
INV0008803,20241231,STR0111,PRD00003,70,44,Adequate,7.8,2026-06-27,D1
INV0008804,20241231,STR0111,PRD00004,165,27,Adequate,13.8,2026-06-17,D1
INV0008805,20241231,STR0111,PRD00005,17,40,Reorder Required,2.8,2026-06-03,B1
INV0008806,20241231,STR0111,PRD00006,9,33,Reorder Required,0.6,2026-06-22,B2
INV0008807,20241231,STR0111,PRD00007,142,39,Adequate,142.0,2026-05-25,C1
INV0008808,20241231,STR0111,PRD00008,106,20,Adequate,106.0,2026-06-07,A1
INV0008809,20241231,STR0111,PRD00009,85,38,Adequate,10.6,2026-06-28,D1
INV0008810,20241231,STR0111,PRD00010,50,30,Adequate,3.8,2026-06-15,B1
INV0008811,20241231,STR0111,PRD00011,78,36,Adequate,6.5,2026-06-18,C1
INV0008812,20241231,STR0111,PRD00012,9,13,Reorder Required,0.9,2026-06-08,D1
INV0008813,20241231,STR0111,PRD00013,144,34,Adequate,12.0,2026-06-16,B2
INV0008814,20241231,STR0111,PRD00014,95,27,Adequate,7.9,2026-06-10,C1
INV0008815,20241231,STR0111,PRD00015,19,27,Reorder Required,3.2,2026-05-09,C1
INV0008816,20241231,STR0111,PRD00016,16,31,Reorder Required,1.5,2026-05-14,A1
INV0008817,20241231,STR0111,PRD00017,94,50,Adequate,94.0,2026-06-17,B2
INV0008818,20241231,STR0111,PRD00018,20,24,Reorder Required,3.3,2026-05-31,D1
INV0008819,20241231,STR0111,PRD00019,39,23,Adequate,5.6,2026-05-18,A2
INV0008820,20241231,STR0111,PRD00020,121,37,Adequate,12.1,2026-05-08,B1
INV0008821,20241231,STR0111,PRD00021,134,24,Adequate,26.8,2026-06-24,B2
INV0008822,20241231,STR0111,PRD00022,12,12,Reorder Required,0.9,2026-06-19,A1
INV0008823,20241231,STR0111,PRD00023,86,37,Adequate,17.2,2026-05-24,A2
INV0008824,20241231,STR0111,PRD00024,199,16,Adequate,49.8,2026-05-11,C2
INV0008825,20241231,STR0111,PRD00025,155,36,Adequate,51.7,2026-06-15,A2
INV0008826,20241231,STR0111,PRD00026,112,15,Adequate,10.2,2026-05-28,A1
INV0008827,20241231,STR0111,PRD00027,54,46,Adequate,3.9,2026-06-03,C2
INV0008828,20241231,STR0111,PRD00028,25,18,Adequate,25.0,2026-06-28,B1
INV0008829,20241231,STR0111,PRD00029,66,10,Adequate,4.4,2026-06-17,A2
INV0008830,20241231,STR0111,PRD00030,6,12,Reorder Required,1.5,2026-06-17,B1
INV0008831,20241231,STR0111,PRD00031,181,44,Adequate,45.2,2026-05-26,A1
INV0008832,20241231,STR0111,PRD00032,133,31,Adequate,44.3,2026-07-03,B1
INV0008833,20241231,STR0111,PRD00033,74,33,Adequate,74.0,2026-06-17,B2
INV0008834,20241231,STR0111,PRD00034,52,33,Adequate,5.8,2026-06-13,C1
INV0008835,20241231,STR0111,PRD00035,45,23,Adequate,3.0,2026-07-03,C2
INV0008836,20241231,STR0111,PRD00036,151,40,Adequate,10.1,2026-07-05,B2
INV0008837,20241231,STR0111,PRD00037,164,23,Adequate,27.3,2026-05-18,D1
INV0008838,20241231,STR0111,PRD00038,194,27,Adequate,12.9,2026-05-19,B2
INV0008839,20241231,STR0111,PRD00039,187,38,Adequate,37.4,2026-05-10,A1
INV0008840,20241231,STR0111,PRD00040,149,44,Adequate,12.4,2026-06-05,C2
INV0008841,20241231,STR0111,PRD00041,30,33,Reorder Required,2.0,2026-05-30,D1
INV0008842,20241231,STR0111,PRD00042,90,14,Adequate,15.0,2026-06-30,C1
INV0008843,20241231,STR0111,PRD00043,142,21,Adequate,9.5,2026-05-09,B2
INV0008844,20241231,STR0111,PRD00044,45,19,Adequate,9.0,2026-06-10,C1
INV0008845,20241231,STR0111,PRD00045,146,11,Adequate,29.2,2026-06-07,B1
INV0008846,20241231,STR0111,PRD00046,198,40,Adequate,13.2,2026-06-18,A1
INV0008847,20241231,STR0111,PRD00047,43,14,Adequate,3.1,2026-07-02,B1
INV0008848,20241231,STR0111,PRD00048,31,31,Reorder Required,10.3,2026-06-19,D1
INV0008849,20241231,STR0111,PRD00049,55,41,Adequate,13.8,2026-05-15,D1
INV0008850,20241231,STR0111,PRD00050,87,39,Adequate,7.2,2026-05-14,C1
INV0008851,20241231,STR0111,PRD00051,34,26,Adequate,3.4,2026-06-28,C2
INV0008852,20241231,STR0111,PRD00052,140,13,Adequate,15.6,2026-05-14,B1
INV0008853,20241231,STR0111,PRD00053,81,20,Adequate,10.1,2026-06-15,C1
INV0008854,20241231,STR0111,PRD00054,108,19,Adequate,9.8,2026-05-27,D1
INV0008855,20241231,STR0111,PRD00055,18,38,Reorder Required,1.4,2026-05-29,A1
INV0008856,20241231,STR0111,PRD00056,0,30,Reorder Required,0.0,2026-06-13,A1
INV0008857,20241231,STR0111,PRD00057,169,44,Adequate,84.5,2026-05-19,C2
INV0008858,20241231,STR0111,PRD00058,50,19,Adequate,3.6,2026-06-22,B2
INV0008859,20241231,STR0111,PRD00059,158,44,Adequate,10.5,2026-06-29,B1
INV0008860,20241231,STR0111,PRD00060,140,28,Adequate,12.7,2026-05-20,B2
INV0008861,20241231,STR0111,PRD00061,131,38,Adequate,26.2,2026-07-01,B1
INV0008862,20241231,STR0111,PRD00062,15,18,Reorder Required,1.1,2026-06-20,D1
INV0008863,20241231,STR0111,PRD00063,156,24,Adequate,78.0,2026-05-21,A2
INV0008864,20241231,STR0111,PRD00064,94,22,Adequate,23.5,2026-06-17,C2
INV0008865,20241231,STR0111,PRD00065,18,22,Reorder Required,6.0,2026-06-04,A2
INV0008866,20241231,STR0111,PRD00066,46,15,Adequate,3.1,2026-05-08,C2
INV0008867,20241231,STR0111,PRD00067,5,42,Reorder Required,0.8,2026-05-18,B2
INV0008868,20241231,STR0111,PRD00068,30,37,Reorder Required,6.0,2026-05-25,A2
INV0008869,20241231,STR0111,PRD00069,34,29,Adequate,2.8,2026-05-30,B1
INV0008870,20241231,STR0111,PRD00070,138,38,Adequate,15.3,2026-06-27,A2
INV0008871,20241231,STR0111,PRD00071,79,37,Adequate,7.2,2026-05-26,C1
INV0008872,20241231,STR0111,PRD00072,30,15,Adequate,3.8,2026-05-28,A1
INV0008873,20241231,STR0111,PRD00073,154,31,Adequate,22.0,2026-06-15,A2
INV0008874,20241231,STR0111,PRD00074,62,10,Adequate,12.4,2026-05-15,A1
INV0008875,20241231,STR0111,PRD00075,34,39,Reorder Required,6.8,2026-07-01,C1
INV0008876,20241231,STR0111,PRD00076,32,34,Reorder Required,8.0,2026-06-15,A2
INV0008877,20241231,STR0111,PRD00077,23,47,Reorder Required,1.5,2026-06-28,A2
INV0008878,20241231,STR0111,PRD00078,33,10,Adequate,3.0,2026-05-24,B2
INV0008879,20241231,STR0111,PRD00079,0,28,Reorder Required,0.0,2026-07-03,B1
INV0008880,20241231,STR0111,PRD00080,126,11,Adequate,25.2,2026-06-20,D1
INV0008881,20241231,STR0112,PRD00001,186,50,Adequate,26.6,2026-05-21,B2
INV0008882,20241231,STR0112,PRD00002,160,17,Adequate,17.8,2026-05-28,B2
INV0008883,20241231,STR0112,PRD00003,22,44,Reorder Required,3.7,2026-06-02,B1
INV0008884,20241231,STR0112,PRD00004,153,27,Adequate,19.1,2026-06-19,A2
INV0008885,20241231,STR0112,PRD00005,151,40,Adequate,10.1,2026-05-13,B2
INV0008886,20241231,STR0112,PRD00006,149,33,Adequate,149.0,2026-05-26,A2
INV0008887,20241231,STR0112,PRD00007,85,39,Adequate,7.7,2026-06-03,D1
INV0008888,20241231,STR0112,PRD00008,113,20,Adequate,12.6,2026-06-04,C1
INV0008889,20241231,STR0112,PRD00009,154,38,Adequate,10.3,2026-06-23,A2
INV0008890,20241231,STR0112,PRD00010,187,30,Adequate,15.6,2026-07-01,A2
INV0008891,20241231,STR0112,PRD00011,101,36,Adequate,16.8,2026-05-29,C1
INV0008892,20241231,STR0112,PRD00012,57,13,Adequate,8.1,2026-05-21,B2
INV0008893,20241231,STR0112,PRD00013,59,34,Adequate,14.8,2026-05-13,B2
INV0008894,20241231,STR0112,PRD00014,189,27,Adequate,37.8,2026-05-19,B2
INV0008895,20241231,STR0112,PRD00015,156,27,Adequate,31.2,2026-06-06,A1
INV0008896,20241231,STR0112,PRD00016,163,31,Adequate,18.1,2026-07-02,B1
INV0008897,20241231,STR0112,PRD00017,200,50,Adequate,28.6,2026-06-22,B2
INV0008898,20241231,STR0112,PRD00018,130,24,Adequate,8.7,2026-05-30,C2
INV0008899,20241231,STR0112,PRD00019,81,23,Adequate,5.8,2026-05-23,B1
INV0008900,20241231,STR0112,PRD00020,170,37,Adequate,34.0,2026-05-24,A1
INV0008901,20241231,STR0112,PRD00021,184,24,Adequate,46.0,2026-06-28,B2
INV0008902,20241231,STR0112,PRD00022,157,12,Adequate,14.3,2026-06-29,B2
INV0008903,20241231,STR0112,PRD00023,71,37,Adequate,71.0,2026-06-17,A1
INV0008904,20241231,STR0112,PRD00024,153,16,Adequate,76.5,2026-07-01,D1
INV0008905,20241231,STR0112,PRD00025,24,36,Reorder Required,1.7,2026-05-31,C1
INV0008906,20241231,STR0112,PRD00026,108,15,Adequate,36.0,2026-06-30,A1
INV0008907,20241231,STR0112,PRD00027,91,46,Adequate,8.3,2026-06-03,C1
INV0008908,20241231,STR0112,PRD00028,136,18,Adequate,34.0,2026-06-17,D1
INV0008909,20241231,STR0112,PRD00029,199,10,Adequate,14.2,2026-06-17,C1
INV0008910,20241231,STR0112,PRD00030,193,12,Adequate,16.1,2026-07-03,B1
INV0008911,20241231,STR0112,PRD00031,181,44,Adequate,13.9,2026-05-18,C1
INV0008912,20241231,STR0112,PRD00032,72,31,Adequate,10.3,2026-07-04,B2
INV0008913,20241231,STR0112,PRD00033,42,33,Adequate,4.2,2026-06-05,B2
INV0008914,20241231,STR0112,PRD00034,176,33,Adequate,14.7,2026-05-16,B1
INV0008915,20241231,STR0112,PRD00035,197,23,Adequate,197.0,2026-05-26,B2
INV0008916,20241231,STR0112,PRD00036,130,40,Adequate,43.3,2026-07-01,A1
INV0008917,20241231,STR0112,PRD00037,126,23,Adequate,126.0,2026-06-14,A2
INV0008918,20241231,STR0112,PRD00038,74,27,Adequate,37.0,2026-06-30,A2
INV0008919,20241231,STR0112,PRD00039,132,38,Adequate,132.0,2026-06-18,C2
INV0008920,20241231,STR0112,PRD00040,8,44,Reorder Required,0.7,2026-05-08,A1
INV0008921,20241231,STR0112,PRD00041,163,33,Adequate,32.6,2026-05-29,C1
INV0008922,20241231,STR0112,PRD00042,174,14,Adequate,174.0,2026-07-06,A1
INV0008923,20241231,STR0112,PRD00043,32,21,Adequate,2.7,2026-06-18,B2
INV0008924,20241231,STR0112,PRD00044,200,19,Adequate,16.7,2026-05-26,C1
INV0008925,20241231,STR0112,PRD00045,180,11,Adequate,12.0,2026-07-05,C1
INV0008926,20241231,STR0112,PRD00046,116,40,Adequate,58.0,2026-06-26,B2
INV0008927,20241231,STR0112,PRD00047,172,14,Adequate,12.3,2026-05-26,D1
INV0008928,20241231,STR0112,PRD00048,130,31,Adequate,32.5,2026-07-05,C2
INV0008929,20241231,STR0112,PRD00049,115,41,Adequate,12.8,2026-06-18,B2
INV0008930,20241231,STR0112,PRD00050,28,39,Reorder Required,2.2,2026-06-30,C2
INV0008931,20241231,STR0112,PRD00051,55,26,Adequate,55.0,2026-06-05,A2
INV0008932,20241231,STR0112,PRD00052,66,13,Adequate,9.4,2026-05-22,D1
INV0008933,20241231,STR0112,PRD00053,114,20,Adequate,19.0,2026-05-14,A2
INV0008934,20241231,STR0112,PRD00054,68,19,Adequate,13.6,2026-07-06,B1
INV0008935,20241231,STR0112,PRD00055,170,38,Adequate,34.0,2026-06-17,B1
INV0008936,20241231,STR0112,PRD00056,77,30,Adequate,38.5,2026-05-25,C2
INV0008937,20241231,STR0112,PRD00057,183,44,Adequate,20.3,2026-05-22,C2
INV0008938,20241231,STR0112,PRD00058,23,19,Adequate,4.6,2026-07-04,A2
INV0008939,20241231,STR0112,PRD00059,31,44,Reorder Required,2.1,2026-06-11,C1
INV0008940,20241231,STR0112,PRD00060,170,28,Adequate,85.0,2026-06-26,A2
INV0008941,20241231,STR0112,PRD00061,169,38,Adequate,42.2,2026-06-02,D1
INV0008942,20241231,STR0112,PRD00062,64,18,Adequate,32.0,2026-07-03,C1
INV0008943,20241231,STR0112,PRD00063,182,24,Adequate,182.0,2026-06-30,C2
INV0008944,20241231,STR0112,PRD00064,170,22,Adequate,28.3,2026-05-17,A2
INV0008945,20241231,STR0112,PRD00065,13,22,Reorder Required,0.9,2026-06-15,B2
INV0008946,20241231,STR0112,PRD00066,145,15,Adequate,48.3,2026-05-16,A2
INV0008947,20241231,STR0112,PRD00067,162,42,Adequate,11.6,2026-07-04,A2
INV0008948,20241231,STR0112,PRD00068,69,37,Adequate,4.9,2026-05-09,B1
INV0008949,20241231,STR0112,PRD00069,70,29,Adequate,5.8,2026-06-23,A2
INV0008950,20241231,STR0112,PRD00070,181,38,Adequate,30.2,2026-05-25,C2
INV0008951,20241231,STR0112,PRD00071,0,37,Reorder Required,0.0,2026-06-19,B2
INV0008952,20241231,STR0112,PRD00072,179,15,Adequate,25.6,2026-06-29,D1
INV0008953,20241231,STR0112,PRD00073,117,31,Adequate,14.6,2026-06-20,B2
INV0008954,20241231,STR0112,PRD00074,30,10,Adequate,4.3,2026-05-22,C1
INV0008955,20241231,STR0112,PRD00075,144,39,Adequate,72.0,2026-05-20,A1
INV0008956,20241231,STR0112,PRD00076,93,34,Adequate,11.6,2026-07-04,B2
INV0008957,20241231,STR0112,PRD00077,70,47,Adequate,17.5,2026-06-13,C2
INV0008958,20241231,STR0112,PRD00078,162,10,Adequate,18.0,2026-06-17,D1
INV0008959,20241231,STR0112,PRD00079,110,28,Adequate,27.5,2026-05-23,A2
INV0008960,20241231,STR0112,PRD00080,103,11,Adequate,103.0,2026-05-17,B2
INV0008961,20241231,STR0113,PRD00001,36,50,Reorder Required,2.4,2026-05-11,A1
INV0008962,20241231,STR0113,PRD00002,165,17,Adequate,33.0,2026-06-21,B2
INV0008963,20241231,STR0113,PRD00003,194,44,Adequate,64.7,2026-05-29,C1
INV0008964,20241231,STR0113,PRD00004,121,27,Adequate,8.6,2026-06-28,A1
INV0008965,20241231,STR0113,PRD00005,115,40,Adequate,9.6,2026-06-10,C2
INV0008966,20241231,STR0113,PRD00006,40,33,Adequate,4.0,2026-06-01,C1
INV0008967,20241231,STR0113,PRD00007,84,39,Adequate,7.6,2026-05-29,D1
INV0008968,20241231,STR0113,PRD00008,72,20,Adequate,18.0,2026-06-07,C1
INV0008969,20241231,STR0113,PRD00009,4,38,Reorder Required,0.4,2026-06-16,C1
INV0008970,20241231,STR0113,PRD00010,119,30,Adequate,19.8,2026-06-18,C1
INV0008971,20241231,STR0113,PRD00011,107,36,Adequate,8.9,2026-07-05,C1
INV0008972,20241231,STR0113,PRD00012,169,13,Adequate,42.2,2026-06-05,B2
INV0008973,20241231,STR0113,PRD00013,120,34,Adequate,24.0,2026-05-31,C1
INV0008974,20241231,STR0113,PRD00014,104,27,Adequate,6.9,2026-06-18,B1
INV0008975,20241231,STR0113,PRD00015,148,27,Adequate,24.7,2026-05-21,D1
INV0008976,20241231,STR0113,PRD00016,154,31,Adequate,10.3,2026-06-16,A1
INV0008977,20241231,STR0113,PRD00017,132,50,Adequate,12.0,2026-05-10,C1
INV0008978,20241231,STR0113,PRD00018,192,24,Adequate,13.7,2026-05-11,C1
INV0008979,20241231,STR0113,PRD00019,5,23,Reorder Required,1.0,2026-05-26,A2
INV0008980,20241231,STR0113,PRD00020,66,37,Adequate,4.7,2026-05-10,C2
INV0008981,20241231,STR0113,PRD00021,90,24,Adequate,22.5,2026-05-12,B2
INV0008982,20241231,STR0113,PRD00022,57,12,Adequate,14.2,2026-06-25,C1
INV0008983,20241231,STR0113,PRD00023,81,37,Adequate,20.2,2026-06-17,A1
INV0008984,20241231,STR0113,PRD00024,67,16,Adequate,5.2,2026-06-05,C1
INV0008985,20241231,STR0113,PRD00025,25,36,Reorder Required,3.1,2026-06-13,C1
INV0008986,20241231,STR0113,PRD00026,47,15,Adequate,3.9,2026-06-29,C1
INV0008987,20241231,STR0113,PRD00027,175,46,Adequate,13.5,2026-06-16,C1
INV0008988,20241231,STR0113,PRD00028,125,18,Adequate,25.0,2026-05-09,D1
INV0008989,20241231,STR0113,PRD00029,87,10,Adequate,43.5,2026-07-04,B1
INV0008990,20241231,STR0113,PRD00030,47,12,Adequate,4.3,2026-06-29,A1
INV0008991,20241231,STR0113,PRD00031,123,44,Adequate,61.5,2026-06-10,B1
INV0008992,20241231,STR0113,PRD00032,186,31,Adequate,37.2,2026-05-13,A1
INV0008993,20241231,STR0113,PRD00033,187,33,Adequate,12.5,2026-06-18,B2
INV0008994,20241231,STR0113,PRD00034,182,33,Adequate,13.0,2026-06-28,B1
INV0008995,20241231,STR0113,PRD00035,196,23,Adequate,32.7,2026-07-02,C1
INV0008996,20241231,STR0113,PRD00036,117,40,Adequate,13.0,2026-06-30,C1
INV0008997,20241231,STR0113,PRD00037,79,23,Adequate,19.8,2026-05-16,C1
INV0008998,20241231,STR0113,PRD00038,168,27,Adequate,12.9,2026-05-15,D1
INV0008999,20241231,STR0113,PRD00039,190,38,Adequate,19.0,2026-06-25,B2
INV0009000,20241231,STR0113,PRD00040,130,44,Adequate,32.5,2026-05-28,C1
INV0009001,20241231,STR0113,PRD00041,157,33,Adequate,12.1,2026-06-19,B2
INV0009002,20241231,STR0113,PRD00042,23,14,Adequate,2.9,2026-05-13,C1
INV0009003,20241231,STR0113,PRD00043,127,21,Adequate,18.1,2026-06-10,A1
INV0009004,20241231,STR0113,PRD00044,191,19,Adequate,23.9,2026-07-02,A2
INV0009005,20241231,STR0113,PRD00045,83,11,Adequate,6.9,2026-06-21,D1
INV0009006,20241231,STR0113,PRD00046,113,40,Adequate,37.7,2026-05-17,C2
INV0009007,20241231,STR0113,PRD00047,39,14,Adequate,4.3,2026-05-15,C1
INV0009008,20241231,STR0113,PRD00048,41,31,Adequate,3.7,2026-05-21,A2
INV0009009,20241231,STR0113,PRD00049,198,41,Adequate,198.0,2026-06-09,B1
INV0009010,20241231,STR0113,PRD00050,91,39,Adequate,6.5,2026-06-04,D1
INV0009011,20241231,STR0113,PRD00051,28,26,Adequate,2.8,2026-06-10,C2
INV0009012,20241231,STR0113,PRD00052,70,13,Adequate,70.0,2026-06-10,C2
INV0009013,20241231,STR0113,PRD00053,50,20,Adequate,3.8,2026-07-03,D1
INV0009014,20241231,STR0113,PRD00054,46,19,Adequate,4.6,2026-05-22,A1
INV0009015,20241231,STR0113,PRD00055,79,38,Adequate,8.8,2026-05-28,D1
INV0009016,20241231,STR0113,PRD00056,81,30,Adequate,13.5,2026-05-30,A1
INV0009017,20241231,STR0113,PRD00057,131,44,Adequate,11.9,2026-06-27,D1
INV0009018,20241231,STR0113,PRD00058,19,19,Reorder Required,1.5,2026-05-09,B2
INV0009019,20241231,STR0113,PRD00059,26,44,Reorder Required,5.2,2026-06-27,D1
INV0009020,20241231,STR0113,PRD00060,128,28,Adequate,128.0,2026-05-17,C1
INV0009021,20241231,STR0113,PRD00061,49,38,Adequate,7.0,2026-05-24,A1
INV0009022,20241231,STR0113,PRD00062,48,18,Adequate,12.0,2026-05-14,C2
INV0009023,20241231,STR0113,PRD00063,88,24,Adequate,11.0,2026-05-29,C1
INV0009024,20241231,STR0113,PRD00064,137,22,Adequate,11.4,2026-06-02,C2
INV0009025,20241231,STR0113,PRD00065,45,22,Adequate,3.2,2026-05-15,C2
INV0009026,20241231,STR0113,PRD00066,140,15,Adequate,10.8,2026-05-20,D1
INV0009027,20241231,STR0113,PRD00067,16,42,Reorder Required,1.6,2026-06-13,A1
INV0009028,20241231,STR0113,PRD00068,67,37,Adequate,9.6,2026-06-13,B2
INV0009029,20241231,STR0113,PRD00069,167,29,Adequate,11.1,2026-05-16,A1
INV0009030,20241231,STR0113,PRD00070,116,38,Adequate,7.7,2026-05-17,B2
INV0009031,20241231,STR0113,PRD00071,171,37,Adequate,85.5,2026-05-11,B2
INV0009032,20241231,STR0113,PRD00072,66,15,Adequate,13.2,2026-06-17,D1
INV0009033,20241231,STR0113,PRD00073,102,31,Adequate,20.4,2026-05-21,B2
INV0009034,20241231,STR0113,PRD00074,132,10,Adequate,44.0,2026-05-09,C2
INV0009035,20241231,STR0113,PRD00075,154,39,Adequate,154.0,2026-06-03,D1
INV0009036,20241231,STR0113,PRD00076,72,34,Adequate,8.0,2026-05-12,D1
INV0009037,20241231,STR0113,PRD00077,108,47,Adequate,12.0,2026-06-23,C2
INV0009038,20241231,STR0113,PRD00078,7,10,Reorder Required,0.6,2026-05-29,A2
INV0009039,20241231,STR0113,PRD00079,181,28,Adequate,60.3,2026-06-14,A2
INV0009040,20241231,STR0113,PRD00080,90,11,Adequate,45.0,2026-06-06,A1
INV0009041,20241231,STR0114,PRD00001,92,50,Adequate,23.0,2026-07-01,D1
INV0009042,20241231,STR0114,PRD00002,32,17,Adequate,2.3,2026-07-03,A2
INV0009043,20241231,STR0114,PRD00003,154,44,Adequate,51.3,2026-05-14,A2
INV0009044,20241231,STR0114,PRD00004,173,27,Adequate,12.4,2026-06-27,B2
INV0009045,20241231,STR0114,PRD00005,48,40,Adequate,6.0,2026-07-02,B2
INV0009046,20241231,STR0114,PRD00006,88,33,Adequate,6.8,2026-06-21,C1
INV0009047,20241231,STR0114,PRD00007,25,39,Reorder Required,12.5,2026-05-14,A1
INV0009048,20241231,STR0114,PRD00008,6,20,Reorder Required,1.0,2026-05-24,D1
INV0009049,20241231,STR0114,PRD00009,6,38,Reorder Required,0.5,2026-06-04,C2
INV0009050,20241231,STR0114,PRD00010,58,30,Adequate,29.0,2026-06-18,C2
INV0009051,20241231,STR0114,PRD00011,192,36,Adequate,21.3,2026-05-18,D1
INV0009052,20241231,STR0114,PRD00012,149,13,Adequate,74.5,2026-07-01,D1
INV0009053,20241231,STR0114,PRD00013,80,34,Adequate,8.0,2026-05-08,A2
INV0009054,20241231,STR0114,PRD00014,180,27,Adequate,30.0,2026-06-21,C2
INV0009055,20241231,STR0114,PRD00015,121,27,Adequate,9.3,2026-05-28,B2
INV0009056,20241231,STR0114,PRD00016,136,31,Adequate,68.0,2026-06-14,C1
INV0009057,20241231,STR0114,PRD00017,15,50,Reorder Required,1.1,2026-06-19,C2
INV0009058,20241231,STR0114,PRD00018,115,24,Adequate,8.2,2026-05-14,B1
INV0009059,20241231,STR0114,PRD00019,75,23,Adequate,37.5,2026-05-20,B2
INV0009060,20241231,STR0114,PRD00020,193,37,Adequate,38.6,2026-06-09,C1
INV0009061,20241231,STR0114,PRD00021,175,24,Adequate,29.2,2026-06-05,C2
INV0009062,20241231,STR0114,PRD00022,158,12,Adequate,26.3,2026-05-16,A1
INV0009063,20241231,STR0114,PRD00023,71,37,Adequate,6.5,2026-06-01,B2
INV0009064,20241231,STR0114,PRD00024,149,16,Adequate,10.6,2026-05-19,C2
INV0009065,20241231,STR0114,PRD00025,38,36,Adequate,5.4,2026-06-05,A1
INV0009066,20241231,STR0114,PRD00026,59,15,Adequate,29.5,2026-06-07,D1
INV0009067,20241231,STR0114,PRD00027,87,46,Adequate,5.8,2026-06-30,A1
INV0009068,20241231,STR0114,PRD00028,179,18,Adequate,35.8,2026-07-05,C1
INV0009069,20241231,STR0114,PRD00029,176,10,Adequate,44.0,2026-06-04,A1
INV0009070,20241231,STR0114,PRD00030,133,12,Adequate,19.0,2026-06-06,A2
INV0009071,20241231,STR0114,PRD00031,52,44,Adequate,4.0,2026-06-21,D1
INV0009072,20241231,STR0114,PRD00032,125,31,Adequate,31.2,2026-05-18,D1
INV0009073,20241231,STR0114,PRD00033,176,33,Adequate,25.1,2026-06-27,C1
INV0009074,20241231,STR0114,PRD00034,20,33,Reorder Required,1.3,2026-06-01,D1
INV0009075,20241231,STR0114,PRD00035,161,23,Adequate,32.2,2026-05-21,B2
INV0009076,20241231,STR0114,PRD00036,176,40,Adequate,16.0,2026-06-21,C2
INV0009077,20241231,STR0114,PRD00037,92,23,Adequate,7.7,2026-05-10,A1
INV0009078,20241231,STR0114,PRD00038,40,27,Adequate,6.7,2026-06-17,D1
INV0009079,20241231,STR0114,PRD00039,19,38,Reorder Required,2.4,2026-05-15,D1
INV0009080,20241231,STR0114,PRD00040,136,44,Adequate,27.2,2026-07-05,C2
INV0009081,20241231,STR0114,PRD00041,177,33,Adequate,35.4,2026-06-27,A1
INV0009082,20241231,STR0114,PRD00042,91,14,Adequate,13.0,2026-06-19,C1
INV0009083,20241231,STR0114,PRD00043,148,21,Adequate,37.0,2026-06-07,B2
INV0009084,20241231,STR0114,PRD00044,151,19,Adequate,75.5,2026-06-24,A2
INV0009085,20241231,STR0114,PRD00045,57,11,Adequate,19.0,2026-05-08,B2
INV0009086,20241231,STR0114,PRD00046,163,40,Adequate,18.1,2026-05-21,B2
INV0009087,20241231,STR0114,PRD00047,198,14,Adequate,198.0,2026-05-14,A2
INV0009088,20241231,STR0114,PRD00048,7,31,Reorder Required,0.5,2026-07-04,C1
INV0009089,20241231,STR0114,PRD00049,72,41,Adequate,7.2,2026-06-27,A2
INV0009090,20241231,STR0114,PRD00050,108,39,Adequate,10.8,2026-06-07,C2
INV0009091,20241231,STR0114,PRD00051,89,26,Adequate,44.5,2026-05-18,C2
INV0009092,20241231,STR0114,PRD00052,116,13,Adequate,9.7,2026-06-18,D1
INV0009093,20241231,STR0114,PRD00053,105,20,Adequate,13.1,2026-06-23,C2
INV0009094,20241231,STR0114,PRD00054,126,19,Adequate,126.0,2026-07-05,D1
INV0009095,20241231,STR0114,PRD00055,78,38,Adequate,9.8,2026-05-22,C2
INV0009096,20241231,STR0114,PRD00056,171,30,Adequate,17.1,2026-05-12,A1
INV0009097,20241231,STR0114,PRD00057,171,44,Adequate,15.5,2026-05-08,B1
INV0009098,20241231,STR0114,PRD00058,149,19,Adequate,18.6,2026-05-10,B1
INV0009099,20241231,STR0114,PRD00059,155,44,Adequate,31.0,2026-05-23,A2
INV0009100,20241231,STR0114,PRD00060,152,28,Adequate,15.2,2026-05-24,A1
INV0009101,20241231,STR0114,PRD00061,64,38,Adequate,7.1,2026-06-06,C1
INV0009102,20241231,STR0114,PRD00062,163,18,Adequate,23.3,2026-06-01,C1
INV0009103,20241231,STR0114,PRD00063,147,24,Adequate,49.0,2026-05-17,A2
INV0009104,20241231,STR0114,PRD00064,41,22,Adequate,6.8,2026-06-21,C2
INV0009105,20241231,STR0114,PRD00065,82,22,Adequate,82.0,2026-05-22,C2
INV0009106,20241231,STR0114,PRD00066,35,15,Adequate,3.5,2026-06-18,B2
INV0009107,20241231,STR0114,PRD00067,120,42,Adequate,15.0,2026-06-08,B2
INV0009108,20241231,STR0114,PRD00068,141,37,Adequate,10.8,2026-06-26,B2
INV0009109,20241231,STR0114,PRD00069,73,29,Adequate,24.3,2026-07-03,C2
INV0009110,20241231,STR0114,PRD00070,58,38,Adequate,4.8,2026-06-07,C2
INV0009111,20241231,STR0114,PRD00071,82,37,Adequate,10.2,2026-05-25,C1
INV0009112,20241231,STR0114,PRD00072,89,15,Adequate,12.7,2026-05-23,A1
INV0009113,20241231,STR0114,PRD00073,80,31,Adequate,8.0,2026-05-08,D1
INV0009114,20241231,STR0114,PRD00074,83,10,Adequate,20.8,2026-06-28,C2
INV0009115,20241231,STR0114,PRD00075,54,39,Adequate,6.8,2026-05-15,B2
INV0009116,20241231,STR0114,PRD00076,187,34,Adequate,17.0,2026-05-25,C2
INV0009117,20241231,STR0114,PRD00077,54,47,Adequate,4.9,2026-06-06,A2
INV0009118,20241231,STR0114,PRD00078,65,10,Adequate,5.0,2026-06-24,B2
INV0009119,20241231,STR0114,PRD00079,162,28,Adequate,27.0,2026-06-23,C2
INV0009120,20241231,STR0114,PRD00080,198,11,Adequate,198.0,2026-07-01,A1
INV0009121,20241231,STR0115,PRD00001,152,50,Adequate,16.9,2026-06-12,A2
INV0009122,20241231,STR0115,PRD00002,23,17,Adequate,2.1,2026-05-18,A1
INV0009123,20241231,STR0115,PRD00003,66,44,Adequate,8.2,2026-06-21,D1
INV0009124,20241231,STR0115,PRD00004,173,27,Adequate,14.4,2026-06-16,A1
INV0009125,20241231,STR0115,PRD00005,180,40,Adequate,12.0,2026-06-19,B2
INV0009126,20241231,STR0115,PRD00006,121,33,Adequate,12.1,2026-05-23,A2
INV0009127,20241231,STR0115,PRD00007,179,39,Adequate,89.5,2026-06-21,A2
INV0009128,20241231,STR0115,PRD00008,100,20,Adequate,25.0,2026-06-02,D1
INV0009129,20241231,STR0115,PRD00009,97,38,Adequate,48.5,2026-05-15,C1
INV0009130,20241231,STR0115,PRD00010,87,30,Adequate,9.7,2026-05-16,A2
INV0009131,20241231,STR0115,PRD00011,34,36,Reorder Required,2.3,2026-06-30,A2
INV0009132,20241231,STR0115,PRD00012,30,13,Adequate,6.0,2026-07-03,B1
INV0009133,20241231,STR0115,PRD00013,161,34,Adequate,26.8,2026-06-17,A1
INV0009134,20241231,STR0115,PRD00014,155,27,Adequate,51.7,2026-06-15,B2
INV0009135,20241231,STR0115,PRD00015,197,27,Adequate,39.4,2026-06-26,D1
INV0009136,20241231,STR0115,PRD00016,119,31,Adequate,13.2,2026-07-02,D1
INV0009137,20241231,STR0115,PRD00017,105,50,Adequate,13.1,2026-06-08,C2
INV0009138,20241231,STR0115,PRD00018,34,24,Adequate,2.3,2026-06-16,C2
INV0009139,20241231,STR0115,PRD00019,103,23,Adequate,6.9,2026-06-21,B2
INV0009140,20241231,STR0115,PRD00020,118,37,Adequate,9.1,2026-05-25,D1
INV0009141,20241231,STR0115,PRD00021,7,24,Reorder Required,0.5,2026-05-31,B2
INV0009142,20241231,STR0115,PRD00022,114,12,Adequate,9.5,2026-05-08,B2
INV0009143,20241231,STR0115,PRD00023,188,37,Adequate,26.9,2026-05-19,B1
INV0009144,20241231,STR0115,PRD00024,36,16,Adequate,4.5,2026-05-19,A1
INV0009145,20241231,STR0115,PRD00025,190,36,Adequate,190.0,2026-05-08,B1
INV0009146,20241231,STR0115,PRD00026,179,15,Adequate,19.9,2026-05-19,A1
INV0009147,20241231,STR0115,PRD00027,113,46,Adequate,11.3,2026-06-16,A1
INV0009148,20241231,STR0115,PRD00028,74,18,Adequate,6.2,2026-07-05,A2
INV0009149,20241231,STR0115,PRD00029,126,10,Adequate,18.0,2026-05-24,A2
INV0009150,20241231,STR0115,PRD00030,126,12,Adequate,10.5,2026-06-27,A1
INV0009151,20241231,STR0115,PRD00031,168,44,Adequate,28.0,2026-05-20,B2
INV0009152,20241231,STR0115,PRD00032,101,31,Adequate,20.2,2026-06-04,B2
INV0009153,20241231,STR0115,PRD00033,13,33,Reorder Required,1.4,2026-05-15,A2
INV0009154,20241231,STR0115,PRD00034,137,33,Adequate,27.4,2026-05-29,C2
INV0009155,20241231,STR0115,PRD00035,162,23,Adequate,162.0,2026-05-23,A1
INV0009156,20241231,STR0115,PRD00036,42,40,Adequate,3.5,2026-07-01,C2
INV0009157,20241231,STR0115,PRD00037,182,23,Adequate,22.8,2026-05-31,C2
INV0009158,20241231,STR0115,PRD00038,107,27,Adequate,9.7,2026-06-14,C1
INV0009159,20241231,STR0115,PRD00039,193,38,Adequate,48.2,2026-06-11,B1
INV0009160,20241231,STR0115,PRD00040,184,44,Adequate,92.0,2026-06-09,C1
INV0009161,20241231,STR0115,PRD00041,63,33,Adequate,5.2,2026-06-15,A2
INV0009162,20241231,STR0115,PRD00042,11,14,Reorder Required,1.8,2026-06-03,B2
INV0009163,20241231,STR0115,PRD00043,118,21,Adequate,19.7,2026-07-06,B1
INV0009164,20241231,STR0115,PRD00044,59,19,Adequate,4.2,2026-07-03,B2
INV0009165,20241231,STR0115,PRD00045,93,11,Adequate,9.3,2026-06-23,B1
INV0009166,20241231,STR0115,PRD00046,169,40,Adequate,169.0,2026-06-25,B2
INV0009167,20241231,STR0115,PRD00047,168,14,Adequate,12.9,2026-06-02,C1
INV0009168,20241231,STR0115,PRD00048,153,31,Adequate,10.2,2026-06-10,D1
INV0009169,20241231,STR0115,PRD00049,54,41,Adequate,4.2,2026-05-29,A2
INV0009170,20241231,STR0115,PRD00050,108,39,Adequate,13.5,2026-06-11,B1
INV0009171,20241231,STR0115,PRD00051,1,26,Reorder Required,0.3,2026-06-04,A1
INV0009172,20241231,STR0115,PRD00052,94,13,Adequate,9.4,2026-06-19,A1
INV0009173,20241231,STR0115,PRD00053,154,20,Adequate,154.0,2026-06-06,A2
INV0009174,20241231,STR0115,PRD00054,85,19,Adequate,17.0,2026-06-15,A1
INV0009175,20241231,STR0115,PRD00055,37,38,Reorder Required,3.4,2026-05-17,B2
INV0009176,20241231,STR0115,PRD00056,59,30,Adequate,59.0,2026-06-25,A1
INV0009177,20241231,STR0115,PRD00057,195,44,Adequate,13.9,2026-05-24,A1
INV0009178,20241231,STR0115,PRD00058,161,19,Adequate,11.5,2026-06-21,A2
INV0009179,20241231,STR0115,PRD00059,47,44,Adequate,23.5,2026-06-09,D1
INV0009180,20241231,STR0115,PRD00060,15,28,Reorder Required,1.7,2026-06-19,B2
INV0009181,20241231,STR0115,PRD00061,19,38,Reorder Required,1.3,2026-06-28,B2
INV0009182,20241231,STR0115,PRD00062,23,18,Adequate,7.7,2026-06-28,D1
INV0009183,20241231,STR0115,PRD00063,189,24,Adequate,15.8,2026-07-06,C2
INV0009184,20241231,STR0115,PRD00064,164,22,Adequate,11.7,2026-06-17,B1
INV0009185,20241231,STR0115,PRD00065,77,22,Adequate,5.1,2026-06-14,A1
INV0009186,20241231,STR0115,PRD00066,112,15,Adequate,28.0,2026-07-04,D1
INV0009187,20241231,STR0115,PRD00067,177,42,Adequate,17.7,2026-06-09,A2
INV0009188,20241231,STR0115,PRD00068,22,37,Reorder Required,1.5,2026-06-24,B2
INV0009189,20241231,STR0115,PRD00069,56,29,Adequate,3.7,2026-05-14,A1
INV0009190,20241231,STR0115,PRD00070,146,38,Adequate,18.2,2026-05-13,A2
INV0009191,20241231,STR0115,PRD00071,172,37,Adequate,14.3,2026-06-19,B1
INV0009192,20241231,STR0115,PRD00072,142,15,Adequate,14.2,2026-05-14,B2
INV0009193,20241231,STR0115,PRD00073,198,31,Adequate,28.3,2026-06-10,B2
INV0009194,20241231,STR0115,PRD00074,153,10,Adequate,19.1,2026-06-28,A2
INV0009195,20241231,STR0115,PRD00075,115,39,Adequate,11.5,2026-06-06,C2
INV0009196,20241231,STR0115,PRD00076,152,34,Adequate,25.3,2026-06-30,B1
INV0009197,20241231,STR0115,PRD00077,154,47,Adequate,30.8,2026-07-01,B2
INV0009198,20241231,STR0115,PRD00078,183,10,Adequate,20.3,2026-06-25,B2
INV0009199,20241231,STR0115,PRD00079,130,28,Adequate,18.6,2026-05-21,A1
INV0009200,20241231,STR0115,PRD00080,27,11,Adequate,6.8,2026-06-19,B1
INV0009201,20241231,STR0116,PRD00001,95,50,Adequate,19.0,2026-05-21,C2
INV0009202,20241231,STR0116,PRD00002,191,17,Adequate,47.8,2026-05-24,B2
INV0009203,20241231,STR0116,PRD00003,106,44,Adequate,11.8,2026-07-02,A1
INV0009204,20241231,STR0116,PRD00004,165,27,Adequate,41.2,2026-05-08,B1
INV0009205,20241231,STR0116,PRD00005,114,40,Adequate,8.8,2026-05-29,C2
INV0009206,20241231,STR0116,PRD00006,127,33,Adequate,14.1,2026-05-28,A1
INV0009207,20241231,STR0116,PRD00007,65,39,Adequate,32.5,2026-06-06,D1
INV0009208,20241231,STR0116,PRD00008,116,20,Adequate,7.7,2026-05-31,B1
INV0009209,20241231,STR0116,PRD00009,162,38,Adequate,23.1,2026-07-04,D1
INV0009210,20241231,STR0116,PRD00010,87,30,Adequate,43.5,2026-06-13,C2
INV0009211,20241231,STR0116,PRD00011,79,36,Adequate,15.8,2026-06-27,A2
INV0009212,20241231,STR0116,PRD00012,9,13,Reorder Required,1.3,2026-06-24,A1
INV0009213,20241231,STR0116,PRD00013,1,34,Reorder Required,0.1,2026-06-04,B2
INV0009214,20241231,STR0116,PRD00014,165,27,Adequate,16.5,2026-07-01,B1
INV0009215,20241231,STR0116,PRD00015,30,27,Adequate,2.5,2026-06-05,B2
INV0009216,20241231,STR0116,PRD00016,84,31,Adequate,6.5,2026-05-14,C1
INV0009217,20241231,STR0116,PRD00017,89,50,Adequate,22.2,2026-05-20,C1
INV0009218,20241231,STR0116,PRD00018,99,24,Adequate,99.0,2026-06-09,B2
INV0009219,20241231,STR0116,PRD00019,118,23,Adequate,9.1,2026-06-28,A2
INV0009220,20241231,STR0116,PRD00020,39,37,Adequate,7.8,2026-06-23,B2
INV0009221,20241231,STR0116,PRD00021,53,24,Adequate,8.8,2026-07-05,A1
INV0009222,20241231,STR0116,PRD00022,66,12,Adequate,8.2,2026-06-26,B2
INV0009223,20241231,STR0116,PRD00023,187,37,Adequate,37.4,2026-05-18,A1
INV0009224,20241231,STR0116,PRD00024,98,16,Adequate,24.5,2026-05-19,C2
INV0009225,20241231,STR0116,PRD00025,1,36,Reorder Required,1.0,2026-06-06,D1
INV0009226,20241231,STR0116,PRD00026,109,15,Adequate,21.8,2026-05-30,C2
INV0009227,20241231,STR0116,PRD00027,33,46,Reorder Required,2.2,2026-06-11,B2
INV0009228,20241231,STR0116,PRD00028,65,18,Adequate,5.0,2026-06-26,D1
INV0009229,20241231,STR0116,PRD00029,197,10,Adequate,13.1,2026-06-06,D1
INV0009230,20241231,STR0116,PRD00030,145,12,Adequate,12.1,2026-06-10,A2
INV0009231,20241231,STR0116,PRD00031,152,44,Adequate,21.7,2026-05-09,C2
INV0009232,20241231,STR0116,PRD00032,11,31,Reorder Required,1.0,2026-06-21,D1
INV0009233,20241231,STR0116,PRD00033,117,33,Adequate,19.5,2026-06-09,D1
INV0009234,20241231,STR0116,PRD00034,139,33,Adequate,9.3,2026-05-17,A2
INV0009235,20241231,STR0116,PRD00035,62,23,Adequate,15.5,2026-06-06,A1
INV0009236,20241231,STR0116,PRD00036,17,40,Reorder Required,8.5,2026-05-16,A1
INV0009237,20241231,STR0116,PRD00037,50,23,Adequate,4.2,2026-05-10,B2
INV0009238,20241231,STR0116,PRD00038,178,27,Adequate,25.4,2026-07-06,C1
INV0009239,20241231,STR0116,PRD00039,92,38,Adequate,23.0,2026-05-24,C2
INV0009240,20241231,STR0116,PRD00040,165,44,Adequate,15.0,2026-06-30,B2
INV0009241,20241231,STR0116,PRD00041,35,33,Adequate,2.3,2026-06-21,D1
INV0009242,20241231,STR0116,PRD00042,137,14,Adequate,17.1,2026-05-14,B2
INV0009243,20241231,STR0116,PRD00043,179,21,Adequate,35.8,2026-06-29,C2
INV0009244,20241231,STR0116,PRD00044,115,19,Adequate,38.3,2026-07-06,D1
INV0009245,20241231,STR0116,PRD00045,130,11,Adequate,10.8,2026-06-11,B2
INV0009246,20241231,STR0116,PRD00046,175,40,Adequate,12.5,2026-06-13,C2
INV0009247,20241231,STR0116,PRD00047,196,14,Adequate,98.0,2026-06-07,C2
INV0009248,20241231,STR0116,PRD00048,144,31,Adequate,13.1,2026-07-05,A1
INV0009249,20241231,STR0116,PRD00049,83,41,Adequate,10.4,2026-06-23,A1
INV0009250,20241231,STR0116,PRD00050,64,39,Adequate,6.4,2026-05-11,D1
INV0009251,20241231,STR0116,PRD00051,179,26,Adequate,89.5,2026-07-05,A2
INV0009252,20241231,STR0116,PRD00052,22,13,Adequate,3.1,2026-05-20,A2
INV0009253,20241231,STR0116,PRD00053,121,20,Adequate,15.1,2026-06-23,D1
INV0009254,20241231,STR0116,PRD00054,97,19,Adequate,6.9,2026-05-27,A1
INV0009255,20241231,STR0116,PRD00055,33,38,Reorder Required,16.5,2026-06-07,C2
INV0009256,20241231,STR0116,PRD00056,188,30,Adequate,20.9,2026-06-02,C2
INV0009257,20241231,STR0116,PRD00057,74,44,Adequate,74.0,2026-06-26,C1
INV0009258,20241231,STR0116,PRD00058,4,19,Reorder Required,0.3,2026-06-04,A2
INV0009259,20241231,STR0116,PRD00059,65,44,Adequate,4.6,2026-05-23,A1
INV0009260,20241231,STR0116,PRD00060,99,28,Adequate,9.0,2026-05-25,B2
INV0009261,20241231,STR0116,PRD00061,147,38,Adequate,16.3,2026-06-24,A1
INV0009262,20241231,STR0116,PRD00062,84,18,Adequate,6.5,2026-05-26,B1
INV0009263,20241231,STR0116,PRD00063,18,24,Reorder Required,2.2,2026-05-17,A1
INV0009264,20241231,STR0116,PRD00064,129,22,Adequate,21.5,2026-05-20,C2
INV0009265,20241231,STR0116,PRD00065,69,22,Adequate,6.9,2026-05-18,A2
INV0009266,20241231,STR0116,PRD00066,172,15,Adequate,28.7,2026-06-25,B2
INV0009267,20241231,STR0116,PRD00067,80,42,Adequate,11.4,2026-06-05,A1
INV0009268,20241231,STR0116,PRD00068,92,37,Adequate,15.3,2026-07-06,B1
INV0009269,20241231,STR0116,PRD00069,155,29,Adequate,11.1,2026-05-14,C1
INV0009270,20241231,STR0116,PRD00070,90,38,Adequate,11.2,2026-06-05,C2
INV0009271,20241231,STR0116,PRD00071,125,37,Adequate,9.6,2026-06-12,C1
INV0009272,20241231,STR0116,PRD00072,84,15,Adequate,7.0,2026-05-20,C2
INV0009273,20241231,STR0116,PRD00073,142,31,Adequate,35.5,2026-06-05,D1
INV0009274,20241231,STR0116,PRD00074,134,10,Adequate,8.9,2026-06-28,A2
INV0009275,20241231,STR0116,PRD00075,144,39,Adequate,20.6,2026-06-26,C1
INV0009276,20241231,STR0116,PRD00076,178,34,Adequate,14.8,2026-06-02,A2
INV0009277,20241231,STR0116,PRD00077,50,47,Adequate,4.2,2026-06-10,A1
INV0009278,20241231,STR0116,PRD00078,129,10,Adequate,25.8,2026-06-03,C1
INV0009279,20241231,STR0116,PRD00079,161,28,Adequate,11.5,2026-07-05,C2
INV0009280,20241231,STR0116,PRD00080,71,11,Adequate,7.9,2026-05-19,C1
INV0009281,20241231,STR0117,PRD00001,13,50,Reorder Required,1.9,2026-06-21,C1
INV0009282,20241231,STR0117,PRD00002,42,17,Adequate,6.0,2026-06-30,C1
INV0009283,20241231,STR0117,PRD00003,117,44,Adequate,13.0,2026-05-26,A2
INV0009284,20241231,STR0117,PRD00004,200,27,Adequate,28.6,2026-05-13,D1
INV0009285,20241231,STR0117,PRD00005,22,40,Reorder Required,2.0,2026-05-16,D1
INV0009286,20241231,STR0117,PRD00006,169,33,Adequate,42.2,2026-05-08,B2
INV0009287,20241231,STR0117,PRD00007,175,39,Adequate,13.5,2026-05-09,C2
INV0009288,20241231,STR0117,PRD00008,95,20,Adequate,11.9,2026-05-21,A1
INV0009289,20241231,STR0117,PRD00009,60,38,Adequate,6.7,2026-06-27,B1
INV0009290,20241231,STR0117,PRD00010,73,30,Adequate,5.6,2026-05-23,C2
INV0009291,20241231,STR0117,PRD00011,161,36,Adequate,11.5,2026-05-09,B1
INV0009292,20241231,STR0117,PRD00012,43,13,Adequate,3.3,2026-06-17,C1
INV0009293,20241231,STR0117,PRD00013,0,34,Reorder Required,0.0,2026-05-24,B1
INV0009294,20241231,STR0117,PRD00014,126,27,Adequate,12.6,2026-06-30,A1
INV0009295,20241231,STR0117,PRD00015,158,27,Adequate,19.8,2026-05-17,A2
INV0009296,20241231,STR0117,PRD00016,111,31,Adequate,22.2,2026-07-02,C2
INV0009297,20241231,STR0117,PRD00017,176,50,Adequate,16.0,2026-06-26,A1
INV0009298,20241231,STR0117,PRD00018,169,24,Adequate,56.3,2026-05-24,B1
INV0009299,20241231,STR0117,PRD00019,167,23,Adequate,23.9,2026-07-03,B1
INV0009300,20241231,STR0117,PRD00020,90,37,Adequate,8.2,2026-06-09,B2
INV0009301,20241231,STR0117,PRD00021,62,24,Adequate,12.4,2026-06-15,C2
INV0009302,20241231,STR0117,PRD00022,27,12,Adequate,6.8,2026-06-06,C1
INV0009303,20241231,STR0117,PRD00023,155,37,Adequate,15.5,2026-05-15,B2
INV0009304,20241231,STR0117,PRD00024,23,16,Adequate,2.6,2026-06-06,A1
INV0009305,20241231,STR0117,PRD00025,72,36,Adequate,5.5,2026-06-09,D1
INV0009306,20241231,STR0117,PRD00026,23,15,Adequate,1.6,2026-06-21,A1
INV0009307,20241231,STR0117,PRD00027,67,46,Adequate,5.2,2026-07-04,B1
INV0009308,20241231,STR0117,PRD00028,12,18,Reorder Required,0.8,2026-06-20,A2
INV0009309,20241231,STR0117,PRD00029,184,10,Adequate,184.0,2026-05-10,B2
INV0009310,20241231,STR0117,PRD00030,176,12,Adequate,11.7,2026-05-24,C1
INV0009311,20241231,STR0117,PRD00031,97,44,Adequate,19.4,2026-05-08,A1
INV0009312,20241231,STR0117,PRD00032,49,31,Adequate,12.2,2026-06-04,B2
INV0009313,20241231,STR0117,PRD00033,20,33,Reorder Required,2.0,2026-05-24,A2
INV0009314,20241231,STR0117,PRD00034,186,33,Adequate,93.0,2026-06-11,C1
INV0009315,20241231,STR0117,PRD00035,53,23,Adequate,4.8,2026-06-04,A2
INV0009316,20241231,STR0117,PRD00036,36,40,Reorder Required,2.6,2026-06-15,C1
INV0009317,20241231,STR0117,PRD00037,181,23,Adequate,16.5,2026-05-23,B2
INV0009318,20241231,STR0117,PRD00038,13,27,Reorder Required,2.2,2026-05-31,C1
INV0009319,20241231,STR0117,PRD00039,174,38,Adequate,87.0,2026-05-28,A1
INV0009320,20241231,STR0117,PRD00040,189,44,Adequate,12.6,2026-06-14,A2
INV0009321,20241231,STR0117,PRD00041,145,33,Adequate,14.5,2026-05-17,A2
INV0009322,20241231,STR0117,PRD00042,115,14,Adequate,10.5,2026-06-03,C2
INV0009323,20241231,STR0117,PRD00043,46,21,Adequate,7.7,2026-06-07,C2
INV0009324,20241231,STR0117,PRD00044,120,19,Adequate,17.1,2026-05-19,C2
INV0009325,20241231,STR0117,PRD00045,143,11,Adequate,17.9,2026-06-10,A2
INV0009326,20241231,STR0117,PRD00046,125,40,Adequate,20.8,2026-06-08,C2
INV0009327,20241231,STR0117,PRD00047,19,14,Adequate,19.0,2026-05-25,A2
INV0009328,20241231,STR0117,PRD00048,149,31,Adequate,13.5,2026-05-18,D1
INV0009329,20241231,STR0117,PRD00049,146,41,Adequate,12.2,2026-06-29,B2
INV0009330,20241231,STR0117,PRD00050,156,39,Adequate,22.3,2026-06-02,A2
INV0009331,20241231,STR0117,PRD00051,176,26,Adequate,12.6,2026-06-25,A2
INV0009332,20241231,STR0117,PRD00052,19,13,Adequate,1.6,2026-06-29,B2
INV0009333,20241231,STR0117,PRD00053,113,20,Adequate,16.1,2026-07-02,B2
INV0009334,20241231,STR0117,PRD00054,107,19,Adequate,15.3,2026-06-19,C1
INV0009335,20241231,STR0117,PRD00055,93,38,Adequate,7.8,2026-06-18,B2
INV0009336,20241231,STR0117,PRD00056,24,30,Reorder Required,1.7,2026-06-10,C2
INV0009337,20241231,STR0117,PRD00057,102,44,Adequate,12.8,2026-06-09,A2
INV0009338,20241231,STR0117,PRD00058,180,19,Adequate,12.0,2026-07-03,C2
INV0009339,20241231,STR0117,PRD00059,139,44,Adequate,34.8,2026-05-31,A2
INV0009340,20241231,STR0117,PRD00060,16,28,Reorder Required,5.3,2026-06-05,A2
INV0009341,20241231,STR0117,PRD00061,51,38,Adequate,5.7,2026-06-16,D1
INV0009342,20241231,STR0117,PRD00062,9,18,Reorder Required,1.1,2026-05-22,B2
INV0009343,20241231,STR0117,PRD00063,50,24,Adequate,4.5,2026-05-31,C1
INV0009344,20241231,STR0117,PRD00064,21,22,Reorder Required,1.8,2026-06-27,A1
INV0009345,20241231,STR0117,PRD00065,59,22,Adequate,11.8,2026-06-21,D1
INV0009346,20241231,STR0117,PRD00066,79,15,Adequate,15.8,2026-06-22,C1
INV0009347,20241231,STR0117,PRD00067,86,42,Adequate,7.2,2026-06-13,A2
INV0009348,20241231,STR0117,PRD00068,144,37,Adequate,11.1,2026-05-26,A2
INV0009349,20241231,STR0117,PRD00069,140,29,Adequate,15.6,2026-06-11,D1
INV0009350,20241231,STR0117,PRD00070,48,38,Adequate,24.0,2026-05-22,B1
INV0009351,20241231,STR0117,PRD00071,26,37,Reorder Required,2.2,2026-05-23,C2
INV0009352,20241231,STR0117,PRD00072,65,15,Adequate,65.0,2026-05-21,C2
INV0009353,20241231,STR0117,PRD00073,134,31,Adequate,12.2,2026-06-03,B2
INV0009354,20241231,STR0117,PRD00074,35,10,Adequate,7.0,2026-06-28,A2
INV0009355,20241231,STR0117,PRD00075,58,39,Adequate,29.0,2026-06-28,B2
INV0009356,20241231,STR0117,PRD00076,140,34,Adequate,20.0,2026-05-10,D1
INV0009357,20241231,STR0117,PRD00077,132,47,Adequate,66.0,2026-06-02,D1
INV0009358,20241231,STR0117,PRD00078,41,10,Adequate,8.2,2026-06-01,C2
INV0009359,20241231,STR0117,PRD00079,4,28,Reorder Required,0.6,2026-07-04,D1
INV0009360,20241231,STR0117,PRD00080,181,11,Adequate,20.1,2026-07-01,B2
INV0009361,20241231,STR0118,PRD00001,0,50,Reorder Required,0.0,2026-06-12,B2
INV0009362,20241231,STR0118,PRD00002,91,17,Adequate,6.1,2026-06-20,B1
INV0009363,20241231,STR0118,PRD00003,170,44,Adequate,15.5,2026-06-08,C2
INV0009364,20241231,STR0118,PRD00004,47,27,Adequate,3.6,2026-07-02,C2
INV0009365,20241231,STR0118,PRD00005,137,40,Adequate,45.7,2026-06-29,A2
INV0009366,20241231,STR0118,PRD00006,10,33,Reorder Required,2.0,2026-06-24,A1
INV0009367,20241231,STR0118,PRD00007,158,39,Adequate,14.4,2026-06-20,C1
INV0009368,20241231,STR0118,PRD00008,41,20,Adequate,2.7,2026-06-08,D1
INV0009369,20241231,STR0118,PRD00009,164,38,Adequate,14.9,2026-06-10,D1
INV0009370,20241231,STR0118,PRD00010,0,30,Reorder Required,0.0,2026-06-17,B2
INV0009371,20241231,STR0118,PRD00011,141,36,Adequate,12.8,2026-05-20,B2
INV0009372,20241231,STR0118,PRD00012,4,13,Reorder Required,0.7,2026-05-15,A1
INV0009373,20241231,STR0118,PRD00013,62,34,Adequate,6.9,2026-05-17,A1
INV0009374,20241231,STR0118,PRD00014,20,27,Reorder Required,2.2,2026-05-11,A1
INV0009375,20241231,STR0118,PRD00015,181,27,Adequate,60.3,2026-05-12,D1
INV0009376,20241231,STR0118,PRD00016,172,31,Adequate,14.3,2026-06-19,A1
INV0009377,20241231,STR0118,PRD00017,30,50,Reorder Required,2.7,2026-05-19,A1
INV0009378,20241231,STR0118,PRD00018,86,24,Adequate,43.0,2026-05-22,B1
INV0009379,20241231,STR0118,PRD00019,51,23,Adequate,4.6,2026-06-29,B2
INV0009380,20241231,STR0118,PRD00020,96,37,Adequate,19.2,2026-06-16,B1
INV0009381,20241231,STR0118,PRD00021,171,24,Adequate,15.5,2026-06-25,B2
INV0009382,20241231,STR0118,PRD00022,19,12,Adequate,6.3,2026-06-10,C1
INV0009383,20241231,STR0118,PRD00023,84,37,Adequate,7.6,2026-06-11,D1
INV0009384,20241231,STR0118,PRD00024,92,16,Adequate,9.2,2026-06-06,A2
INV0009385,20241231,STR0118,PRD00025,28,36,Reorder Required,1.9,2026-07-02,C1
INV0009386,20241231,STR0118,PRD00026,62,15,Adequate,8.9,2026-06-09,B1
INV0009387,20241231,STR0118,PRD00027,86,46,Adequate,86.0,2026-05-21,A2
INV0009388,20241231,STR0118,PRD00028,27,18,Adequate,13.5,2026-07-02,B2
INV0009389,20241231,STR0118,PRD00029,104,10,Adequate,14.9,2026-05-26,B2
INV0009390,20241231,STR0118,PRD00030,153,12,Adequate,19.1,2026-06-08,D1
INV0009391,20241231,STR0118,PRD00031,152,44,Adequate,38.0,2026-05-27,C1
INV0009392,20241231,STR0118,PRD00032,3,31,Reorder Required,1.0,2026-05-14,C2
INV0009393,20241231,STR0118,PRD00033,107,33,Adequate,8.2,2026-06-03,C1
INV0009394,20241231,STR0118,PRD00034,74,33,Adequate,4.9,2026-07-06,A2
INV0009395,20241231,STR0118,PRD00035,131,23,Adequate,21.8,2026-05-30,B2
INV0009396,20241231,STR0118,PRD00036,85,40,Adequate,21.2,2026-05-21,C2
INV0009397,20241231,STR0118,PRD00037,20,23,Reorder Required,2.2,2026-06-26,A2
INV0009398,20241231,STR0118,PRD00038,150,27,Adequate,13.6,2026-05-23,B2
INV0009399,20241231,STR0118,PRD00039,87,38,Adequate,21.8,2026-06-09,C1
INV0009400,20241231,STR0118,PRD00040,18,44,Reorder Required,1.4,2026-06-24,A1
INV0009401,20241231,STR0118,PRD00041,6,33,Reorder Required,1.5,2026-05-23,B1
INV0009402,20241231,STR0118,PRD00042,174,14,Adequate,58.0,2026-05-09,B2
INV0009403,20241231,STR0118,PRD00043,170,21,Adequate,11.3,2026-06-08,C1
INV0009404,20241231,STR0118,PRD00044,60,19,Adequate,60.0,2026-07-03,C1
INV0009405,20241231,STR0118,PRD00045,131,11,Adequate,21.8,2026-06-03,A1
INV0009406,20241231,STR0118,PRD00046,168,40,Adequate,16.8,2026-06-22,A1
INV0009407,20241231,STR0118,PRD00047,193,14,Adequate,19.3,2026-06-10,C1
INV0009408,20241231,STR0118,PRD00048,46,31,Adequate,46.0,2026-06-08,A2
INV0009409,20241231,STR0118,PRD00049,25,41,Reorder Required,5.0,2026-07-02,B1
INV0009410,20241231,STR0118,PRD00050,3,39,Reorder Required,0.3,2026-06-23,B2
INV0009411,20241231,STR0118,PRD00051,9,26,Reorder Required,0.7,2026-05-14,B2
INV0009412,20241231,STR0118,PRD00052,192,13,Adequate,32.0,2026-05-14,B1
INV0009413,20241231,STR0118,PRD00053,134,20,Adequate,13.4,2026-05-13,A2
INV0009414,20241231,STR0118,PRD00054,102,19,Adequate,6.8,2026-06-19,C1
INV0009415,20241231,STR0118,PRD00055,2,38,Reorder Required,0.3,2026-06-02,C1
INV0009416,20241231,STR0118,PRD00056,108,30,Adequate,7.2,2026-05-20,D1
INV0009417,20241231,STR0118,PRD00057,119,44,Adequate,9.9,2026-06-28,D1
INV0009418,20241231,STR0118,PRD00058,153,19,Adequate,30.6,2026-06-21,B2
INV0009419,20241231,STR0118,PRD00059,27,44,Reorder Required,2.7,2026-05-15,C2
INV0009420,20241231,STR0118,PRD00060,170,28,Adequate,14.2,2026-05-31,B2
INV0009421,20241231,STR0118,PRD00061,171,38,Adequate,28.5,2026-05-12,C1
INV0009422,20241231,STR0118,PRD00062,50,18,Adequate,10.0,2026-07-01,B1
INV0009423,20241231,STR0118,PRD00063,154,24,Adequate,11.8,2026-05-27,C1
INV0009424,20241231,STR0118,PRD00064,23,22,Adequate,1.6,2026-05-18,D1
INV0009425,20241231,STR0118,PRD00065,10,22,Reorder Required,0.7,2026-06-13,B2
INV0009426,20241231,STR0118,PRD00066,70,15,Adequate,5.4,2026-05-13,C2
INV0009427,20241231,STR0118,PRD00067,156,42,Adequate,19.5,2026-05-27,C1
INV0009428,20241231,STR0118,PRD00068,75,37,Adequate,25.0,2026-05-26,D1
INV0009429,20241231,STR0118,PRD00069,20,29,Reorder Required,2.2,2026-05-19,B2
INV0009430,20241231,STR0118,PRD00070,72,38,Adequate,9.0,2026-05-19,A2
INV0009431,20241231,STR0118,PRD00071,64,37,Adequate,10.7,2026-06-14,A1
INV0009432,20241231,STR0118,PRD00072,16,15,Adequate,2.3,2026-07-04,C2
INV0009433,20241231,STR0118,PRD00073,128,31,Adequate,42.7,2026-07-04,A1
INV0009434,20241231,STR0118,PRD00074,132,10,Adequate,9.4,2026-06-11,B1
INV0009435,20241231,STR0118,PRD00075,34,39,Reorder Required,3.4,2026-07-06,B2
INV0009436,20241231,STR0118,PRD00076,173,34,Adequate,173.0,2026-05-16,A1
INV0009437,20241231,STR0118,PRD00077,65,47,Adequate,32.5,2026-05-17,B1
INV0009438,20241231,STR0118,PRD00078,119,10,Adequate,14.9,2026-06-07,C1
INV0009439,20241231,STR0118,PRD00079,94,28,Adequate,13.4,2026-06-25,B2
INV0009440,20241231,STR0118,PRD00080,134,11,Adequate,33.5,2026-06-26,A2
INV0009441,20241231,STR0119,PRD00001,161,50,Adequate,17.9,2026-06-01,D1
INV0009442,20241231,STR0119,PRD00002,118,17,Adequate,13.1,2026-05-15,B1
INV0009443,20241231,STR0119,PRD00003,40,44,Reorder Required,8.0,2026-05-12,C1
INV0009444,20241231,STR0119,PRD00004,51,27,Adequate,25.5,2026-05-31,B1
INV0009445,20241231,STR0119,PRD00005,149,40,Adequate,13.5,2026-06-22,C2
INV0009446,20241231,STR0119,PRD00006,22,33,Reorder Required,2.4,2026-05-12,C2
INV0009447,20241231,STR0119,PRD00007,10,39,Reorder Required,0.8,2026-06-12,B1
INV0009448,20241231,STR0119,PRD00008,121,20,Adequate,17.3,2026-06-07,C2
INV0009449,20241231,STR0119,PRD00009,158,38,Adequate,22.6,2026-06-01,B1
INV0009450,20241231,STR0119,PRD00010,144,30,Adequate,28.8,2026-07-06,A1
INV0009451,20241231,STR0119,PRD00011,188,36,Adequate,47.0,2026-06-08,B2
INV0009452,20241231,STR0119,PRD00012,186,13,Adequate,93.0,2026-07-05,B1
INV0009453,20241231,STR0119,PRD00013,148,34,Adequate,10.6,2026-05-30,C2
INV0009454,20241231,STR0119,PRD00014,44,27,Adequate,4.0,2026-06-27,C1
INV0009455,20241231,STR0119,PRD00015,161,27,Adequate,14.6,2026-06-19,C2
INV0009456,20241231,STR0119,PRD00016,124,31,Adequate,9.5,2026-05-31,B2
INV0009457,20241231,STR0119,PRD00017,13,50,Reorder Required,3.2,2026-06-24,B2
INV0009458,20241231,STR0119,PRD00018,102,24,Adequate,6.8,2026-07-02,B2
INV0009459,20241231,STR0119,PRD00019,136,23,Adequate,68.0,2026-05-11,D1
INV0009460,20241231,STR0119,PRD00020,88,37,Adequate,6.8,2026-06-19,A2
INV0009461,20241231,STR0119,PRD00021,189,24,Adequate,14.5,2026-06-01,B1
INV0009462,20241231,STR0119,PRD00022,8,12,Reorder Required,0.7,2026-07-02,B2
INV0009463,20241231,STR0119,PRD00023,168,37,Adequate,16.8,2026-07-06,A1
INV0009464,20241231,STR0119,PRD00024,149,16,Adequate,21.3,2026-07-05,B1
INV0009465,20241231,STR0119,PRD00025,168,36,Adequate,15.3,2026-07-03,A2
INV0009466,20241231,STR0119,PRD00026,20,15,Adequate,10.0,2026-05-31,A2
INV0009467,20241231,STR0119,PRD00027,155,46,Adequate,10.3,2026-05-29,A2
INV0009468,20241231,STR0119,PRD00028,53,18,Adequate,4.4,2026-06-04,C1
INV0009469,20241231,STR0119,PRD00029,69,10,Adequate,34.5,2026-06-15,A1
INV0009470,20241231,STR0119,PRD00030,32,12,Adequate,2.9,2026-06-22,A2
INV0009471,20241231,STR0119,PRD00031,37,44,Reorder Required,4.1,2026-05-19,A2
INV0009472,20241231,STR0119,PRD00032,70,31,Adequate,35.0,2026-05-17,C1
INV0009473,20241231,STR0119,PRD00033,177,33,Adequate,35.4,2026-05-21,C1
INV0009474,20241231,STR0119,PRD00034,23,33,Reorder Required,2.1,2026-06-02,A2
INV0009475,20241231,STR0119,PRD00035,147,23,Adequate,10.5,2026-06-30,B2
INV0009476,20241231,STR0119,PRD00036,191,40,Adequate,191.0,2026-06-23,B2
INV0009477,20241231,STR0119,PRD00037,190,23,Adequate,27.1,2026-06-27,B2
INV0009478,20241231,STR0119,PRD00038,194,27,Adequate,12.9,2026-05-21,A2
INV0009479,20241231,STR0119,PRD00039,25,38,Reorder Required,1.8,2026-06-18,A2
INV0009480,20241231,STR0119,PRD00040,76,44,Adequate,5.4,2026-05-15,A2
INV0009481,20241231,STR0119,PRD00041,28,33,Reorder Required,28.0,2026-06-20,D1
INV0009482,20241231,STR0119,PRD00042,88,14,Adequate,8.0,2026-06-05,A1
INV0009483,20241231,STR0119,PRD00043,146,21,Adequate,13.3,2026-06-18,B1
INV0009484,20241231,STR0119,PRD00044,161,19,Adequate,32.2,2026-06-02,A2
INV0009485,20241231,STR0119,PRD00045,193,11,Adequate,17.5,2026-05-26,C2
INV0009486,20241231,STR0119,PRD00046,38,40,Reorder Required,2.5,2026-05-30,C1
INV0009487,20241231,STR0119,PRD00047,71,14,Adequate,5.9,2026-05-08,C2
INV0009488,20241231,STR0119,PRD00048,12,31,Reorder Required,1.0,2026-05-31,B2
INV0009489,20241231,STR0119,PRD00049,115,41,Adequate,11.5,2026-05-23,C2
INV0009490,20241231,STR0119,PRD00050,136,39,Adequate,12.4,2026-05-19,C2
INV0009491,20241231,STR0119,PRD00051,161,26,Adequate,161.0,2026-05-10,A2
INV0009492,20241231,STR0119,PRD00052,142,13,Adequate,23.7,2026-05-12,B2
INV0009493,20241231,STR0119,PRD00053,59,20,Adequate,5.4,2026-06-15,C2
INV0009494,20241231,STR0119,PRD00054,137,19,Adequate,19.6,2026-06-11,A2
INV0009495,20241231,STR0119,PRD00055,78,38,Adequate,8.7,2026-05-09,A1
INV0009496,20241231,STR0119,PRD00056,45,30,Adequate,9.0,2026-06-07,A1
INV0009497,20241231,STR0119,PRD00057,41,44,Reorder Required,3.4,2026-06-11,D1
INV0009498,20241231,STR0119,PRD00058,68,19,Adequate,11.3,2026-06-04,D1
INV0009499,20241231,STR0119,PRD00059,32,44,Reorder Required,3.2,2026-07-03,B2
INV0009500,20241231,STR0119,PRD00060,161,28,Adequate,16.1,2026-05-22,B1
INV0009501,20241231,STR0119,PRD00061,194,38,Adequate,48.5,2026-06-14,B2
INV0009502,20241231,STR0119,PRD00062,93,18,Adequate,31.0,2026-06-25,B1
INV0009503,20241231,STR0119,PRD00063,93,24,Adequate,23.2,2026-05-23,D1
INV0009504,20241231,STR0119,PRD00064,142,22,Adequate,142.0,2026-05-16,C1
INV0009505,20241231,STR0119,PRD00065,70,22,Adequate,8.8,2026-05-08,B2
INV0009506,20241231,STR0119,PRD00066,157,15,Adequate,52.3,2026-05-25,C2
INV0009507,20241231,STR0119,PRD00067,86,42,Adequate,6.6,2026-06-07,C1
INV0009508,20241231,STR0119,PRD00068,49,37,Adequate,3.5,2026-05-31,D1
INV0009509,20241231,STR0119,PRD00069,170,29,Adequate,28.3,2026-07-02,B1
INV0009510,20241231,STR0119,PRD00070,74,38,Adequate,9.2,2026-06-18,B2
INV0009511,20241231,STR0119,PRD00071,17,37,Reorder Required,17.0,2026-06-09,A1
INV0009512,20241231,STR0119,PRD00072,36,15,Adequate,4.0,2026-05-29,D1
INV0009513,20241231,STR0119,PRD00073,38,31,Adequate,3.8,2026-06-25,D1
INV0009514,20241231,STR0119,PRD00074,67,10,Adequate,4.5,2026-07-06,A2
INV0009515,20241231,STR0119,PRD00075,36,39,Reorder Required,7.2,2026-05-16,A2
INV0009516,20241231,STR0119,PRD00076,17,34,Reorder Required,1.7,2026-06-07,C1
INV0009517,20241231,STR0119,PRD00077,198,47,Adequate,99.0,2026-06-27,A2
INV0009518,20241231,STR0119,PRD00078,185,10,Adequate,26.4,2026-06-16,C2
INV0009519,20241231,STR0119,PRD00079,35,28,Adequate,7.0,2026-05-14,B1
INV0009520,20241231,STR0119,PRD00080,114,11,Adequate,28.5,2026-06-18,B2
INV0009521,20241231,STR0120,PRD00001,18,50,Reorder Required,2.2,2026-06-24,C2
INV0009522,20241231,STR0120,PRD00002,42,17,Adequate,3.2,2026-06-23,B1
INV0009523,20241231,STR0120,PRD00003,67,44,Adequate,7.4,2026-06-25,A2
INV0009524,20241231,STR0120,PRD00004,35,27,Adequate,17.5,2026-06-27,D1
INV0009525,20241231,STR0120,PRD00005,10,40,Reorder Required,0.8,2026-06-27,A1
INV0009526,20241231,STR0120,PRD00006,11,33,Reorder Required,11.0,2026-06-06,A1
INV0009527,20241231,STR0120,PRD00007,3,39,Reorder Required,0.3,2026-05-30,B1
INV0009528,20241231,STR0120,PRD00008,141,20,Adequate,35.2,2026-05-15,B2
INV0009529,20241231,STR0120,PRD00009,46,38,Adequate,4.6,2026-07-05,B2
INV0009530,20241231,STR0120,PRD00010,76,30,Adequate,76.0,2026-06-05,C1
INV0009531,20241231,STR0120,PRD00011,153,36,Adequate,13.9,2026-06-03,B2
INV0009532,20241231,STR0120,PRD00012,181,13,Adequate,16.5,2026-05-31,D1
INV0009533,20241231,STR0120,PRD00013,9,34,Reorder Required,1.5,2026-05-25,D1
INV0009534,20241231,STR0120,PRD00014,33,27,Adequate,3.0,2026-05-14,C1
INV0009535,20241231,STR0120,PRD00015,25,27,Reorder Required,12.5,2026-06-18,D1
INV0009536,20241231,STR0120,PRD00016,138,31,Adequate,17.2,2026-06-18,B1
INV0009537,20241231,STR0120,PRD00017,162,50,Adequate,14.7,2026-05-19,A2
INV0009538,20241231,STR0120,PRD00018,191,24,Adequate,21.2,2026-06-07,B2
INV0009539,20241231,STR0120,PRD00019,195,23,Adequate,19.5,2026-06-12,C1
INV0009540,20241231,STR0120,PRD00020,93,37,Adequate,6.2,2026-06-10,A1
INV0009541,20241231,STR0120,PRD00021,3,24,Reorder Required,0.4,2026-06-07,B2
INV0009542,20241231,STR0120,PRD00022,68,12,Adequate,6.8,2026-06-11,B2
INV0009543,20241231,STR0120,PRD00023,181,37,Adequate,12.1,2026-05-22,A2
INV0009544,20241231,STR0120,PRD00024,35,16,Adequate,8.8,2026-05-23,B1
INV0009545,20241231,STR0120,PRD00025,148,36,Adequate,10.6,2026-06-20,C2
INV0009546,20241231,STR0120,PRD00026,6,15,Reorder Required,1.0,2026-06-17,A1
INV0009547,20241231,STR0120,PRD00027,109,46,Adequate,15.6,2026-05-24,B2
INV0009548,20241231,STR0120,PRD00028,184,18,Adequate,12.3,2026-06-17,A1
INV0009549,20241231,STR0120,PRD00029,119,10,Adequate,9.2,2026-05-12,D1
INV0009550,20241231,STR0120,PRD00030,189,12,Adequate,13.5,2026-06-08,D1
INV0009551,20241231,STR0120,PRD00031,98,44,Adequate,16.3,2026-05-26,B1
INV0009552,20241231,STR0120,PRD00032,22,31,Reorder Required,1.8,2026-07-05,A1
INV0009553,20241231,STR0120,PRD00033,85,33,Adequate,6.1,2026-06-22,A2
INV0009554,20241231,STR0120,PRD00034,24,33,Reorder Required,4.0,2026-06-25,B2
INV0009555,20241231,STR0120,PRD00035,28,23,Adequate,2.0,2026-06-22,A1
INV0009556,20241231,STR0120,PRD00036,2,40,Reorder Required,0.3,2026-06-20,C2
INV0009557,20241231,STR0120,PRD00037,47,23,Adequate,15.7,2026-05-24,A2
INV0009558,20241231,STR0120,PRD00038,152,27,Adequate,15.2,2026-05-28,B1
INV0009559,20241231,STR0120,PRD00039,189,38,Adequate,12.6,2026-06-07,A2
INV0009560,20241231,STR0120,PRD00040,122,44,Adequate,15.2,2026-06-23,C2
INV0009561,20241231,STR0120,PRD00041,133,33,Adequate,44.3,2026-07-05,C1
INV0009562,20241231,STR0120,PRD00042,107,14,Adequate,11.9,2026-06-03,B2
INV0009563,20241231,STR0120,PRD00043,125,21,Adequate,13.9,2026-05-21,B2
INV0009564,20241231,STR0120,PRD00044,181,19,Adequate,15.1,2026-06-01,D1
INV0009565,20241231,STR0120,PRD00045,91,11,Adequate,7.6,2026-06-30,A1
INV0009566,20241231,STR0120,PRD00046,15,40,Reorder Required,1.5,2026-06-04,C2
INV0009567,20241231,STR0120,PRD00047,121,14,Adequate,121.0,2026-07-06,B2
INV0009568,20241231,STR0120,PRD00048,124,31,Adequate,124.0,2026-05-31,C2
INV0009569,20241231,STR0120,PRD00049,146,41,Adequate,20.9,2026-05-25,C1
INV0009570,20241231,STR0120,PRD00050,146,39,Adequate,146.0,2026-06-02,B1
INV0009571,20241231,STR0120,PRD00051,69,26,Adequate,34.5,2026-06-30,C1
INV0009572,20241231,STR0120,PRD00052,116,13,Adequate,9.7,2026-05-08,A2
INV0009573,20241231,STR0120,PRD00053,127,20,Adequate,15.9,2026-05-18,C1
INV0009574,20241231,STR0120,PRD00054,144,19,Adequate,72.0,2026-06-25,C1
INV0009575,20241231,STR0120,PRD00055,175,38,Adequate,87.5,2026-06-19,D1
INV0009576,20241231,STR0120,PRD00056,112,30,Adequate,56.0,2026-06-17,A1
INV0009577,20241231,STR0120,PRD00057,23,44,Reorder Required,3.8,2026-06-21,C1
INV0009578,20241231,STR0120,PRD00058,34,19,Adequate,3.1,2026-06-15,B1
INV0009579,20241231,STR0120,PRD00059,34,44,Reorder Required,2.3,2026-05-26,C1
INV0009580,20241231,STR0120,PRD00060,192,28,Adequate,24.0,2026-06-22,C2
INV0009581,20241231,STR0120,PRD00061,165,38,Adequate,15.0,2026-05-22,B2
INV0009582,20241231,STR0120,PRD00062,194,18,Adequate,13.9,2026-07-04,B1
INV0009583,20241231,STR0120,PRD00063,25,24,Adequate,4.2,2026-06-19,C2
INV0009584,20241231,STR0120,PRD00064,147,22,Adequate,18.4,2026-06-28,D1
INV0009585,20241231,STR0120,PRD00065,168,22,Adequate,21.0,2026-06-22,B1
INV0009586,20241231,STR0120,PRD00066,40,15,Adequate,2.7,2026-06-28,A2
INV0009587,20241231,STR0120,PRD00067,9,42,Reorder Required,0.6,2026-06-15,D1
INV0009588,20241231,STR0120,PRD00068,76,37,Adequate,76.0,2026-05-13,A1
INV0009589,20241231,STR0120,PRD00069,39,29,Adequate,4.9,2026-05-12,B1
INV0009590,20241231,STR0120,PRD00070,193,38,Adequate,48.2,2026-06-21,C1
INV0009591,20241231,STR0120,PRD00071,18,37,Reorder Required,1.2,2026-07-05,C1
INV0009592,20241231,STR0120,PRD00072,3,15,Reorder Required,0.3,2026-05-14,C2
INV0009593,20241231,STR0120,PRD00073,167,31,Adequate,83.5,2026-05-08,D1
INV0009594,20241231,STR0120,PRD00074,12,10,Adequate,1.7,2026-05-26,C2
INV0009595,20241231,STR0120,PRD00075,23,39,Reorder Required,1.6,2026-05-30,C1
INV0009596,20241231,STR0120,PRD00076,172,34,Adequate,34.4,2026-06-10,B1
INV0009597,20241231,STR0120,PRD00077,176,47,Adequate,11.7,2026-06-28,B2
INV0009598,20241231,STR0120,PRD00078,0,10,Reorder Required,0.0,2026-06-12,C1
INV0009599,20241231,STR0120,PRD00079,97,28,Adequate,16.2,2026-06-04,A2
INV0009600,20241231,STR0120,PRD00080,154,11,Adequate,11.0,2026-06-22,C2
INV0009601,20241231,STR0121,PRD00001,100,50,Adequate,9.1,2026-06-27,B1
INV0009602,20241231,STR0121,PRD00002,135,17,Adequate,33.8,2026-06-20,B2
INV0009603,20241231,STR0121,PRD00003,117,44,Adequate,16.7,2026-05-31,B1
INV0009604,20241231,STR0121,PRD00004,131,27,Adequate,13.1,2026-05-29,C1
INV0009605,20241231,STR0121,PRD00005,137,40,Adequate,12.5,2026-06-10,C2
INV0009606,20241231,STR0121,PRD00006,23,33,Reorder Required,3.3,2026-05-09,A1
INV0009607,20241231,STR0121,PRD00007,200,39,Adequate,16.7,2026-06-08,B1
INV0009608,20241231,STR0121,PRD00008,167,20,Adequate,167.0,2026-05-31,C1
INV0009609,20241231,STR0121,PRD00009,140,38,Adequate,9.3,2026-05-10,B1
INV0009610,20241231,STR0121,PRD00010,133,30,Adequate,19.0,2026-06-26,A2
INV0009611,20241231,STR0121,PRD00011,147,36,Adequate,24.5,2026-05-11,D1
INV0009612,20241231,STR0121,PRD00012,87,13,Adequate,29.0,2026-06-24,B1
INV0009613,20241231,STR0121,PRD00013,42,34,Adequate,8.4,2026-05-23,C2
INV0009614,20241231,STR0121,PRD00014,21,27,Reorder Required,3.0,2026-06-20,D1
INV0009615,20241231,STR0121,PRD00015,37,27,Adequate,3.7,2026-05-16,D1
INV0009616,20241231,STR0121,PRD00016,137,31,Adequate,137.0,2026-06-10,A2
INV0009617,20241231,STR0121,PRD00017,153,50,Adequate,19.1,2026-05-10,A2
INV0009618,20241231,STR0121,PRD00018,80,24,Adequate,16.0,2026-06-26,A2
INV0009619,20241231,STR0121,PRD00019,37,23,Adequate,7.4,2026-06-09,B2
INV0009620,20241231,STR0121,PRD00020,139,37,Adequate,9.9,2026-05-29,B2
INV0009621,20241231,STR0121,PRD00021,66,24,Adequate,8.2,2026-05-18,B1
INV0009622,20241231,STR0121,PRD00022,200,12,Adequate,50.0,2026-06-25,C1
INV0009623,20241231,STR0121,PRD00023,94,37,Adequate,15.7,2026-06-02,C1
INV0009624,20241231,STR0121,PRD00024,143,16,Adequate,11.0,2026-06-17,D1
INV0009625,20241231,STR0121,PRD00025,102,36,Adequate,11.3,2026-05-26,B2
INV0009626,20241231,STR0121,PRD00026,112,15,Adequate,12.4,2026-07-05,A2
INV0009627,20241231,STR0121,PRD00027,70,46,Adequate,7.8,2026-06-12,B1
INV0009628,20241231,STR0121,PRD00028,86,18,Adequate,21.5,2026-06-20,B2
INV0009629,20241231,STR0121,PRD00029,133,10,Adequate,133.0,2026-06-17,B2
INV0009630,20241231,STR0121,PRD00030,17,12,Adequate,2.8,2026-05-26,C1
INV0009631,20241231,STR0121,PRD00031,108,44,Adequate,10.8,2026-06-09,A2
INV0009632,20241231,STR0121,PRD00032,187,31,Adequate,14.4,2026-05-09,A2
INV0009633,20241231,STR0121,PRD00033,184,33,Adequate,61.3,2026-05-26,D1
INV0009634,20241231,STR0121,PRD00034,36,33,Adequate,18.0,2026-07-02,A1
INV0009635,20241231,STR0121,PRD00035,11,23,Reorder Required,11.0,2026-06-12,C2
INV0009636,20241231,STR0121,PRD00036,167,40,Adequate,20.9,2026-05-22,A1
INV0009637,20241231,STR0121,PRD00037,140,23,Adequate,70.0,2026-06-09,C2
INV0009638,20241231,STR0121,PRD00038,62,27,Adequate,5.2,2026-06-09,B2
INV0009639,20241231,STR0121,PRD00039,166,38,Adequate,55.3,2026-06-21,A1
INV0009640,20241231,STR0121,PRD00040,109,44,Adequate,12.1,2026-05-20,C2
INV0009641,20241231,STR0121,PRD00041,74,33,Adequate,5.7,2026-06-25,B1
INV0009642,20241231,STR0121,PRD00042,110,14,Adequate,55.0,2026-05-22,B1
INV0009643,20241231,STR0121,PRD00043,111,21,Adequate,9.2,2026-07-06,A1
INV0009644,20241231,STR0121,PRD00044,124,19,Adequate,12.4,2026-06-05,A2
INV0009645,20241231,STR0121,PRD00045,31,11,Adequate,2.4,2026-05-15,C1
INV0009646,20241231,STR0121,PRD00046,190,40,Adequate,23.8,2026-06-27,D1
INV0009647,20241231,STR0121,PRD00047,153,14,Adequate,153.0,2026-05-27,B2
INV0009648,20241231,STR0121,PRD00048,2,31,Reorder Required,0.3,2026-05-20,A1
INV0009649,20241231,STR0121,PRD00049,68,41,Adequate,22.7,2026-06-25,C1
INV0009650,20241231,STR0121,PRD00050,180,39,Adequate,180.0,2026-06-04,B2
INV0009651,20241231,STR0121,PRD00051,161,26,Adequate,53.7,2026-05-22,B1
INV0009652,20241231,STR0121,PRD00052,170,13,Adequate,18.9,2026-06-18,C1
INV0009653,20241231,STR0121,PRD00053,77,20,Adequate,5.9,2026-05-30,A1
INV0009654,20241231,STR0121,PRD00054,62,19,Adequate,12.4,2026-06-14,B1
INV0009655,20241231,STR0121,PRD00055,103,38,Adequate,8.6,2026-05-17,C1
INV0009656,20241231,STR0121,PRD00056,106,30,Adequate,11.8,2026-06-23,B2
INV0009657,20241231,STR0121,PRD00057,105,44,Adequate,17.5,2026-06-24,A1
INV0009658,20241231,STR0121,PRD00058,114,19,Adequate,22.8,2026-06-21,B1
INV0009659,20241231,STR0121,PRD00059,15,44,Reorder Required,1.0,2026-06-14,B2
INV0009660,20241231,STR0121,PRD00060,121,28,Adequate,13.4,2026-06-01,C2
INV0009661,20241231,STR0121,PRD00061,43,38,Adequate,3.3,2026-05-19,C1
INV0009662,20241231,STR0121,PRD00062,37,18,Adequate,18.5,2026-05-13,C1
INV0009663,20241231,STR0121,PRD00063,86,24,Adequate,10.8,2026-05-28,A1
INV0009664,20241231,STR0121,PRD00064,33,22,Adequate,6.6,2026-06-20,B2
INV0009665,20241231,STR0121,PRD00065,117,22,Adequate,39.0,2026-06-24,B2
INV0009666,20241231,STR0121,PRD00066,84,15,Adequate,7.0,2026-06-09,B1
INV0009667,20241231,STR0121,PRD00067,134,42,Adequate,26.8,2026-05-14,D1
INV0009668,20241231,STR0121,PRD00068,139,37,Adequate,10.7,2026-06-24,C1
INV0009669,20241231,STR0121,PRD00069,27,29,Reorder Required,3.9,2026-06-13,B1
INV0009670,20241231,STR0121,PRD00070,138,38,Adequate,27.6,2026-06-26,B1
INV0009671,20241231,STR0121,PRD00071,137,37,Adequate,10.5,2026-05-25,B1
INV0009672,20241231,STR0121,PRD00072,168,15,Adequate,28.0,2026-06-30,D1
INV0009673,20241231,STR0121,PRD00073,182,31,Adequate,18.2,2026-05-14,C2
INV0009674,20241231,STR0121,PRD00074,167,10,Adequate,15.2,2026-05-08,A2
INV0009675,20241231,STR0121,PRD00075,36,39,Reorder Required,2.8,2026-06-15,B1
INV0009676,20241231,STR0121,PRD00076,50,34,Adequate,12.5,2026-06-13,A1
INV0009677,20241231,STR0121,PRD00077,119,47,Adequate,8.5,2026-05-19,A1
INV0009678,20241231,STR0121,PRD00078,109,10,Adequate,18.2,2026-07-05,C1
INV0009679,20241231,STR0121,PRD00079,120,28,Adequate,120.0,2026-05-25,B2
INV0009680,20241231,STR0121,PRD00080,189,11,Adequate,37.8,2026-06-25,C2
INV0009681,20241231,STR0122,PRD00001,102,50,Adequate,102.0,2026-06-23,A2
INV0009682,20241231,STR0122,PRD00002,162,17,Adequate,14.7,2026-05-14,C2
INV0009683,20241231,STR0122,PRD00003,66,44,Adequate,5.1,2026-06-05,A2
INV0009684,20241231,STR0122,PRD00004,104,27,Adequate,13.0,2026-05-12,B2
INV0009685,20241231,STR0122,PRD00005,176,40,Adequate,12.6,2026-06-12,A2
INV0009686,20241231,STR0122,PRD00006,85,33,Adequate,10.6,2026-06-04,C1
INV0009687,20241231,STR0122,PRD00007,128,39,Adequate,10.7,2026-06-10,B2
INV0009688,20241231,STR0122,PRD00008,92,20,Adequate,6.1,2026-05-12,C1
INV0009689,20241231,STR0122,PRD00009,36,38,Reorder Required,3.6,2026-05-28,C1
INV0009690,20241231,STR0122,PRD00010,190,30,Adequate,17.3,2026-05-26,B1
INV0009691,20241231,STR0122,PRD00011,167,36,Adequate,16.7,2026-05-11,B2
INV0009692,20241231,STR0122,PRD00012,59,13,Adequate,5.4,2026-06-21,D1
INV0009693,20241231,STR0122,PRD00013,75,34,Adequate,6.8,2026-05-20,D1
INV0009694,20241231,STR0122,PRD00014,110,27,Adequate,11.0,2026-06-02,A2
INV0009695,20241231,STR0122,PRD00015,189,27,Adequate,14.5,2026-05-21,C1
INV0009696,20241231,STR0122,PRD00016,76,31,Adequate,5.4,2026-06-30,C1
INV0009697,20241231,STR0122,PRD00017,33,50,Reorder Required,33.0,2026-05-10,C2
INV0009698,20241231,STR0122,PRD00018,159,24,Adequate,26.5,2026-06-21,C2
INV0009699,20241231,STR0122,PRD00019,75,23,Adequate,6.2,2026-06-17,C1
INV0009700,20241231,STR0122,PRD00020,35,37,Reorder Required,4.4,2026-06-01,D1
INV0009701,20241231,STR0122,PRD00021,108,24,Adequate,7.7,2026-06-21,C1
INV0009702,20241231,STR0122,PRD00022,36,12,Adequate,12.0,2026-06-15,D1
INV0009703,20241231,STR0122,PRD00023,129,37,Adequate,21.5,2026-05-08,A1
INV0009704,20241231,STR0122,PRD00024,4,16,Reorder Required,0.3,2026-06-03,A1
INV0009705,20241231,STR0122,PRD00025,189,36,Adequate,21.0,2026-06-29,A1
INV0009706,20241231,STR0122,PRD00026,106,15,Adequate,7.6,2026-05-30,C2
INV0009707,20241231,STR0122,PRD00027,171,46,Adequate,57.0,2026-05-18,C2
INV0009708,20241231,STR0122,PRD00028,118,18,Adequate,16.9,2026-05-19,D1
INV0009709,20241231,STR0122,PRD00029,106,10,Adequate,17.7,2026-06-03,B1
INV0009710,20241231,STR0122,PRD00030,128,12,Adequate,42.7,2026-07-05,D1
INV0009711,20241231,STR0122,PRD00031,97,44,Adequate,8.1,2026-07-01,A2
INV0009712,20241231,STR0122,PRD00032,196,31,Adequate,21.8,2026-06-26,A2
INV0009713,20241231,STR0122,PRD00033,84,33,Adequate,7.0,2026-06-30,B1
INV0009714,20241231,STR0122,PRD00034,98,33,Adequate,7.5,2026-06-25,C1
INV0009715,20241231,STR0122,PRD00035,117,23,Adequate,16.7,2026-05-08,B1
INV0009716,20241231,STR0122,PRD00036,189,40,Adequate,14.5,2026-05-26,C1
INV0009717,20241231,STR0122,PRD00037,38,23,Adequate,2.5,2026-06-30,B1
INV0009718,20241231,STR0122,PRD00038,146,27,Adequate,13.3,2026-06-06,A2
INV0009719,20241231,STR0122,PRD00039,180,38,Adequate,18.0,2026-05-12,B2
INV0009720,20241231,STR0122,PRD00040,94,44,Adequate,15.7,2026-06-05,C1
INV0009721,20241231,STR0122,PRD00041,49,33,Adequate,3.5,2026-06-09,B1
INV0009722,20241231,STR0122,PRD00042,151,14,Adequate,21.6,2026-06-03,B1
INV0009723,20241231,STR0122,PRD00043,151,21,Adequate,10.1,2026-06-27,B1
INV0009724,20241231,STR0122,PRD00044,175,19,Adequate,35.0,2026-05-11,A2
INV0009725,20241231,STR0122,PRD00045,99,11,Adequate,14.1,2026-06-08,D1
INV0009726,20241231,STR0122,PRD00046,83,40,Adequate,5.9,2026-06-09,C1
INV0009727,20241231,STR0122,PRD00047,200,14,Adequate,22.2,2026-05-31,D1
INV0009728,20241231,STR0122,PRD00048,64,31,Adequate,6.4,2026-06-08,A1
INV0009729,20241231,STR0122,PRD00049,6,41,Reorder Required,0.4,2026-05-14,B1
INV0009730,20241231,STR0122,PRD00050,135,39,Adequate,22.5,2026-07-02,C1
INV0009731,20241231,STR0122,PRD00051,164,26,Adequate,27.3,2026-05-24,C1
INV0009732,20241231,STR0122,PRD00052,184,13,Adequate,12.3,2026-05-18,C1
INV0009733,20241231,STR0122,PRD00053,137,20,Adequate,137.0,2026-06-15,A1
INV0009734,20241231,STR0122,PRD00054,70,19,Adequate,7.8,2026-07-06,C2
INV0009735,20241231,STR0122,PRD00055,103,38,Adequate,6.9,2026-05-23,A2
INV0009736,20241231,STR0122,PRD00056,64,30,Adequate,32.0,2026-06-07,A1
INV0009737,20241231,STR0122,PRD00057,131,44,Adequate,18.7,2026-05-17,C1
INV0009738,20241231,STR0122,PRD00058,42,19,Adequate,14.0,2026-06-30,B2
INV0009739,20241231,STR0122,PRD00059,8,44,Reorder Required,1.6,2026-06-20,A2
INV0009740,20241231,STR0122,PRD00060,44,28,Adequate,3.4,2026-05-21,D1
INV0009741,20241231,STR0122,PRD00061,47,38,Adequate,3.4,2026-06-13,C1
INV0009742,20241231,STR0122,PRD00062,95,18,Adequate,13.6,2026-05-20,B2
INV0009743,20241231,STR0122,PRD00063,40,24,Adequate,4.4,2026-06-30,C1
INV0009744,20241231,STR0122,PRD00064,44,22,Adequate,2.9,2026-06-02,D1
INV0009745,20241231,STR0122,PRD00065,114,22,Adequate,8.1,2026-05-10,B1
INV0009746,20241231,STR0122,PRD00066,196,15,Adequate,28.0,2026-05-17,D1
INV0009747,20241231,STR0122,PRD00067,70,42,Adequate,8.8,2026-06-09,A2
INV0009748,20241231,STR0122,PRD00068,125,37,Adequate,41.7,2026-06-19,A1
INV0009749,20241231,STR0122,PRD00069,148,29,Adequate,49.3,2026-06-30,B1
INV0009750,20241231,STR0122,PRD00070,188,38,Adequate,188.0,2026-06-13,D1
INV0009751,20241231,STR0122,PRD00071,80,37,Adequate,6.7,2026-07-06,B2
INV0009752,20241231,STR0122,PRD00072,70,15,Adequate,5.0,2026-05-25,D1
INV0009753,20241231,STR0122,PRD00073,86,31,Adequate,6.6,2026-07-04,D1
INV0009754,20241231,STR0122,PRD00074,195,10,Adequate,32.5,2026-06-24,B1
INV0009755,20241231,STR0122,PRD00075,54,39,Adequate,7.7,2026-05-22,D1
INV0009756,20241231,STR0122,PRD00076,13,34,Reorder Required,1.1,2026-06-27,A2
INV0009757,20241231,STR0122,PRD00077,188,47,Adequate,62.7,2026-06-27,B2
INV0009758,20241231,STR0122,PRD00078,45,10,Adequate,4.1,2026-05-09,A1
INV0009759,20241231,STR0122,PRD00079,195,28,Adequate,19.5,2026-05-14,C1
INV0009760,20241231,STR0122,PRD00080,29,11,Adequate,5.8,2026-06-13,C2
INV0009761,20241231,STR0123,PRD00001,169,50,Adequate,42.2,2026-06-28,B1
INV0009762,20241231,STR0123,PRD00002,127,17,Adequate,25.4,2026-07-02,D1
INV0009763,20241231,STR0123,PRD00003,165,44,Adequate,55.0,2026-05-20,C1
INV0009764,20241231,STR0123,PRD00004,189,27,Adequate,63.0,2026-05-26,A2
INV0009765,20241231,STR0123,PRD00005,145,40,Adequate,14.5,2026-07-02,A2
INV0009766,20241231,STR0123,PRD00006,19,33,Reorder Required,1.5,2026-06-26,C1
INV0009767,20241231,STR0123,PRD00007,161,39,Adequate,32.2,2026-05-22,C2
INV0009768,20241231,STR0123,PRD00008,115,20,Adequate,8.2,2026-05-25,B1
INV0009769,20241231,STR0123,PRD00009,48,38,Adequate,12.0,2026-06-02,B2
INV0009770,20241231,STR0123,PRD00010,27,30,Reorder Required,2.5,2026-06-28,A1
INV0009771,20241231,STR0123,PRD00011,149,36,Adequate,10.6,2026-05-31,B1
INV0009772,20241231,STR0123,PRD00012,113,13,Adequate,113.0,2026-05-19,C2
INV0009773,20241231,STR0123,PRD00013,104,34,Adequate,34.7,2026-06-08,B2
INV0009774,20241231,STR0123,PRD00014,87,27,Adequate,6.2,2026-05-10,A2
INV0009775,20241231,STR0123,PRD00015,156,27,Adequate,31.2,2026-05-13,D1
INV0009776,20241231,STR0123,PRD00016,58,31,Adequate,6.4,2026-05-27,A2
INV0009777,20241231,STR0123,PRD00017,47,50,Reorder Required,3.4,2026-05-16,B2
INV0009778,20241231,STR0123,PRD00018,37,24,Adequate,3.7,2026-06-02,D1
INV0009779,20241231,STR0123,PRD00019,57,23,Adequate,28.5,2026-05-16,B1
INV0009780,20241231,STR0123,PRD00020,136,37,Adequate,13.6,2026-06-27,A1
INV0009781,20241231,STR0123,PRD00021,123,24,Adequate,20.5,2026-05-14,C2
INV0009782,20241231,STR0123,PRD00022,47,12,Adequate,9.4,2026-07-01,C1
INV0009783,20241231,STR0123,PRD00023,141,37,Adequate,14.1,2026-06-23,B1
INV0009784,20241231,STR0123,PRD00024,36,16,Adequate,2.8,2026-05-08,C2
INV0009785,20241231,STR0123,PRD00025,40,36,Adequate,5.0,2026-05-15,D1
INV0009786,20241231,STR0123,PRD00026,122,15,Adequate,8.1,2026-06-06,B1
INV0009787,20241231,STR0123,PRD00027,136,46,Adequate,9.7,2026-06-19,B2
INV0009788,20241231,STR0123,PRD00028,102,18,Adequate,17.0,2026-06-05,C2
INV0009789,20241231,STR0123,PRD00029,157,10,Adequate,39.2,2026-06-06,A2
INV0009790,20241231,STR0123,PRD00030,57,12,Adequate,19.0,2026-06-10,B2
INV0009791,20241231,STR0123,PRD00031,16,44,Reorder Required,1.8,2026-05-08,D1
INV0009792,20241231,STR0123,PRD00032,11,31,Reorder Required,1.8,2026-06-21,B1
INV0009793,20241231,STR0123,PRD00033,36,33,Adequate,4.0,2026-05-10,A2
INV0009794,20241231,STR0123,PRD00034,180,33,Adequate,13.8,2026-06-24,B1
INV0009795,20241231,STR0123,PRD00035,155,23,Adequate,15.5,2026-07-03,A2
INV0009796,20241231,STR0123,PRD00036,72,40,Adequate,9.0,2026-06-11,D1
INV0009797,20241231,STR0123,PRD00037,26,23,Adequate,13.0,2026-06-18,C1
INV0009798,20241231,STR0123,PRD00038,163,27,Adequate,10.9,2026-06-28,C2
INV0009799,20241231,STR0123,PRD00039,50,38,Adequate,3.6,2026-05-08,C2
INV0009800,20241231,STR0123,PRD00040,21,44,Reorder Required,1.6,2026-06-13,C2
INV0009801,20241231,STR0123,PRD00041,133,33,Adequate,9.5,2026-06-18,C2
INV0009802,20241231,STR0123,PRD00042,173,14,Adequate,12.4,2026-06-24,B1
INV0009803,20241231,STR0123,PRD00043,73,21,Adequate,24.3,2026-06-25,A2
INV0009804,20241231,STR0123,PRD00044,123,19,Adequate,9.5,2026-06-24,B1
INV0009805,20241231,STR0123,PRD00045,96,11,Adequate,13.7,2026-05-16,A2
INV0009806,20241231,STR0123,PRD00046,90,40,Adequate,6.9,2026-05-29,B1
INV0009807,20241231,STR0123,PRD00047,52,14,Adequate,3.5,2026-06-03,A1
INV0009808,20241231,STR0123,PRD00048,76,31,Adequate,5.8,2026-05-27,C1
INV0009809,20241231,STR0123,PRD00049,178,41,Adequate,11.9,2026-06-08,C2
INV0009810,20241231,STR0123,PRD00050,112,39,Adequate,16.0,2026-05-28,A1
INV0009811,20241231,STR0123,PRD00051,137,26,Adequate,137.0,2026-05-27,D1
INV0009812,20241231,STR0123,PRD00052,57,13,Adequate,4.4,2026-06-07,C2
INV0009813,20241231,STR0123,PRD00053,104,20,Adequate,17.3,2026-05-25,B1
INV0009814,20241231,STR0123,PRD00054,43,19,Adequate,8.6,2026-05-10,C1
INV0009815,20241231,STR0123,PRD00055,115,38,Adequate,23.0,2026-05-16,A2
INV0009816,20241231,STR0123,PRD00056,112,30,Adequate,10.2,2026-07-01,C2
INV0009817,20241231,STR0123,PRD00057,183,44,Adequate,91.5,2026-06-30,D1
INV0009818,20241231,STR0123,PRD00058,28,19,Adequate,2.8,2026-07-04,C1
INV0009819,20241231,STR0123,PRD00059,152,44,Adequate,25.3,2026-05-23,B2
INV0009820,20241231,STR0123,PRD00060,129,28,Adequate,129.0,2026-05-28,A2
INV0009821,20241231,STR0123,PRD00061,187,38,Adequate,17.0,2026-06-28,A1
INV0009822,20241231,STR0123,PRD00062,80,18,Adequate,40.0,2026-06-22,B1
INV0009823,20241231,STR0123,PRD00063,169,24,Adequate,56.3,2026-05-17,A1
INV0009824,20241231,STR0123,PRD00064,149,22,Adequate,10.6,2026-06-03,C1
INV0009825,20241231,STR0123,PRD00065,40,22,Adequate,13.3,2026-06-02,B1
INV0009826,20241231,STR0123,PRD00066,25,15,Adequate,8.3,2026-07-02,A1
INV0009827,20241231,STR0123,PRD00067,121,42,Adequate,12.1,2026-05-18,D1
INV0009828,20241231,STR0123,PRD00068,186,37,Adequate,13.3,2026-06-23,A2
INV0009829,20241231,STR0123,PRD00069,128,29,Adequate,8.5,2026-06-21,D1
INV0009830,20241231,STR0123,PRD00070,96,38,Adequate,8.0,2026-06-04,D1
INV0009831,20241231,STR0123,PRD00071,162,37,Adequate,13.5,2026-06-06,C1
INV0009832,20241231,STR0123,PRD00072,83,15,Adequate,27.7,2026-06-24,D1
INV0009833,20241231,STR0123,PRD00073,175,31,Adequate,13.5,2026-06-16,B2
INV0009834,20241231,STR0123,PRD00074,98,10,Adequate,16.3,2026-06-22,B1
INV0009835,20241231,STR0123,PRD00075,83,39,Adequate,9.2,2026-06-05,A2
INV0009836,20241231,STR0123,PRD00076,29,34,Reorder Required,29.0,2026-06-12,D1
INV0009837,20241231,STR0123,PRD00077,119,47,Adequate,10.8,2026-05-10,C2
INV0009838,20241231,STR0123,PRD00078,97,10,Adequate,97.0,2026-05-25,A2
INV0009839,20241231,STR0123,PRD00079,173,28,Adequate,43.2,2026-05-15,D1
INV0009840,20241231,STR0123,PRD00080,85,11,Adequate,17.0,2026-07-02,D1
INV0009841,20241231,STR0124,PRD00001,6,50,Reorder Required,3.0,2026-06-23,C2
INV0009842,20241231,STR0124,PRD00002,99,17,Adequate,8.2,2026-05-17,D1
INV0009843,20241231,STR0124,PRD00003,180,44,Adequate,12.0,2026-05-09,C2
INV0009844,20241231,STR0124,PRD00004,90,27,Adequate,30.0,2026-06-03,B2
INV0009845,20241231,STR0124,PRD00005,30,40,Reorder Required,3.3,2026-05-15,B2
INV0009846,20241231,STR0124,PRD00006,196,33,Adequate,98.0,2026-07-03,A1
INV0009847,20241231,STR0124,PRD00007,144,39,Adequate,11.1,2026-05-29,A2
INV0009848,20241231,STR0124,PRD00008,25,20,Adequate,1.9,2026-05-25,B2
INV0009849,20241231,STR0124,PRD00009,191,38,Adequate,14.7,2026-06-19,B1
INV0009850,20241231,STR0124,PRD00010,145,30,Adequate,9.7,2026-06-06,C1
INV0009851,20241231,STR0124,PRD00011,171,36,Adequate,34.2,2026-05-17,A1
INV0009852,20241231,STR0124,PRD00012,162,13,Adequate,23.1,2026-05-14,B1
INV0009853,20241231,STR0124,PRD00013,173,34,Adequate,11.5,2026-05-29,A1
INV0009854,20241231,STR0124,PRD00014,66,27,Adequate,4.4,2026-07-01,D1
INV0009855,20241231,STR0124,PRD00015,12,27,Reorder Required,4.0,2026-06-13,B1
INV0009856,20241231,STR0124,PRD00016,140,31,Adequate,10.8,2026-06-25,A2
INV0009857,20241231,STR0124,PRD00017,48,50,Reorder Required,3.2,2026-06-09,C2
INV0009858,20241231,STR0124,PRD00018,61,24,Adequate,6.8,2026-05-22,C2
INV0009859,20241231,STR0124,PRD00019,54,23,Adequate,13.5,2026-05-24,D1
INV0009860,20241231,STR0124,PRD00020,136,37,Adequate,9.7,2026-05-27,D1
INV0009861,20241231,STR0124,PRD00021,138,24,Adequate,15.3,2026-05-25,C2
INV0009862,20241231,STR0124,PRD00022,86,12,Adequate,9.6,2026-06-04,D1
INV0009863,20241231,STR0124,PRD00023,4,37,Reorder Required,0.7,2026-05-31,B2
INV0009864,20241231,STR0124,PRD00024,30,16,Adequate,6.0,2026-07-02,C2
INV0009865,20241231,STR0124,PRD00025,12,36,Reorder Required,2.4,2026-06-11,A1
INV0009866,20241231,STR0124,PRD00026,100,15,Adequate,7.7,2026-07-04,C2
INV0009867,20241231,STR0124,PRD00027,143,46,Adequate,20.4,2026-06-16,B2
INV0009868,20241231,STR0124,PRD00028,36,18,Adequate,4.0,2026-05-23,A1
INV0009869,20241231,STR0124,PRD00029,38,10,Adequate,2.5,2026-06-08,B2
INV0009870,20241231,STR0124,PRD00030,138,12,Adequate,9.9,2026-05-28,D1
INV0009871,20241231,STR0124,PRD00031,165,44,Adequate,18.3,2026-06-26,A2
INV0009872,20241231,STR0124,PRD00032,69,31,Adequate,13.8,2026-06-12,A1
INV0009873,20241231,STR0124,PRD00033,21,33,Reorder Required,3.0,2026-05-22,A2
INV0009874,20241231,STR0124,PRD00034,70,33,Adequate,5.8,2026-05-11,D1
INV0009875,20241231,STR0124,PRD00035,128,23,Adequate,21.3,2026-05-09,D1
INV0009876,20241231,STR0124,PRD00036,164,40,Adequate,27.3,2026-06-25,C2
INV0009877,20241231,STR0124,PRD00037,165,23,Adequate,15.0,2026-06-03,C1
INV0009878,20241231,STR0124,PRD00038,11,27,Reorder Required,0.9,2026-05-18,B1
INV0009879,20241231,STR0124,PRD00039,49,38,Adequate,9.8,2026-06-02,C1
INV0009880,20241231,STR0124,PRD00040,77,44,Adequate,5.1,2026-06-14,A2
INV0009881,20241231,STR0124,PRD00041,98,33,Adequate,12.2,2026-06-19,A2
INV0009882,20241231,STR0124,PRD00042,148,14,Adequate,10.6,2026-05-31,B1
INV0009883,20241231,STR0124,PRD00043,66,21,Adequate,5.1,2026-06-07,A1
INV0009884,20241231,STR0124,PRD00044,89,19,Adequate,14.8,2026-06-25,B1
INV0009885,20241231,STR0124,PRD00045,58,11,Adequate,3.9,2026-07-04,B1
INV0009886,20241231,STR0124,PRD00046,66,40,Adequate,11.0,2026-05-26,C1
INV0009887,20241231,STR0124,PRD00047,110,14,Adequate,7.3,2026-06-08,C2
INV0009888,20241231,STR0124,PRD00048,160,31,Adequate,53.3,2026-06-22,A1
INV0009889,20241231,STR0124,PRD00049,186,41,Adequate,31.0,2026-05-17,D1
INV0009890,20241231,STR0124,PRD00050,127,39,Adequate,31.8,2026-05-27,C2
INV0009891,20241231,STR0124,PRD00051,80,26,Adequate,13.3,2026-06-04,D1
INV0009892,20241231,STR0124,PRD00052,102,13,Adequate,51.0,2026-05-14,C2
INV0009893,20241231,STR0124,PRD00053,139,20,Adequate,17.4,2026-06-19,D1
INV0009894,20241231,STR0124,PRD00054,27,19,Adequate,4.5,2026-05-24,C2
INV0009895,20241231,STR0124,PRD00055,50,38,Adequate,3.3,2026-07-05,B2
INV0009896,20241231,STR0124,PRD00056,142,30,Adequate,10.9,2026-07-05,A1
INV0009897,20241231,STR0124,PRD00057,0,44,Reorder Required,0.0,2026-06-18,A2
INV0009898,20241231,STR0124,PRD00058,50,19,Adequate,12.5,2026-06-13,C1
INV0009899,20241231,STR0124,PRD00059,187,44,Adequate,46.8,2026-05-27,A1
INV0009900,20241231,STR0124,PRD00060,63,28,Adequate,12.6,2026-05-20,B1
INV0009901,20241231,STR0124,PRD00061,23,38,Reorder Required,7.7,2026-05-14,B2
INV0009902,20241231,STR0124,PRD00062,191,18,Adequate,14.7,2026-06-18,B2
INV0009903,20241231,STR0124,PRD00063,63,24,Adequate,5.7,2026-06-09,D1
INV0009904,20241231,STR0124,PRD00064,155,22,Adequate,38.8,2026-05-30,C2
INV0009905,20241231,STR0124,PRD00065,65,22,Adequate,10.8,2026-05-25,C1
INV0009906,20241231,STR0124,PRD00066,51,15,Adequate,4.2,2026-05-12,B1
INV0009907,20241231,STR0124,PRD00067,195,42,Adequate,195.0,2026-05-17,D1
INV0009908,20241231,STR0124,PRD00068,170,37,Adequate,56.7,2026-05-18,A1
INV0009909,20241231,STR0124,PRD00069,74,29,Adequate,5.3,2026-06-24,A1
INV0009910,20241231,STR0124,PRD00070,68,38,Adequate,13.6,2026-05-22,B1
INV0009911,20241231,STR0124,PRD00071,187,37,Adequate,12.5,2026-05-14,B1
INV0009912,20241231,STR0124,PRD00072,62,15,Adequate,20.7,2026-07-01,A2
INV0009913,20241231,STR0124,PRD00073,200,31,Adequate,25.0,2026-05-25,A2
INV0009914,20241231,STR0124,PRD00074,176,10,Adequate,14.7,2026-06-21,A2
INV0009915,20241231,STR0124,PRD00075,20,39,Reorder Required,10.0,2026-05-12,D1
INV0009916,20241231,STR0124,PRD00076,194,34,Adequate,21.6,2026-06-08,C1
INV0009917,20241231,STR0124,PRD00077,94,47,Adequate,11.8,2026-06-18,B2
INV0009918,20241231,STR0124,PRD00078,78,10,Adequate,5.6,2026-06-04,A2
INV0009919,20241231,STR0124,PRD00079,21,28,Reorder Required,2.3,2026-06-09,B1
INV0009920,20241231,STR0124,PRD00080,87,11,Adequate,14.5,2026-06-10,A1
INV0009921,20241231,STR0125,PRD00001,19,50,Reorder Required,9.5,2026-07-05,A1
INV0009922,20241231,STR0125,PRD00002,44,17,Adequate,14.7,2026-07-01,A2
INV0009923,20241231,STR0125,PRD00003,178,44,Adequate,35.6,2026-05-16,A1
INV0009924,20241231,STR0125,PRD00004,7,27,Reorder Required,2.3,2026-06-26,D1
INV0009925,20241231,STR0125,PRD00005,160,40,Adequate,13.3,2026-07-04,C2
INV0009926,20241231,STR0125,PRD00006,192,33,Adequate,27.4,2026-06-05,A2
INV0009927,20241231,STR0125,PRD00007,129,39,Adequate,9.2,2026-05-21,C2
INV0009928,20241231,STR0125,PRD00008,162,20,Adequate,81.0,2026-06-06,C2
INV0009929,20241231,STR0125,PRD00009,64,38,Adequate,5.3,2026-06-09,D1
INV0009930,20241231,STR0125,PRD00010,120,30,Adequate,9.2,2026-06-28,C2
INV0009931,20241231,STR0125,PRD00011,62,36,Adequate,8.9,2026-06-03,D1
INV0009932,20241231,STR0125,PRD00012,193,13,Adequate,13.8,2026-06-18,B2
INV0009933,20241231,STR0125,PRD00013,67,34,Adequate,16.8,2026-05-13,A1
INV0009934,20241231,STR0125,PRD00014,9,27,Reorder Required,0.8,2026-06-14,D1
INV0009935,20241231,STR0125,PRD00015,110,27,Adequate,10.0,2026-05-27,C2
INV0009936,20241231,STR0125,PRD00016,113,31,Adequate,56.5,2026-06-15,B2
INV0009937,20241231,STR0125,PRD00017,122,50,Adequate,40.7,2026-06-29,B1
INV0009938,20241231,STR0125,PRD00018,79,24,Adequate,6.1,2026-06-29,B1
INV0009939,20241231,STR0125,PRD00019,1,23,Reorder Required,0.1,2026-06-29,B1
INV0009940,20241231,STR0125,PRD00020,44,37,Adequate,3.1,2026-05-12,A2
INV0009941,20241231,STR0125,PRD00021,187,24,Adequate,31.2,2026-05-10,A2
INV0009942,20241231,STR0125,PRD00022,137,12,Adequate,68.5,2026-06-26,A1
INV0009943,20241231,STR0125,PRD00023,70,37,Adequate,5.8,2026-06-01,B1
INV0009944,20241231,STR0125,PRD00024,95,16,Adequate,23.8,2026-06-23,A1
INV0009945,20241231,STR0125,PRD00025,113,36,Adequate,16.1,2026-05-21,C2
INV0009946,20241231,STR0125,PRD00026,137,15,Adequate,27.4,2026-06-07,B2
INV0009947,20241231,STR0125,PRD00027,59,46,Adequate,7.4,2026-06-13,C1
INV0009948,20241231,STR0125,PRD00028,130,18,Adequate,16.2,2026-05-19,C2
INV0009949,20241231,STR0125,PRD00029,29,10,Adequate,4.8,2026-06-22,A2
INV0009950,20241231,STR0125,PRD00030,9,12,Reorder Required,1.3,2026-06-23,B1
INV0009951,20241231,STR0125,PRD00031,172,44,Adequate,12.3,2026-06-05,C2
INV0009952,20241231,STR0125,PRD00032,26,31,Reorder Required,8.7,2026-05-19,A2
INV0009953,20241231,STR0125,PRD00033,170,33,Adequate,85.0,2026-06-17,B1
INV0009954,20241231,STR0125,PRD00034,19,33,Reorder Required,4.8,2026-06-23,D1
INV0009955,20241231,STR0125,PRD00035,33,23,Adequate,8.2,2026-06-13,C1
INV0009956,20241231,STR0125,PRD00036,53,40,Adequate,3.8,2026-06-30,C1
INV0009957,20241231,STR0125,PRD00037,187,23,Adequate,46.8,2026-05-23,D1
INV0009958,20241231,STR0125,PRD00038,36,27,Adequate,7.2,2026-06-22,A1
INV0009959,20241231,STR0125,PRD00039,191,38,Adequate,13.6,2026-06-17,C1
INV0009960,20241231,STR0125,PRD00040,32,44,Reorder Required,3.2,2026-05-10,B1
INV0009961,20241231,STR0125,PRD00041,15,33,Reorder Required,5.0,2026-06-29,A1
INV0009962,20241231,STR0125,PRD00042,58,14,Adequate,19.3,2026-06-01,B1
INV0009963,20241231,STR0125,PRD00043,89,21,Adequate,6.8,2026-06-29,B2
INV0009964,20241231,STR0125,PRD00044,14,19,Reorder Required,1.1,2026-05-17,B1
INV0009965,20241231,STR0125,PRD00045,180,11,Adequate,25.7,2026-06-17,C2
INV0009966,20241231,STR0125,PRD00046,164,40,Adequate,23.4,2026-06-28,B1
INV0009967,20241231,STR0125,PRD00047,145,14,Adequate,36.2,2026-06-11,C1
INV0009968,20241231,STR0125,PRD00048,135,31,Adequate,11.2,2026-06-05,C1
INV0009969,20241231,STR0125,PRD00049,93,41,Adequate,93.0,2026-06-27,D1
INV0009970,20241231,STR0125,PRD00050,97,39,Adequate,19.4,2026-07-01,C1
INV0009971,20241231,STR0125,PRD00051,117,26,Adequate,13.0,2026-06-18,D1
INV0009972,20241231,STR0125,PRD00052,4,13,Reorder Required,0.4,2026-06-18,B1
INV0009973,20241231,STR0125,PRD00053,154,20,Adequate,19.2,2026-06-27,A2
INV0009974,20241231,STR0125,PRD00054,193,19,Adequate,17.5,2026-05-16,D1
INV0009975,20241231,STR0125,PRD00055,197,38,Adequate,28.1,2026-05-29,B1
INV0009976,20241231,STR0125,PRD00056,138,30,Adequate,34.5,2026-07-04,A1
INV0009977,20241231,STR0125,PRD00057,85,44,Adequate,8.5,2026-05-26,C1
INV0009978,20241231,STR0125,PRD00058,79,19,Adequate,5.3,2026-05-23,A1
INV0009979,20241231,STR0125,PRD00059,133,44,Adequate,66.5,2026-06-06,D1
INV0009980,20241231,STR0125,PRD00060,127,28,Adequate,25.4,2026-05-18,D1
INV0009981,20241231,STR0125,PRD00061,184,38,Adequate,13.1,2026-06-04,D1
INV0009982,20241231,STR0125,PRD00062,7,18,Reorder Required,0.8,2026-05-08,B1
INV0009983,20241231,STR0125,PRD00063,152,24,Adequate,50.7,2026-06-25,A2
INV0009984,20241231,STR0125,PRD00064,32,22,Adequate,3.2,2026-05-08,A1
INV0009985,20241231,STR0125,PRD00065,47,22,Adequate,7.8,2026-07-05,C2
INV0009986,20241231,STR0125,PRD00066,55,15,Adequate,4.6,2026-05-20,A2
INV0009987,20241231,STR0125,PRD00067,184,42,Adequate,14.2,2026-07-01,D1
INV0009988,20241231,STR0125,PRD00068,143,37,Adequate,47.7,2026-06-28,B2
INV0009989,20241231,STR0125,PRD00069,18,29,Reorder Required,1.8,2026-05-24,D1
INV0009990,20241231,STR0125,PRD00070,119,38,Adequate,17.0,2026-06-18,C2
INV0009991,20241231,STR0125,PRD00071,143,37,Adequate,17.9,2026-05-12,B1
INV0009992,20241231,STR0125,PRD00072,130,15,Adequate,11.8,2026-05-21,D1
INV0009993,20241231,STR0125,PRD00073,33,31,Adequate,11.0,2026-06-19,C2
INV0009994,20241231,STR0125,PRD00074,80,10,Adequate,10.0,2026-06-17,D1
INV0009995,20241231,STR0125,PRD00075,157,39,Adequate,31.4,2026-07-01,A1
INV0009996,20241231,STR0125,PRD00076,181,34,Adequate,12.1,2026-06-18,A2
INV0009997,20241231,STR0125,PRD00077,123,47,Adequate,24.6,2026-07-01,A1
INV0009998,20241231,STR0125,PRD00078,103,10,Adequate,34.3,2026-05-25,B2
INV0009999,20241231,STR0125,PRD00079,49,28,Adequate,4.5,2026-06-20,B1
INV0010000,20241231,STR0125,PRD00080,67,11,Adequate,5.2,2026-05-16,D1
INV0010001,20241231,STR0126,PRD00001,27,50,Reorder Required,1.9,2026-06-08,C2
INV0010002,20241231,STR0126,PRD00002,32,17,Adequate,2.1,2026-06-13,C2
INV0010003,20241231,STR0126,PRD00003,169,44,Adequate,18.8,2026-05-29,C2
INV0010004,20241231,STR0126,PRD00004,48,27,Adequate,48.0,2026-05-18,A2
INV0010005,20241231,STR0126,PRD00005,130,40,Adequate,16.2,2026-06-02,C2
INV0010006,20241231,STR0126,PRD00006,69,33,Adequate,34.5,2026-05-19,D1
INV0010007,20241231,STR0126,PRD00007,87,39,Adequate,87.0,2026-05-09,D1
INV0010008,20241231,STR0126,PRD00008,66,20,Adequate,8.2,2026-05-18,B2
INV0010009,20241231,STR0126,PRD00009,36,38,Reorder Required,4.5,2026-06-06,C1
INV0010010,20241231,STR0126,PRD00010,128,30,Adequate,9.8,2026-05-15,B2
INV0010011,20241231,STR0126,PRD00011,182,36,Adequate,26.0,2026-06-16,B2
INV0010012,20241231,STR0126,PRD00012,143,13,Adequate,143.0,2026-06-28,A2
INV0010013,20241231,STR0126,PRD00013,32,34,Reorder Required,2.1,2026-05-09,C2
INV0010014,20241231,STR0126,PRD00014,135,27,Adequate,33.8,2026-06-10,C1
INV0010015,20241231,STR0126,PRD00015,73,27,Adequate,9.1,2026-05-31,B2
INV0010016,20241231,STR0126,PRD00016,186,31,Adequate,23.2,2026-06-06,A2
INV0010017,20241231,STR0126,PRD00017,127,50,Adequate,25.4,2026-05-21,C2
INV0010018,20241231,STR0126,PRD00018,60,24,Adequate,8.6,2026-06-27,C2
INV0010019,20241231,STR0126,PRD00019,1,23,Reorder Required,0.5,2026-05-30,B2
INV0010020,20241231,STR0126,PRD00020,20,37,Reorder Required,1.3,2026-05-25,A2
INV0010021,20241231,STR0126,PRD00021,46,24,Adequate,4.2,2026-06-06,C2
INV0010022,20241231,STR0126,PRD00022,193,12,Adequate,21.4,2026-05-14,C2
INV0010023,20241231,STR0126,PRD00023,144,37,Adequate,9.6,2026-06-10,C1
INV0010024,20241231,STR0126,PRD00024,132,16,Adequate,33.0,2026-07-05,D1
INV0010025,20241231,STR0126,PRD00025,121,36,Adequate,10.1,2026-06-22,A2
INV0010026,20241231,STR0126,PRD00026,186,15,Adequate,31.0,2026-05-28,C2
INV0010027,20241231,STR0126,PRD00027,34,46,Reorder Required,2.6,2026-06-03,A2
INV0010028,20241231,STR0126,PRD00028,83,18,Adequate,9.2,2026-07-03,A1
INV0010029,20241231,STR0126,PRD00029,108,10,Adequate,8.3,2026-05-29,B1
INV0010030,20241231,STR0126,PRD00030,134,12,Adequate,134.0,2026-06-12,D1
INV0010031,20241231,STR0126,PRD00031,118,44,Adequate,59.0,2026-07-06,B1
INV0010032,20241231,STR0126,PRD00032,130,31,Adequate,10.0,2026-06-17,C1
INV0010033,20241231,STR0126,PRD00033,191,33,Adequate,21.2,2026-05-15,B1
INV0010034,20241231,STR0126,PRD00034,192,33,Adequate,21.3,2026-06-16,A1
INV0010035,20241231,STR0126,PRD00035,128,23,Adequate,64.0,2026-05-13,B1
INV0010036,20241231,STR0126,PRD00036,182,40,Adequate,16.5,2026-05-22,B1
INV0010037,20241231,STR0126,PRD00037,158,23,Adequate,10.5,2026-05-08,C2
INV0010038,20241231,STR0126,PRD00038,148,27,Adequate,9.9,2026-06-12,D1
INV0010039,20241231,STR0126,PRD00039,172,38,Adequate,24.6,2026-07-03,A1
INV0010040,20241231,STR0126,PRD00040,112,44,Adequate,18.7,2026-06-16,D1
INV0010041,20241231,STR0126,PRD00041,18,33,Reorder Required,1.3,2026-05-19,C1
INV0010042,20241231,STR0126,PRD00042,161,14,Adequate,13.4,2026-06-09,C1
INV0010043,20241231,STR0126,PRD00043,123,21,Adequate,41.0,2026-05-18,B2
INV0010044,20241231,STR0126,PRD00044,20,19,Adequate,1.8,2026-06-23,B1
INV0010045,20241231,STR0126,PRD00045,35,11,Adequate,2.9,2026-05-12,A1
INV0010046,20241231,STR0126,PRD00046,19,40,Reorder Required,3.8,2026-05-30,B1
INV0010047,20241231,STR0126,PRD00047,73,14,Adequate,6.6,2026-06-29,A2
INV0010048,20241231,STR0126,PRD00048,159,31,Adequate,53.0,2026-07-05,C2
INV0010049,20241231,STR0126,PRD00049,118,41,Adequate,23.6,2026-06-23,C1
INV0010050,20241231,STR0126,PRD00050,2,39,Reorder Required,0.4,2026-06-16,A1
INV0010051,20241231,STR0126,PRD00051,153,26,Adequate,51.0,2026-06-26,A1
INV0010052,20241231,STR0126,PRD00052,35,13,Adequate,3.2,2026-05-20,C1
INV0010053,20241231,STR0126,PRD00053,39,20,Adequate,3.2,2026-06-21,A2
INV0010054,20241231,STR0126,PRD00054,98,19,Adequate,98.0,2026-05-24,A2
INV0010055,20241231,STR0126,PRD00055,3,38,Reorder Required,0.4,2026-05-20,A1
INV0010056,20241231,STR0126,PRD00056,92,30,Adequate,46.0,2026-07-01,D1
INV0010057,20241231,STR0126,PRD00057,95,44,Adequate,47.5,2026-06-23,D1
INV0010058,20241231,STR0126,PRD00058,26,19,Adequate,1.9,2026-06-04,C1
INV0010059,20241231,STR0126,PRD00059,3,44,Reorder Required,0.2,2026-06-17,B2
INV0010060,20241231,STR0126,PRD00060,73,28,Adequate,73.0,2026-06-23,A2
INV0010061,20241231,STR0126,PRD00061,101,38,Adequate,7.8,2026-06-14,C1
INV0010062,20241231,STR0126,PRD00062,35,18,Adequate,3.9,2026-06-10,C2
INV0010063,20241231,STR0126,PRD00063,146,24,Adequate,29.2,2026-06-05,A2
INV0010064,20241231,STR0126,PRD00064,40,22,Adequate,8.0,2026-06-12,A1
INV0010065,20241231,STR0126,PRD00065,63,22,Adequate,31.5,2026-06-27,C1
INV0010066,20241231,STR0126,PRD00066,19,15,Adequate,3.8,2026-07-02,A1
INV0010067,20241231,STR0126,PRD00067,110,42,Adequate,11.0,2026-07-06,C1
INV0010068,20241231,STR0126,PRD00068,118,37,Adequate,39.3,2026-06-18,C2
INV0010069,20241231,STR0126,PRD00069,16,29,Reorder Required,2.7,2026-06-13,A1
INV0010070,20241231,STR0126,PRD00070,127,38,Adequate,42.3,2026-05-26,A2
INV0010071,20241231,STR0126,PRD00071,29,37,Reorder Required,3.2,2026-05-12,D1
INV0010072,20241231,STR0126,PRD00072,139,15,Adequate,69.5,2026-06-12,A1
INV0010073,20241231,STR0126,PRD00073,187,31,Adequate,31.2,2026-05-19,B1
INV0010074,20241231,STR0126,PRD00074,121,10,Adequate,24.2,2026-06-10,B2
INV0010075,20241231,STR0126,PRD00075,194,39,Adequate,16.2,2026-06-30,B2
INV0010076,20241231,STR0126,PRD00076,191,34,Adequate,13.6,2026-05-27,B1
INV0010077,20241231,STR0126,PRD00077,189,47,Adequate,17.2,2026-05-09,D1
INV0010078,20241231,STR0126,PRD00078,55,10,Adequate,11.0,2026-05-31,D1
INV0010079,20241231,STR0126,PRD00079,156,28,Adequate,22.3,2026-06-30,B1
INV0010080,20241231,STR0126,PRD00080,100,11,Adequate,9.1,2026-07-01,A1
INV0010081,20241231,STR0127,PRD00001,57,50,Adequate,4.4,2026-06-28,D1
INV0010082,20241231,STR0127,PRD00002,91,17,Adequate,6.1,2026-05-22,B2
INV0010083,20241231,STR0127,PRD00003,62,44,Adequate,6.9,2026-06-03,C2
INV0010084,20241231,STR0127,PRD00004,140,27,Adequate,15.6,2026-07-01,C1
INV0010085,20241231,STR0127,PRD00005,84,40,Adequate,84.0,2026-05-10,A1
INV0010086,20241231,STR0127,PRD00006,68,33,Adequate,8.5,2026-05-22,C2
INV0010087,20241231,STR0127,PRD00007,185,39,Adequate,30.8,2026-06-08,C1
INV0010088,20241231,STR0127,PRD00008,93,20,Adequate,9.3,2026-06-02,D1
INV0010089,20241231,STR0127,PRD00009,139,38,Adequate,27.8,2026-05-31,B1
INV0010090,20241231,STR0127,PRD00010,156,30,Adequate,52.0,2026-06-17,D1
INV0010091,20241231,STR0127,PRD00011,15,36,Reorder Required,1.5,2026-05-19,A1
INV0010092,20241231,STR0127,PRD00012,51,13,Adequate,3.4,2026-06-15,A1
INV0010093,20241231,STR0127,PRD00013,196,34,Adequate,24.5,2026-06-20,B1
INV0010094,20241231,STR0127,PRD00014,97,27,Adequate,6.5,2026-05-29,A2
INV0010095,20241231,STR0127,PRD00015,116,27,Adequate,8.9,2026-06-10,D1
INV0010096,20241231,STR0127,PRD00016,49,31,Adequate,6.1,2026-07-01,A2
INV0010097,20241231,STR0127,PRD00017,197,50,Adequate,21.9,2026-06-19,B2
INV0010098,20241231,STR0127,PRD00018,155,24,Adequate,14.1,2026-06-27,C2
INV0010099,20241231,STR0127,PRD00019,139,23,Adequate,15.4,2026-06-26,D1
INV0010100,20241231,STR0127,PRD00020,199,37,Adequate,24.9,2026-06-10,C2
INV0010101,20241231,STR0127,PRD00021,91,24,Adequate,9.1,2026-06-18,C2
INV0010102,20241231,STR0127,PRD00022,96,12,Adequate,6.4,2026-06-21,A1
INV0010103,20241231,STR0127,PRD00023,60,37,Adequate,6.7,2026-06-03,B2
INV0010104,20241231,STR0127,PRD00024,51,16,Adequate,10.2,2026-06-18,D1
INV0010105,20241231,STR0127,PRD00025,160,36,Adequate,11.4,2026-06-18,C2
INV0010106,20241231,STR0127,PRD00026,92,15,Adequate,18.4,2026-06-24,C1
INV0010107,20241231,STR0127,PRD00027,168,46,Adequate,168.0,2026-05-31,A2
INV0010108,20241231,STR0127,PRD00028,162,18,Adequate,16.2,2026-07-06,B1
INV0010109,20241231,STR0127,PRD00029,79,10,Adequate,8.8,2026-05-17,C2
INV0010110,20241231,STR0127,PRD00030,57,12,Adequate,19.0,2026-06-18,A2
INV0010111,20241231,STR0127,PRD00031,150,44,Adequate,13.6,2026-06-07,B1
INV0010112,20241231,STR0127,PRD00032,134,31,Adequate,26.8,2026-05-29,A2
INV0010113,20241231,STR0127,PRD00033,120,33,Adequate,24.0,2026-06-29,D1
INV0010114,20241231,STR0127,PRD00034,153,33,Adequate,13.9,2026-06-26,C1
INV0010115,20241231,STR0127,PRD00035,35,23,Adequate,11.7,2026-06-25,D1
INV0010116,20241231,STR0127,PRD00036,180,40,Adequate,22.5,2026-05-24,D1
INV0010117,20241231,STR0127,PRD00037,185,23,Adequate,14.2,2026-05-18,B1
INV0010118,20241231,STR0127,PRD00038,46,27,Adequate,9.2,2026-07-03,D1
INV0010119,20241231,STR0127,PRD00039,89,38,Adequate,89.0,2026-05-25,C1
INV0010120,20241231,STR0127,PRD00040,150,44,Adequate,10.0,2026-06-27,A1
INV0010121,20241231,STR0127,PRD00041,140,33,Adequate,46.7,2026-05-11,A2
INV0010122,20241231,STR0127,PRD00042,129,14,Adequate,9.9,2026-05-14,B1
INV0010123,20241231,STR0127,PRD00043,108,21,Adequate,9.0,2026-06-01,D1
INV0010124,20241231,STR0127,PRD00044,110,19,Adequate,18.3,2026-06-17,A2
INV0010125,20241231,STR0127,PRD00045,108,11,Adequate,13.5,2026-05-21,A1
INV0010126,20241231,STR0127,PRD00046,42,40,Adequate,5.2,2026-05-22,C1
INV0010127,20241231,STR0127,PRD00047,162,14,Adequate,40.5,2026-06-06,B1
INV0010128,20241231,STR0127,PRD00048,94,31,Adequate,11.8,2026-05-20,D1
INV0010129,20241231,STR0127,PRD00049,96,41,Adequate,96.0,2026-06-22,D1
INV0010130,20241231,STR0127,PRD00050,0,39,Reorder Required,0.0,2026-06-08,B2
INV0010131,20241231,STR0127,PRD00051,66,26,Adequate,4.7,2026-06-08,B2
INV0010132,20241231,STR0127,PRD00052,168,13,Adequate,12.9,2026-05-15,C1
INV0010133,20241231,STR0127,PRD00053,33,20,Adequate,2.4,2026-06-10,C2
INV0010134,20241231,STR0127,PRD00054,69,19,Adequate,6.3,2026-06-30,C2
INV0010135,20241231,STR0127,PRD00055,15,38,Reorder Required,2.5,2026-05-11,B2
INV0010136,20241231,STR0127,PRD00056,189,30,Adequate,18.9,2026-05-21,B1
INV0010137,20241231,STR0127,PRD00057,87,44,Adequate,17.4,2026-07-05,B2
INV0010138,20241231,STR0127,PRD00058,19,19,Reorder Required,4.8,2026-05-12,C1
INV0010139,20241231,STR0127,PRD00059,82,44,Adequate,20.5,2026-05-30,B2
INV0010140,20241231,STR0127,PRD00060,12,28,Reorder Required,3.0,2026-05-31,A2
INV0010141,20241231,STR0127,PRD00061,140,38,Adequate,11.7,2026-05-25,C1
INV0010142,20241231,STR0127,PRD00062,15,18,Reorder Required,1.4,2026-06-02,A2
INV0010143,20241231,STR0127,PRD00063,196,24,Adequate,49.0,2026-05-14,A1
INV0010144,20241231,STR0127,PRD00064,18,22,Reorder Required,2.0,2026-06-14,C2
INV0010145,20241231,STR0127,PRD00065,144,22,Adequate,20.6,2026-05-20,B2
INV0010146,20241231,STR0127,PRD00066,190,15,Adequate,190.0,2026-05-24,A1
INV0010147,20241231,STR0127,PRD00067,144,42,Adequate,18.0,2026-06-21,D1
INV0010148,20241231,STR0127,PRD00068,199,37,Adequate,99.5,2026-05-20,C2
INV0010149,20241231,STR0127,PRD00069,53,29,Adequate,5.9,2026-05-16,A1
INV0010150,20241231,STR0127,PRD00070,168,38,Adequate,12.0,2026-06-26,C1
INV0010151,20241231,STR0127,PRD00071,39,37,Adequate,3.9,2026-05-25,D1
INV0010152,20241231,STR0127,PRD00072,154,15,Adequate,15.4,2026-06-03,D1
INV0010153,20241231,STR0127,PRD00073,90,31,Adequate,6.9,2026-05-31,A2
INV0010154,20241231,STR0127,PRD00074,55,10,Adequate,6.1,2026-05-28,B2
INV0010155,20241231,STR0127,PRD00075,72,39,Adequate,6.5,2026-06-07,C2
INV0010156,20241231,STR0127,PRD00076,189,34,Adequate,47.2,2026-06-14,C2
INV0010157,20241231,STR0127,PRD00077,7,47,Reorder Required,3.5,2026-06-28,B2
INV0010158,20241231,STR0127,PRD00078,2,10,Reorder Required,0.2,2026-05-19,A1
INV0010159,20241231,STR0127,PRD00079,84,28,Adequate,7.0,2026-06-15,B2
INV0010160,20241231,STR0127,PRD00080,91,11,Adequate,18.2,2026-06-09,A1
INV0010161,20241231,STR0128,PRD00001,37,50,Reorder Required,6.2,2026-05-21,C2
INV0010162,20241231,STR0128,PRD00002,73,17,Adequate,8.1,2026-06-07,A2
INV0010163,20241231,STR0128,PRD00003,12,44,Reorder Required,1.1,2026-06-09,D1
INV0010164,20241231,STR0128,PRD00004,191,27,Adequate,14.7,2026-05-22,A2
INV0010165,20241231,STR0128,PRD00005,119,40,Adequate,14.9,2026-06-08,D1
INV0010166,20241231,STR0128,PRD00006,90,33,Adequate,90.0,2026-06-11,C2
INV0010167,20241231,STR0128,PRD00007,0,39,Reorder Required,0.0,2026-05-09,C1
INV0010168,20241231,STR0128,PRD00008,88,20,Adequate,7.3,2026-06-26,D1
INV0010169,20241231,STR0128,PRD00009,165,38,Adequate,12.7,2026-06-21,B1
INV0010170,20241231,STR0128,PRD00010,117,30,Adequate,23.4,2026-05-24,B2
INV0010171,20241231,STR0128,PRD00011,144,36,Adequate,16.0,2026-05-08,B1
INV0010172,20241231,STR0128,PRD00012,74,13,Adequate,14.8,2026-06-10,C1
INV0010173,20241231,STR0128,PRD00013,10,34,Reorder Required,0.9,2026-06-20,D1
INV0010174,20241231,STR0128,PRD00014,135,27,Adequate,33.8,2026-06-27,B1
INV0010175,20241231,STR0128,PRD00015,176,27,Adequate,29.3,2026-06-24,B1
INV0010176,20241231,STR0128,PRD00016,3,31,Reorder Required,0.3,2026-06-27,D1
INV0010177,20241231,STR0128,PRD00017,118,50,Adequate,14.8,2026-05-11,D1
INV0010178,20241231,STR0128,PRD00018,61,24,Adequate,6.1,2026-06-23,C2
INV0010179,20241231,STR0128,PRD00019,74,23,Adequate,5.7,2026-06-19,D1
INV0010180,20241231,STR0128,PRD00020,179,37,Adequate,25.6,2026-06-01,D1
INV0010181,20241231,STR0128,PRD00021,168,24,Adequate,12.0,2026-07-06,A2
INV0010182,20241231,STR0128,PRD00022,89,12,Adequate,9.9,2026-06-02,D1
INV0010183,20241231,STR0128,PRD00023,84,37,Adequate,84.0,2026-07-04,C1
INV0010184,20241231,STR0128,PRD00024,23,16,Adequate,4.6,2026-05-11,D1
INV0010185,20241231,STR0128,PRD00025,178,36,Adequate,89.0,2026-07-05,A1
INV0010186,20241231,STR0128,PRD00026,166,15,Adequate,27.7,2026-05-20,C2
INV0010187,20241231,STR0128,PRD00027,105,46,Adequate,35.0,2026-05-27,B1
INV0010188,20241231,STR0128,PRD00028,46,18,Adequate,11.5,2026-07-03,A2
INV0010189,20241231,STR0128,PRD00029,138,10,Adequate,10.6,2026-07-01,C2
INV0010190,20241231,STR0128,PRD00030,77,12,Adequate,25.7,2026-06-16,C2
INV0010191,20241231,STR0128,PRD00031,77,44,Adequate,38.5,2026-05-23,D1
INV0010192,20241231,STR0128,PRD00032,41,31,Adequate,3.2,2026-05-24,B2
INV0010193,20241231,STR0128,PRD00033,191,33,Adequate,19.1,2026-06-11,C2
INV0010194,20241231,STR0128,PRD00034,10,33,Reorder Required,1.1,2026-05-16,B1
INV0010195,20241231,STR0128,PRD00035,148,23,Adequate,11.4,2026-05-11,D1
INV0010196,20241231,STR0128,PRD00036,137,40,Adequate,19.6,2026-06-25,A2
INV0010197,20241231,STR0128,PRD00037,6,23,Reorder Required,1.0,2026-06-03,A2
INV0010198,20241231,STR0128,PRD00038,151,27,Adequate,50.3,2026-05-27,A2
INV0010199,20241231,STR0128,PRD00039,12,38,Reorder Required,3.0,2026-06-11,C2
INV0010200,20241231,STR0128,PRD00040,44,44,Reorder Required,3.1,2026-05-16,A2
INV0010201,20241231,STR0128,PRD00041,22,33,Reorder Required,7.3,2026-05-13,A1
INV0010202,20241231,STR0128,PRD00042,4,14,Reorder Required,0.3,2026-05-11,A2
INV0010203,20241231,STR0128,PRD00043,163,21,Adequate,27.2,2026-06-27,C2
INV0010204,20241231,STR0128,PRD00044,8,19,Reorder Required,4.0,2026-06-28,A2
INV0010205,20241231,STR0128,PRD00045,97,11,Adequate,24.2,2026-06-18,D1
INV0010206,20241231,STR0128,PRD00046,131,40,Adequate,9.4,2026-05-17,B1
INV0010207,20241231,STR0128,PRD00047,46,14,Adequate,3.1,2026-05-14,C1
INV0010208,20241231,STR0128,PRD00048,62,31,Adequate,4.1,2026-06-16,C1
INV0010209,20241231,STR0128,PRD00049,21,41,Reorder Required,1.5,2026-05-14,B1
INV0010210,20241231,STR0128,PRD00050,185,39,Adequate,20.6,2026-07-03,A2
INV0010211,20241231,STR0128,PRD00051,27,26,Adequate,2.5,2026-06-09,D1
INV0010212,20241231,STR0128,PRD00052,37,13,Adequate,2.5,2026-06-05,A1
INV0010213,20241231,STR0128,PRD00053,105,20,Adequate,15.0,2026-06-13,C2
INV0010214,20241231,STR0128,PRD00054,162,19,Adequate,40.5,2026-05-13,A2
INV0010215,20241231,STR0128,PRD00055,105,38,Adequate,17.5,2026-06-18,D1
INV0010216,20241231,STR0128,PRD00056,127,30,Adequate,8.5,2026-06-15,A2
INV0010217,20241231,STR0128,PRD00057,175,44,Adequate,25.0,2026-05-11,D1
INV0010218,20241231,STR0128,PRD00058,76,19,Adequate,5.8,2026-06-07,A2
INV0010219,20241231,STR0128,PRD00059,84,44,Adequate,9.3,2026-06-01,C1
INV0010220,20241231,STR0128,PRD00060,69,28,Adequate,9.9,2026-05-15,C1
INV0010221,20241231,STR0128,PRD00061,18,38,Reorder Required,2.2,2026-05-28,C2
INV0010222,20241231,STR0128,PRD00062,168,18,Adequate,18.7,2026-06-07,C2
INV0010223,20241231,STR0128,PRD00063,53,24,Adequate,5.9,2026-06-29,C1
INV0010224,20241231,STR0128,PRD00064,192,22,Adequate,13.7,2026-06-28,B1
INV0010225,20241231,STR0128,PRD00065,147,22,Adequate,13.4,2026-07-04,B1
INV0010226,20241231,STR0128,PRD00066,87,15,Adequate,14.5,2026-06-19,B1
INV0010227,20241231,STR0128,PRD00067,151,42,Adequate,10.1,2026-05-25,A2
INV0010228,20241231,STR0128,PRD00068,81,37,Adequate,81.0,2026-06-01,A2
INV0010229,20241231,STR0128,PRD00069,181,29,Adequate,60.3,2026-06-05,A2
INV0010230,20241231,STR0128,PRD00070,67,38,Adequate,13.4,2026-05-28,A1
INV0010231,20241231,STR0128,PRD00071,71,37,Adequate,23.7,2026-05-17,D1
INV0010232,20241231,STR0128,PRD00072,128,15,Adequate,11.6,2026-05-21,D1
INV0010233,20241231,STR0128,PRD00073,17,31,Reorder Required,2.4,2026-06-13,A2
INV0010234,20241231,STR0128,PRD00074,104,10,Adequate,14.9,2026-06-15,B2
INV0010235,20241231,STR0128,PRD00075,101,39,Adequate,25.2,2026-06-03,A1
INV0010236,20241231,STR0128,PRD00076,29,34,Reorder Required,5.8,2026-06-17,C2
INV0010237,20241231,STR0128,PRD00077,120,47,Adequate,8.6,2026-06-06,C1
INV0010238,20241231,STR0128,PRD00078,187,10,Adequate,13.4,2026-06-17,C1
INV0010239,20241231,STR0128,PRD00079,15,28,Reorder Required,1.0,2026-05-22,B1
INV0010240,20241231,STR0128,PRD00080,107,11,Adequate,35.7,2026-05-21,A2
INV0010241,20241231,STR0129,PRD00001,6,50,Reorder Required,0.9,2026-06-16,D1
INV0010242,20241231,STR0129,PRD00002,54,17,Adequate,3.9,2026-05-15,B1
INV0010243,20241231,STR0129,PRD00003,199,44,Adequate,66.3,2026-05-26,C2
INV0010244,20241231,STR0129,PRD00004,63,27,Adequate,5.2,2026-05-27,C2
INV0010245,20241231,STR0129,PRD00005,28,40,Reorder Required,4.0,2026-06-10,A1
INV0010246,20241231,STR0129,PRD00006,30,33,Reorder Required,6.0,2026-06-17,C1
INV0010247,20241231,STR0129,PRD00007,18,39,Reorder Required,1.4,2026-06-29,D1
INV0010248,20241231,STR0129,PRD00008,137,20,Adequate,19.6,2026-05-20,B2
INV0010249,20241231,STR0129,PRD00009,39,38,Adequate,9.8,2026-05-08,C1
INV0010250,20241231,STR0129,PRD00010,172,30,Adequate,21.5,2026-06-27,A2
INV0010251,20241231,STR0129,PRD00011,58,36,Adequate,14.5,2026-06-12,A2
INV0010252,20241231,STR0129,PRD00012,98,13,Adequate,10.9,2026-06-11,D1
INV0010253,20241231,STR0129,PRD00013,177,34,Adequate,35.4,2026-07-04,B1
INV0010254,20241231,STR0129,PRD00014,40,27,Adequate,6.7,2026-05-14,B2
INV0010255,20241231,STR0129,PRD00015,26,27,Reorder Required,2.9,2026-05-14,A2
INV0010256,20241231,STR0129,PRD00016,75,31,Adequate,5.0,2026-06-13,A2
INV0010257,20241231,STR0129,PRD00017,90,50,Adequate,90.0,2026-06-24,B2
INV0010258,20241231,STR0129,PRD00018,185,24,Adequate,37.0,2026-05-14,C2
INV0010259,20241231,STR0129,PRD00019,173,23,Adequate,28.8,2026-06-01,B2
INV0010260,20241231,STR0129,PRD00020,177,37,Adequate,35.4,2026-06-02,B1
INV0010261,20241231,STR0129,PRD00021,17,24,Reorder Required,8.5,2026-05-17,A2
INV0010262,20241231,STR0129,PRD00022,120,12,Adequate,30.0,2026-05-23,B2
INV0010263,20241231,STR0129,PRD00023,164,37,Adequate,11.7,2026-06-07,C2
INV0010264,20241231,STR0129,PRD00024,79,16,Adequate,15.8,2026-05-20,B1
INV0010265,20241231,STR0129,PRD00025,59,36,Adequate,3.9,2026-05-29,B1
INV0010266,20241231,STR0129,PRD00026,126,15,Adequate,42.0,2026-06-09,D1
INV0010267,20241231,STR0129,PRD00027,118,46,Adequate,118.0,2026-05-14,C2
INV0010268,20241231,STR0129,PRD00028,68,18,Adequate,17.0,2026-06-10,B1
INV0010269,20241231,STR0129,PRD00029,181,10,Adequate,20.1,2026-05-13,D1
INV0010270,20241231,STR0129,PRD00030,84,12,Adequate,9.3,2026-06-10,C1
INV0010271,20241231,STR0129,PRD00031,13,44,Reorder Required,0.9,2026-06-11,A1
INV0010272,20241231,STR0129,PRD00032,39,31,Adequate,39.0,2026-07-04,D1
INV0010273,20241231,STR0129,PRD00033,31,33,Reorder Required,3.1,2026-05-29,C1
INV0010274,20241231,STR0129,PRD00034,157,33,Adequate,39.2,2026-05-23,C2
INV0010275,20241231,STR0129,PRD00035,4,23,Reorder Required,0.4,2026-06-04,B1
INV0010276,20241231,STR0129,PRD00036,152,40,Adequate,10.9,2026-06-21,A2
INV0010277,20241231,STR0129,PRD00037,112,23,Adequate,16.0,2026-05-28,D1
INV0010278,20241231,STR0129,PRD00038,31,27,Adequate,3.4,2026-06-02,A2
INV0010279,20241231,STR0129,PRD00039,155,38,Adequate,25.8,2026-05-23,C2
INV0010280,20241231,STR0129,PRD00040,128,44,Adequate,64.0,2026-05-23,B1
INV0010281,20241231,STR0129,PRD00041,131,33,Adequate,43.7,2026-06-20,A1
INV0010282,20241231,STR0129,PRD00042,124,14,Adequate,15.5,2026-06-17,A1
INV0010283,20241231,STR0129,PRD00043,150,21,Adequate,12.5,2026-06-21,A1
INV0010284,20241231,STR0129,PRD00044,159,19,Adequate,11.4,2026-06-12,C2
INV0010285,20241231,STR0129,PRD00045,73,11,Adequate,36.5,2026-06-01,D1
INV0010286,20241231,STR0129,PRD00046,9,40,Reorder Required,0.6,2026-06-06,C1
INV0010287,20241231,STR0129,PRD00047,86,14,Adequate,6.6,2026-05-19,B2
INV0010288,20241231,STR0129,PRD00048,20,31,Reorder Required,1.7,2026-07-04,C1
INV0010289,20241231,STR0129,PRD00049,81,41,Adequate,6.2,2026-06-29,B1
INV0010290,20241231,STR0129,PRD00050,192,39,Adequate,192.0,2026-05-23,C1
INV0010291,20241231,STR0129,PRD00051,98,26,Adequate,16.3,2026-06-07,C1
INV0010292,20241231,STR0129,PRD00052,140,13,Adequate,10.8,2026-05-30,D1
INV0010293,20241231,STR0129,PRD00053,145,20,Adequate,36.2,2026-07-03,A1
INV0010294,20241231,STR0129,PRD00054,35,19,Adequate,5.8,2026-06-22,C2
INV0010295,20241231,STR0129,PRD00055,51,38,Adequate,3.9,2026-06-07,D1
INV0010296,20241231,STR0129,PRD00056,144,30,Adequate,16.0,2026-06-20,D1
INV0010297,20241231,STR0129,PRD00057,191,44,Adequate,13.6,2026-05-15,C2
INV0010298,20241231,STR0129,PRD00058,118,19,Adequate,39.3,2026-06-12,C2
INV0010299,20241231,STR0129,PRD00059,129,44,Adequate,18.4,2026-07-02,A2
INV0010300,20241231,STR0129,PRD00060,90,28,Adequate,15.0,2026-06-05,A1
INV0010301,20241231,STR0129,PRD00061,87,38,Adequate,29.0,2026-06-24,D1
INV0010302,20241231,STR0129,PRD00062,131,18,Adequate,16.4,2026-06-02,C2
INV0010303,20241231,STR0129,PRD00063,42,24,Adequate,4.2,2026-06-20,B1
INV0010304,20241231,STR0129,PRD00064,198,22,Adequate,16.5,2026-06-14,A1
INV0010305,20241231,STR0129,PRD00065,102,22,Adequate,51.0,2026-05-09,C2
INV0010306,20241231,STR0129,PRD00066,17,15,Adequate,8.5,2026-06-03,A1
INV0010307,20241231,STR0129,PRD00067,105,42,Adequate,35.0,2026-05-09,D1
INV0010308,20241231,STR0129,PRD00068,77,37,Adequate,5.5,2026-05-29,C2
INV0010309,20241231,STR0129,PRD00069,107,29,Adequate,10.7,2026-06-30,B2
INV0010310,20241231,STR0129,PRD00070,187,38,Adequate,62.3,2026-05-17,C1
INV0010311,20241231,STR0129,PRD00071,148,37,Adequate,9.9,2026-06-04,D1
INV0010312,20241231,STR0129,PRD00072,127,15,Adequate,21.2,2026-05-16,C2
INV0010313,20241231,STR0129,PRD00073,162,31,Adequate,12.5,2026-05-10,B2
INV0010314,20241231,STR0129,PRD00074,30,10,Adequate,2.7,2026-06-19,A1
INV0010315,20241231,STR0129,PRD00075,97,39,Adequate,6.5,2026-07-01,C1
INV0010316,20241231,STR0129,PRD00076,176,34,Adequate,58.7,2026-06-30,A1
INV0010317,20241231,STR0129,PRD00077,128,47,Adequate,18.3,2026-06-03,B1
INV0010318,20241231,STR0129,PRD00078,167,10,Adequate,41.8,2026-06-26,B1
INV0010319,20241231,STR0129,PRD00079,19,28,Reorder Required,2.7,2026-05-26,C2
INV0010320,20241231,STR0129,PRD00080,52,11,Adequate,7.4,2026-05-11,D1
INV0010321,20241231,STR0130,PRD00001,39,50,Reorder Required,39.0,2026-06-18,A2
INV0010322,20241231,STR0130,PRD00002,7,17,Reorder Required,1.2,2026-05-15,B1
INV0010323,20241231,STR0130,PRD00003,143,44,Adequate,14.3,2026-05-24,D1
INV0010324,20241231,STR0130,PRD00004,40,27,Adequate,5.0,2026-06-25,D1
INV0010325,20241231,STR0130,PRD00005,153,40,Adequate,76.5,2026-05-10,A2
INV0010326,20241231,STR0130,PRD00006,57,33,Adequate,11.4,2026-05-11,C1
INV0010327,20241231,STR0130,PRD00007,178,39,Adequate,59.3,2026-06-29,D1
INV0010328,20241231,STR0130,PRD00008,180,20,Adequate,25.7,2026-07-03,C2
INV0010329,20241231,STR0130,PRD00009,45,38,Adequate,22.5,2026-05-26,A2
INV0010330,20241231,STR0130,PRD00010,11,30,Reorder Required,1.6,2026-05-26,D1
INV0010331,20241231,STR0130,PRD00011,29,36,Reorder Required,2.9,2026-05-20,C2
INV0010332,20241231,STR0130,PRD00012,72,13,Adequate,10.3,2026-06-26,A1
INV0010333,20241231,STR0130,PRD00013,62,34,Adequate,6.9,2026-06-11,B2
INV0010334,20241231,STR0130,PRD00014,166,27,Adequate,12.8,2026-05-17,C1
INV0010335,20241231,STR0130,PRD00015,62,27,Adequate,6.9,2026-05-13,A1
INV0010336,20241231,STR0130,PRD00016,47,31,Adequate,4.3,2026-06-02,A2
INV0010337,20241231,STR0130,PRD00017,167,50,Adequate,55.7,2026-05-31,D1
INV0010338,20241231,STR0130,PRD00018,68,24,Adequate,5.2,2026-06-22,A1
INV0010339,20241231,STR0130,PRD00019,180,23,Adequate,25.7,2026-05-28,C2
INV0010340,20241231,STR0130,PRD00020,137,37,Adequate,12.5,2026-06-11,B2
INV0010341,20241231,STR0130,PRD00021,130,24,Adequate,10.0,2026-06-22,A2
INV0010342,20241231,STR0130,PRD00022,13,12,Adequate,6.5,2026-06-15,A1
INV0010343,20241231,STR0130,PRD00023,10,37,Reorder Required,2.5,2026-05-23,C2
INV0010344,20241231,STR0130,PRD00024,147,16,Adequate,24.5,2026-06-26,A2
INV0010345,20241231,STR0130,PRD00025,155,36,Adequate,155.0,2026-05-19,A2
INV0010346,20241231,STR0130,PRD00026,56,15,Adequate,56.0,2026-05-11,D1
INV0010347,20241231,STR0130,PRD00027,6,46,Reorder Required,6.0,2026-05-12,B2
INV0010348,20241231,STR0130,PRD00028,89,18,Adequate,44.5,2026-06-23,A1
INV0010349,20241231,STR0130,PRD00029,181,10,Adequate,30.2,2026-05-21,A1
INV0010350,20241231,STR0130,PRD00030,111,12,Adequate,7.9,2026-06-05,A1
INV0010351,20241231,STR0130,PRD00031,119,44,Adequate,11.9,2026-05-22,A2
INV0010352,20241231,STR0130,PRD00032,61,31,Adequate,61.0,2026-06-01,B1
INV0010353,20241231,STR0130,PRD00033,60,33,Adequate,30.0,2026-06-21,C1
INV0010354,20241231,STR0130,PRD00034,42,33,Adequate,3.5,2026-06-15,C2
INV0010355,20241231,STR0130,PRD00035,177,23,Adequate,13.6,2026-05-25,C1
INV0010356,20241231,STR0130,PRD00036,36,40,Reorder Required,6.0,2026-06-22,A1
INV0010357,20241231,STR0130,PRD00037,97,23,Adequate,8.8,2026-05-29,A1
INV0010358,20241231,STR0130,PRD00038,34,27,Adequate,8.5,2026-06-06,B1
INV0010359,20241231,STR0130,PRD00039,26,38,Reorder Required,6.5,2026-06-01,C2
INV0010360,20241231,STR0130,PRD00040,92,44,Adequate,6.1,2026-05-31,C2
INV0010361,20241231,STR0130,PRD00041,36,33,Adequate,6.0,2026-07-03,C1
INV0010362,20241231,STR0130,PRD00042,6,14,Reorder Required,0.5,2026-07-06,B2
INV0010363,20241231,STR0130,PRD00043,49,21,Adequate,4.9,2026-06-21,C1
INV0010364,20241231,STR0130,PRD00044,48,19,Adequate,6.9,2026-07-05,C1
INV0010365,20241231,STR0130,PRD00045,4,11,Reorder Required,2.0,2026-06-25,C2
INV0010366,20241231,STR0130,PRD00046,98,40,Adequate,98.0,2026-06-08,B1
INV0010367,20241231,STR0130,PRD00047,135,14,Adequate,10.4,2026-07-04,A1
INV0010368,20241231,STR0130,PRD00048,174,31,Adequate,13.4,2026-07-04,A2
INV0010369,20241231,STR0130,PRD00049,1,41,Reorder Required,0.1,2026-05-31,B1
INV0010370,20241231,STR0130,PRD00050,128,39,Adequate,21.3,2026-07-01,B1
INV0010371,20241231,STR0130,PRD00051,80,26,Adequate,7.3,2026-05-11,B1
INV0010372,20241231,STR0130,PRD00052,156,13,Adequate,22.3,2026-06-06,C2
INV0010373,20241231,STR0130,PRD00053,43,20,Adequate,6.1,2026-06-12,C1
INV0010374,20241231,STR0130,PRD00054,200,19,Adequate,100.0,2026-05-19,D1
INV0010375,20241231,STR0130,PRD00055,11,38,Reorder Required,1.6,2026-05-30,A1
INV0010376,20241231,STR0130,PRD00056,173,30,Adequate,14.4,2026-05-13,D1
INV0010377,20241231,STR0130,PRD00057,149,44,Adequate,12.4,2026-06-02,A1
INV0010378,20241231,STR0130,PRD00058,55,19,Adequate,11.0,2026-06-26,B1
INV0010379,20241231,STR0130,PRD00059,141,44,Adequate,9.4,2026-06-29,B2
INV0010380,20241231,STR0130,PRD00060,13,28,Reorder Required,1.4,2026-05-11,D1
INV0010381,20241231,STR0130,PRD00061,106,38,Adequate,26.5,2026-05-13,A2
INV0010382,20241231,STR0130,PRD00062,32,18,Adequate,2.7,2026-06-02,C2
INV0010383,20241231,STR0130,PRD00063,107,24,Adequate,21.4,2026-05-20,C1
INV0010384,20241231,STR0130,PRD00064,84,22,Adequate,28.0,2026-06-30,B1
INV0010385,20241231,STR0130,PRD00065,14,22,Reorder Required,1.0,2026-05-12,B1
INV0010386,20241231,STR0130,PRD00066,10,15,Reorder Required,1.1,2026-05-15,A2
INV0010387,20241231,STR0130,PRD00067,150,42,Adequate,30.0,2026-06-23,B2
INV0010388,20241231,STR0130,PRD00068,66,37,Adequate,4.7,2026-06-29,B2
INV0010389,20241231,STR0130,PRD00069,20,29,Reorder Required,2.2,2026-05-14,A1
INV0010390,20241231,STR0130,PRD00070,138,38,Adequate,46.0,2026-06-24,C2
INV0010391,20241231,STR0130,PRD00071,100,37,Adequate,20.0,2026-06-05,D1
INV0010392,20241231,STR0130,PRD00072,59,15,Adequate,5.9,2026-06-28,B1
INV0010393,20241231,STR0130,PRD00073,34,31,Adequate,2.8,2026-05-16,C2
INV0010394,20241231,STR0130,PRD00074,80,10,Adequate,5.7,2026-06-07,A1
INV0010395,20241231,STR0130,PRD00075,197,39,Adequate,197.0,2026-05-22,A2
INV0010396,20241231,STR0130,PRD00076,47,34,Adequate,11.8,2026-05-17,C1
INV0010397,20241231,STR0130,PRD00077,119,47,Adequate,23.8,2026-05-14,B2
INV0010398,20241231,STR0130,PRD00078,167,10,Adequate,18.6,2026-06-26,A1
INV0010399,20241231,STR0130,PRD00079,125,28,Adequate,15.6,2026-06-20,C1
INV0010400,20241231,STR0130,PRD00080,120,11,Adequate,8.0,2026-05-19,B2
INV0010401,20241231,STR0131,PRD00001,186,50,Adequate,13.3,2026-05-11,C2
INV0010402,20241231,STR0131,PRD00002,115,17,Adequate,23.0,2026-07-04,C1
INV0010403,20241231,STR0131,PRD00003,147,44,Adequate,11.3,2026-05-08,B1
INV0010404,20241231,STR0131,PRD00004,83,27,Adequate,10.4,2026-06-25,C2
INV0010405,20241231,STR0131,PRD00005,99,40,Adequate,12.4,2026-06-02,B1
INV0010406,20241231,STR0131,PRD00006,59,33,Adequate,5.4,2026-05-19,C1
INV0010407,20241231,STR0131,PRD00007,52,39,Adequate,3.5,2026-07-04,A2
INV0010408,20241231,STR0131,PRD00008,93,20,Adequate,7.2,2026-06-21,D1
INV0010409,20241231,STR0131,PRD00009,78,38,Adequate,7.1,2026-06-26,C1
INV0010410,20241231,STR0131,PRD00010,43,30,Adequate,3.1,2026-06-09,B1
INV0010411,20241231,STR0131,PRD00011,76,36,Adequate,19.0,2026-06-28,B2
INV0010412,20241231,STR0131,PRD00012,136,13,Adequate,10.5,2026-05-22,C2
INV0010413,20241231,STR0131,PRD00013,96,34,Adequate,13.7,2026-05-21,A2
INV0010414,20241231,STR0131,PRD00014,179,27,Adequate,12.8,2026-07-02,A2
INV0010415,20241231,STR0131,PRD00015,36,27,Adequate,2.8,2026-06-02,C2
INV0010416,20241231,STR0131,PRD00016,136,31,Adequate,13.6,2026-05-26,B1
INV0010417,20241231,STR0131,PRD00017,51,50,Adequate,10.2,2026-06-07,C1
INV0010418,20241231,STR0131,PRD00018,59,24,Adequate,14.8,2026-05-10,D1
INV0010419,20241231,STR0131,PRD00019,137,23,Adequate,11.4,2026-05-11,B2
INV0010420,20241231,STR0131,PRD00020,194,37,Adequate,48.5,2026-05-20,D1
INV0010421,20241231,STR0131,PRD00021,176,24,Adequate,19.6,2026-06-02,B1
INV0010422,20241231,STR0131,PRD00022,34,12,Adequate,2.4,2026-05-10,A2
INV0010423,20241231,STR0131,PRD00023,26,37,Reorder Required,3.7,2026-06-20,B2
INV0010424,20241231,STR0131,PRD00024,45,16,Adequate,7.5,2026-05-08,C2
INV0010425,20241231,STR0131,PRD00025,136,36,Adequate,9.7,2026-06-01,C1
INV0010426,20241231,STR0131,PRD00026,178,15,Adequate,11.9,2026-05-12,D1
INV0010427,20241231,STR0131,PRD00027,52,46,Adequate,5.8,2026-06-19,C2
INV0010428,20241231,STR0131,PRD00028,49,18,Adequate,3.8,2026-05-10,B1
INV0010429,20241231,STR0131,PRD00029,11,10,Adequate,3.7,2026-05-12,A2
INV0010430,20241231,STR0131,PRD00030,192,12,Adequate,14.8,2026-07-04,C2
INV0010431,20241231,STR0131,PRD00031,35,44,Reorder Required,2.3,2026-06-12,A1
INV0010432,20241231,STR0131,PRD00032,106,31,Adequate,10.6,2026-06-23,B2
INV0010433,20241231,STR0131,PRD00033,146,33,Adequate,13.3,2026-05-23,C2
INV0010434,20241231,STR0131,PRD00034,26,33,Reorder Required,26.0,2026-05-18,B1
INV0010435,20241231,STR0131,PRD00035,90,23,Adequate,30.0,2026-05-09,B2
INV0010436,20241231,STR0131,PRD00036,36,40,Reorder Required,5.1,2026-06-14,A1
INV0010437,20241231,STR0131,PRD00037,152,23,Adequate,11.7,2026-06-08,C1
INV0010438,20241231,STR0131,PRD00038,27,27,Reorder Required,4.5,2026-07-01,A1
INV0010439,20241231,STR0131,PRD00039,149,38,Adequate,14.9,2026-05-30,B1
INV0010440,20241231,STR0131,PRD00040,137,44,Adequate,15.2,2026-06-07,C1
INV0010441,20241231,STR0131,PRD00041,121,33,Adequate,8.6,2026-06-17,A2
INV0010442,20241231,STR0131,PRD00042,165,14,Adequate,13.8,2026-06-06,C2
INV0010443,20241231,STR0131,PRD00043,28,21,Adequate,3.1,2026-06-05,A1
INV0010444,20241231,STR0131,PRD00044,179,19,Adequate,44.8,2026-06-11,C1
INV0010445,20241231,STR0131,PRD00045,32,11,Adequate,2.9,2026-05-09,B2
INV0010446,20241231,STR0131,PRD00046,134,40,Adequate,13.4,2026-06-16,A1
INV0010447,20241231,STR0131,PRD00047,59,14,Adequate,19.7,2026-07-01,D1
INV0010448,20241231,STR0131,PRD00048,4,31,Reorder Required,0.4,2026-07-03,C2
INV0010449,20241231,STR0131,PRD00049,96,41,Adequate,7.4,2026-07-05,C2
INV0010450,20241231,STR0131,PRD00050,170,39,Adequate,17.0,2026-05-30,A2
INV0010451,20241231,STR0131,PRD00051,186,26,Adequate,15.5,2026-06-28,C1
INV0010452,20241231,STR0131,PRD00052,121,13,Adequate,11.0,2026-06-02,A2
INV0010453,20241231,STR0131,PRD00053,199,20,Adequate,39.8,2026-06-15,C2
INV0010454,20241231,STR0131,PRD00054,8,19,Reorder Required,2.0,2026-07-05,A2
INV0010455,20241231,STR0131,PRD00055,120,38,Adequate,24.0,2026-07-04,B2
INV0010456,20241231,STR0131,PRD00056,69,30,Adequate,11.5,2026-06-21,C1
INV0010457,20241231,STR0131,PRD00057,31,44,Reorder Required,6.2,2026-05-29,C2
INV0010458,20241231,STR0131,PRD00058,104,19,Adequate,9.5,2026-06-25,C1
INV0010459,20241231,STR0131,PRD00059,166,44,Adequate,13.8,2026-06-28,A1
INV0010460,20241231,STR0131,PRD00060,117,28,Adequate,9.8,2026-05-20,A2
INV0010461,20241231,STR0131,PRD00061,60,38,Adequate,15.0,2026-05-12,A2
INV0010462,20241231,STR0131,PRD00062,140,18,Adequate,28.0,2026-05-21,B1
INV0010463,20241231,STR0131,PRD00063,58,24,Adequate,3.9,2026-06-07,D1
INV0010464,20241231,STR0131,PRD00064,12,22,Reorder Required,0.8,2026-05-25,C2
INV0010465,20241231,STR0131,PRD00065,69,22,Adequate,9.9,2026-06-09,D1
INV0010466,20241231,STR0131,PRD00066,161,15,Adequate,40.2,2026-05-23,C1
INV0010467,20241231,STR0131,PRD00067,63,42,Adequate,5.2,2026-05-20,B2
INV0010468,20241231,STR0131,PRD00068,169,37,Adequate,11.3,2026-06-22,B1
INV0010469,20241231,STR0131,PRD00069,84,29,Adequate,12.0,2026-05-24,B1
INV0010470,20241231,STR0131,PRD00070,89,38,Adequate,22.2,2026-06-09,A2
INV0010471,20241231,STR0131,PRD00071,126,37,Adequate,21.0,2026-05-27,A2
INV0010472,20241231,STR0131,PRD00072,178,15,Adequate,59.3,2026-05-20,A2
INV0010473,20241231,STR0131,PRD00073,48,31,Adequate,48.0,2026-05-22,B2
INV0010474,20241231,STR0131,PRD00074,60,10,Adequate,30.0,2026-07-01,C2
INV0010475,20241231,STR0131,PRD00075,104,39,Adequate,13.0,2026-06-09,A1
INV0010476,20241231,STR0131,PRD00076,134,34,Adequate,134.0,2026-06-03,A2
INV0010477,20241231,STR0131,PRD00077,34,47,Reorder Required,3.8,2026-06-06,D1
INV0010478,20241231,STR0131,PRD00078,93,10,Adequate,9.3,2026-06-07,D1
INV0010479,20241231,STR0131,PRD00079,53,28,Adequate,8.8,2026-06-27,C2
INV0010480,20241231,STR0131,PRD00080,28,11,Adequate,2.2,2026-06-30,A1
INV0010481,20241231,STR0132,PRD00001,15,50,Reorder Required,1.2,2026-06-13,A1
INV0010482,20241231,STR0132,PRD00002,176,17,Adequate,12.6,2026-06-18,A2
INV0010483,20241231,STR0132,PRD00003,85,44,Adequate,7.7,2026-06-23,C1
INV0010484,20241231,STR0132,PRD00004,182,27,Adequate,15.2,2026-06-13,A2
INV0010485,20241231,STR0132,PRD00005,78,40,Adequate,78.0,2026-05-11,B1
INV0010486,20241231,STR0132,PRD00006,198,33,Adequate,39.6,2026-06-28,D1
INV0010487,20241231,STR0132,PRD00007,47,39,Adequate,3.1,2026-07-05,D1
INV0010488,20241231,STR0132,PRD00008,25,20,Adequate,2.1,2026-06-18,D1
INV0010489,20241231,STR0132,PRD00009,3,38,Reorder Required,0.3,2026-06-01,C2
INV0010490,20241231,STR0132,PRD00010,194,30,Adequate,64.7,2026-05-15,A2
INV0010491,20241231,STR0132,PRD00011,112,36,Adequate,22.4,2026-06-12,C1
INV0010492,20241231,STR0132,PRD00012,197,13,Adequate,16.4,2026-06-14,D1
INV0010493,20241231,STR0132,PRD00013,61,34,Adequate,15.2,2026-06-14,D1
INV0010494,20241231,STR0132,PRD00014,79,27,Adequate,13.2,2026-05-14,B1
INV0010495,20241231,STR0132,PRD00015,24,27,Reorder Required,12.0,2026-06-10,C1
INV0010496,20241231,STR0132,PRD00016,138,31,Adequate,15.3,2026-06-04,A1
INV0010497,20241231,STR0132,PRD00017,176,50,Adequate,13.5,2026-05-28,D1
INV0010498,20241231,STR0132,PRD00018,140,24,Adequate,17.5,2026-05-24,B2
INV0010499,20241231,STR0132,PRD00019,200,23,Adequate,14.3,2026-07-01,C1
INV0010500,20241231,STR0132,PRD00020,119,37,Adequate,23.8,2026-06-05,A1
INV0010501,20241231,STR0132,PRD00021,155,24,Adequate,77.5,2026-06-16,A2
INV0010502,20241231,STR0132,PRD00022,145,12,Adequate,18.1,2026-06-11,A2
INV0010503,20241231,STR0132,PRD00023,75,37,Adequate,37.5,2026-06-18,A1
INV0010504,20241231,STR0132,PRD00024,51,16,Adequate,3.4,2026-05-31,D1
INV0010505,20241231,STR0132,PRD00025,166,36,Adequate,15.1,2026-06-25,A1
INV0010506,20241231,STR0132,PRD00026,41,15,Adequate,3.2,2026-06-16,B1
INV0010507,20241231,STR0132,PRD00027,164,46,Adequate,54.7,2026-06-03,A2
INV0010508,20241231,STR0132,PRD00028,42,18,Adequate,2.8,2026-05-16,B1
INV0010509,20241231,STR0132,PRD00029,85,10,Adequate,85.0,2026-07-04,D1
INV0010510,20241231,STR0132,PRD00030,146,12,Adequate,16.2,2026-05-27,A2
INV0010511,20241231,STR0132,PRD00031,32,44,Reorder Required,2.1,2026-07-03,B1
INV0010512,20241231,STR0132,PRD00032,19,31,Reorder Required,19.0,2026-06-24,A2
INV0010513,20241231,STR0132,PRD00033,128,33,Adequate,12.8,2026-06-23,B2
INV0010514,20241231,STR0132,PRD00034,36,33,Adequate,2.8,2026-05-21,A2
INV0010515,20241231,STR0132,PRD00035,94,23,Adequate,15.7,2026-06-02,A2
INV0010516,20241231,STR0132,PRD00036,19,40,Reorder Required,1.6,2026-05-19,C1
INV0010517,20241231,STR0132,PRD00037,89,23,Adequate,89.0,2026-05-13,A1
INV0010518,20241231,STR0132,PRD00038,113,27,Adequate,28.2,2026-06-03,C1
INV0010519,20241231,STR0132,PRD00039,102,38,Adequate,7.3,2026-05-23,A2
INV0010520,20241231,STR0132,PRD00040,41,44,Reorder Required,10.2,2026-05-15,C1
INV0010521,20241231,STR0132,PRD00041,33,33,Reorder Required,11.0,2026-06-24,B2
INV0010522,20241231,STR0132,PRD00042,93,14,Adequate,23.2,2026-05-19,A1
INV0010523,20241231,STR0132,PRD00043,197,21,Adequate,49.2,2026-05-15,A2
INV0010524,20241231,STR0132,PRD00044,72,19,Adequate,12.0,2026-06-06,B1
INV0010525,20241231,STR0132,PRD00045,79,11,Adequate,7.2,2026-05-20,A2
INV0010526,20241231,STR0132,PRD00046,139,40,Adequate,139.0,2026-05-13,A2
INV0010527,20241231,STR0132,PRD00047,158,14,Adequate,22.6,2026-05-30,B1
INV0010528,20241231,STR0132,PRD00048,103,31,Adequate,9.4,2026-06-23,B2
INV0010529,20241231,STR0132,PRD00049,62,41,Adequate,6.9,2026-06-04,D1
INV0010530,20241231,STR0132,PRD00050,146,39,Adequate,12.2,2026-06-09,C1
INV0010531,20241231,STR0132,PRD00051,179,26,Adequate,17.9,2026-05-10,A2
INV0010532,20241231,STR0132,PRD00052,200,13,Adequate,18.2,2026-06-13,A1
INV0010533,20241231,STR0132,PRD00053,23,20,Adequate,23.0,2026-06-17,D1
INV0010534,20241231,STR0132,PRD00054,153,19,Adequate,21.9,2026-06-26,C2
INV0010535,20241231,STR0132,PRD00055,168,38,Adequate,28.0,2026-07-03,B1
INV0010536,20241231,STR0132,PRD00056,152,30,Adequate,11.7,2026-05-13,A1
INV0010537,20241231,STR0132,PRD00057,185,44,Adequate,46.2,2026-05-17,A1
INV0010538,20241231,STR0132,PRD00058,132,19,Adequate,33.0,2026-05-12,D1
INV0010539,20241231,STR0132,PRD00059,191,44,Adequate,13.6,2026-06-09,B2
INV0010540,20241231,STR0132,PRD00060,62,28,Adequate,4.8,2026-05-09,D1
INV0010541,20241231,STR0132,PRD00061,65,38,Adequate,4.6,2026-06-27,A2
INV0010542,20241231,STR0132,PRD00062,169,18,Adequate,21.1,2026-07-04,B2
INV0010543,20241231,STR0132,PRD00063,37,24,Adequate,3.1,2026-06-11,A2
INV0010544,20241231,STR0132,PRD00064,39,22,Adequate,2.6,2026-05-11,C2
INV0010545,20241231,STR0132,PRD00065,60,22,Adequate,30.0,2026-05-14,A1
INV0010546,20241231,STR0132,PRD00066,64,15,Adequate,5.3,2026-05-26,A2
INV0010547,20241231,STR0132,PRD00067,52,42,Adequate,5.2,2026-06-04,B1
INV0010548,20241231,STR0132,PRD00068,18,37,Reorder Required,1.8,2026-05-11,A2
INV0010549,20241231,STR0132,PRD00069,172,29,Adequate,86.0,2026-05-13,B2
INV0010550,20241231,STR0132,PRD00070,78,38,Adequate,78.0,2026-05-22,B1
INV0010551,20241231,STR0132,PRD00071,36,37,Reorder Required,2.6,2026-05-25,A2
INV0010552,20241231,STR0132,PRD00072,183,15,Adequate,13.1,2026-06-25,A2
INV0010553,20241231,STR0132,PRD00073,6,31,Reorder Required,0.8,2026-05-26,D1
INV0010554,20241231,STR0132,PRD00074,81,10,Adequate,5.8,2026-06-09,C1
INV0010555,20241231,STR0132,PRD00075,107,39,Adequate,13.4,2026-06-18,B2
INV0010556,20241231,STR0132,PRD00076,165,34,Adequate,82.5,2026-06-30,A2
INV0010557,20241231,STR0132,PRD00077,175,47,Adequate,25.0,2026-05-21,B2
INV0010558,20241231,STR0132,PRD00078,174,10,Adequate,11.6,2026-05-08,A1
INV0010559,20241231,STR0132,PRD00079,139,28,Adequate,13.9,2026-06-21,A2
INV0010560,20241231,STR0132,PRD00080,123,11,Adequate,30.8,2026-06-02,D1
INV0010561,20241231,STR0133,PRD00001,165,50,Adequate,11.8,2026-06-05,A2
INV0010562,20241231,STR0133,PRD00002,49,17,Adequate,4.1,2026-07-06,D1
INV0010563,20241231,STR0133,PRD00003,168,44,Adequate,21.0,2026-06-14,B1
INV0010564,20241231,STR0133,PRD00004,94,27,Adequate,47.0,2026-05-28,C2
INV0010565,20241231,STR0133,PRD00005,185,40,Adequate,20.6,2026-05-29,A2
INV0010566,20241231,STR0133,PRD00006,13,33,Reorder Required,4.3,2026-06-16,A1
INV0010567,20241231,STR0133,PRD00007,64,39,Adequate,4.9,2026-05-18,A2
INV0010568,20241231,STR0133,PRD00008,172,20,Adequate,172.0,2026-05-18,A2
INV0010569,20241231,STR0133,PRD00009,97,38,Adequate,6.9,2026-06-02,A2
INV0010570,20241231,STR0133,PRD00010,71,30,Adequate,71.0,2026-05-28,C1
INV0010571,20241231,STR0133,PRD00011,83,36,Adequate,6.4,2026-06-05,B2
INV0010572,20241231,STR0133,PRD00012,64,13,Adequate,64.0,2026-06-21,B2
INV0010573,20241231,STR0133,PRD00013,23,34,Reorder Required,1.9,2026-06-12,B1
INV0010574,20241231,STR0133,PRD00014,148,27,Adequate,37.0,2026-06-09,C2
INV0010575,20241231,STR0133,PRD00015,118,27,Adequate,19.7,2026-06-15,D1
INV0010576,20241231,STR0133,PRD00016,109,31,Adequate,7.3,2026-05-22,C1
INV0010577,20241231,STR0133,PRD00017,28,50,Reorder Required,3.5,2026-06-18,B2
INV0010578,20241231,STR0133,PRD00018,194,24,Adequate,21.6,2026-06-03,B1
INV0010579,20241231,STR0133,PRD00019,59,23,Adequate,5.9,2026-06-23,C1
INV0010580,20241231,STR0133,PRD00020,67,37,Adequate,22.3,2026-06-19,B2
INV0010581,20241231,STR0133,PRD00021,25,24,Adequate,2.1,2026-07-03,C1
INV0010582,20241231,STR0133,PRD00022,134,12,Adequate,12.2,2026-06-10,B1
INV0010583,20241231,STR0133,PRD00023,70,37,Adequate,5.4,2026-06-14,B2
INV0010584,20241231,STR0133,PRD00024,80,16,Adequate,40.0,2026-05-10,C1
INV0010585,20241231,STR0133,PRD00025,113,36,Adequate,56.5,2026-05-27,B1
INV0010586,20241231,STR0133,PRD00026,99,15,Adequate,33.0,2026-06-09,D1
INV0010587,20241231,STR0133,PRD00027,178,46,Adequate,11.9,2026-06-14,D1
INV0010588,20241231,STR0133,PRD00028,108,18,Adequate,108.0,2026-05-24,A2
INV0010589,20241231,STR0133,PRD00029,96,10,Adequate,7.4,2026-05-14,C2
INV0010590,20241231,STR0133,PRD00030,130,12,Adequate,11.8,2026-05-20,C1
INV0010591,20241231,STR0133,PRD00031,117,44,Adequate,16.7,2026-06-05,A2
INV0010592,20241231,STR0133,PRD00032,68,31,Adequate,13.6,2026-06-26,B1
INV0010593,20241231,STR0133,PRD00033,79,33,Adequate,5.6,2026-06-28,C2
INV0010594,20241231,STR0133,PRD00034,179,33,Adequate,89.5,2026-06-09,A2
INV0010595,20241231,STR0133,PRD00035,109,23,Adequate,12.1,2026-06-22,C1
INV0010596,20241231,STR0133,PRD00036,9,40,Reorder Required,0.7,2026-06-09,D1
INV0010597,20241231,STR0133,PRD00037,6,23,Reorder Required,1.5,2026-05-17,D1
INV0010598,20241231,STR0133,PRD00038,46,27,Adequate,46.0,2026-07-02,C2
INV0010599,20241231,STR0133,PRD00039,64,38,Adequate,21.3,2026-07-01,B2
INV0010600,20241231,STR0133,PRD00040,170,44,Adequate,12.1,2026-06-18,C2
INV0010601,20241231,STR0133,PRD00041,75,33,Adequate,10.7,2026-06-23,B2
INV0010602,20241231,STR0133,PRD00042,74,14,Adequate,4.9,2026-05-26,C2
INV0010603,20241231,STR0133,PRD00043,167,21,Adequate,18.6,2026-06-29,C1
INV0010604,20241231,STR0133,PRD00044,20,19,Adequate,10.0,2026-05-09,C1
INV0010605,20241231,STR0133,PRD00045,65,11,Adequate,5.4,2026-05-14,B1
INV0010606,20241231,STR0133,PRD00046,125,40,Adequate,62.5,2026-05-28,B2
INV0010607,20241231,STR0133,PRD00047,109,14,Adequate,13.6,2026-05-29,A1
INV0010608,20241231,STR0133,PRD00048,174,31,Adequate,43.5,2026-06-20,A2
INV0010609,20241231,STR0133,PRD00049,194,41,Adequate,13.9,2026-06-05,A2
INV0010610,20241231,STR0133,PRD00050,59,39,Adequate,9.8,2026-05-18,A1
INV0010611,20241231,STR0133,PRD00051,64,26,Adequate,4.6,2026-06-20,B1
INV0010612,20241231,STR0133,PRD00052,90,13,Adequate,11.2,2026-06-05,B2
INV0010613,20241231,STR0133,PRD00053,157,20,Adequate,26.2,2026-06-05,A2
INV0010614,20241231,STR0133,PRD00054,132,19,Adequate,14.7,2026-07-05,A1
INV0010615,20241231,STR0133,PRD00055,137,38,Adequate,27.4,2026-06-03,B1
INV0010616,20241231,STR0133,PRD00056,80,30,Adequate,80.0,2026-06-11,A2
INV0010617,20241231,STR0133,PRD00057,162,44,Adequate,12.5,2026-06-04,A2
INV0010618,20241231,STR0133,PRD00058,33,19,Adequate,5.5,2026-06-09,C1
INV0010619,20241231,STR0133,PRD00059,172,44,Adequate,12.3,2026-06-09,B1
INV0010620,20241231,STR0133,PRD00060,55,28,Adequate,7.9,2026-06-21,D1
INV0010621,20241231,STR0133,PRD00061,180,38,Adequate,16.4,2026-06-20,C1
INV0010622,20241231,STR0133,PRD00062,83,18,Adequate,27.7,2026-05-11,B2
INV0010623,20241231,STR0133,PRD00063,125,24,Adequate,17.9,2026-06-14,A2
INV0010624,20241231,STR0133,PRD00064,54,22,Adequate,4.9,2026-07-01,D1
INV0010625,20241231,STR0133,PRD00065,122,22,Adequate,8.7,2026-06-20,A1
INV0010626,20241231,STR0133,PRD00066,86,15,Adequate,9.6,2026-06-22,B2
INV0010627,20241231,STR0133,PRD00067,80,42,Adequate,11.4,2026-05-14,D1
INV0010628,20241231,STR0133,PRD00068,179,37,Adequate,89.5,2026-05-13,C2
INV0010629,20241231,STR0133,PRD00069,110,29,Adequate,110.0,2026-06-17,D1
INV0010630,20241231,STR0133,PRD00070,172,38,Adequate,86.0,2026-05-12,A2
INV0010631,20241231,STR0133,PRD00071,5,37,Reorder Required,0.4,2026-06-21,B2
INV0010632,20241231,STR0133,PRD00072,30,15,Adequate,30.0,2026-05-12,C1
INV0010633,20241231,STR0133,PRD00073,44,31,Adequate,7.3,2026-06-11,C1
INV0010634,20241231,STR0133,PRD00074,149,10,Adequate,13.5,2026-06-29,C1
INV0010635,20241231,STR0133,PRD00075,119,39,Adequate,11.9,2026-06-13,C2
INV0010636,20241231,STR0133,PRD00076,55,34,Adequate,4.6,2026-06-07,A1
INV0010637,20241231,STR0133,PRD00077,0,47,Reorder Required,0.0,2026-06-24,D1
INV0010638,20241231,STR0133,PRD00078,43,10,Adequate,6.1,2026-05-17,C1
INV0010639,20241231,STR0133,PRD00079,171,28,Adequate,11.4,2026-07-05,D1
INV0010640,20241231,STR0133,PRD00080,198,11,Adequate,33.0,2026-05-23,D1
INV0010641,20241231,STR0134,PRD00001,6,50,Reorder Required,1.0,2026-05-20,B1
INV0010642,20241231,STR0134,PRD00002,63,17,Adequate,4.5,2026-06-03,C1
INV0010643,20241231,STR0134,PRD00003,153,44,Adequate,17.0,2026-05-26,D1
INV0010644,20241231,STR0134,PRD00004,194,27,Adequate,24.2,2026-05-13,C1
INV0010645,20241231,STR0134,PRD00005,68,40,Adequate,11.3,2026-05-25,C1
INV0010646,20241231,STR0134,PRD00006,193,33,Adequate,27.6,2026-06-18,B2
INV0010647,20241231,STR0134,PRD00007,75,39,Adequate,5.8,2026-06-27,A1
INV0010648,20241231,STR0134,PRD00008,133,20,Adequate,12.1,2026-06-18,C1
INV0010649,20241231,STR0134,PRD00009,93,38,Adequate,23.2,2026-05-30,C1
INV0010650,20241231,STR0134,PRD00010,21,30,Reorder Required,1.6,2026-06-20,B2
INV0010651,20241231,STR0134,PRD00011,106,36,Adequate,7.1,2026-06-22,C1
INV0010652,20241231,STR0134,PRD00012,169,13,Adequate,42.2,2026-07-01,A2
INV0010653,20241231,STR0134,PRD00013,136,34,Adequate,68.0,2026-06-27,B2
INV0010654,20241231,STR0134,PRD00014,25,27,Reorder Required,2.8,2026-06-26,A1
INV0010655,20241231,STR0134,PRD00015,105,27,Adequate,35.0,2026-05-26,A2
INV0010656,20241231,STR0134,PRD00016,1,31,Reorder Required,0.1,2026-06-15,B2
INV0010657,20241231,STR0134,PRD00017,178,50,Adequate,19.8,2026-07-01,B2
INV0010658,20241231,STR0134,PRD00018,158,24,Adequate,26.3,2026-06-08,A1
INV0010659,20241231,STR0134,PRD00019,176,23,Adequate,22.0,2026-06-09,A1
INV0010660,20241231,STR0134,PRD00020,56,37,Adequate,9.3,2026-06-24,A2
INV0010661,20241231,STR0134,PRD00021,127,24,Adequate,15.9,2026-06-27,B1
INV0010662,20241231,STR0134,PRD00022,107,12,Adequate,26.8,2026-05-19,D1
INV0010663,20241231,STR0134,PRD00023,8,37,Reorder Required,0.7,2026-06-07,A2
INV0010664,20241231,STR0134,PRD00024,190,16,Adequate,95.0,2026-07-05,B2
INV0010665,20241231,STR0134,PRD00025,171,36,Adequate,19.0,2026-05-22,A2
INV0010666,20241231,STR0134,PRD00026,46,15,Adequate,3.1,2026-06-12,B1
INV0010667,20241231,STR0134,PRD00027,170,46,Adequate,170.0,2026-06-02,A2
INV0010668,20241231,STR0134,PRD00028,198,18,Adequate,15.2,2026-06-17,C1
INV0010669,20241231,STR0134,PRD00029,145,10,Adequate,9.7,2026-06-30,A2
INV0010670,20241231,STR0134,PRD00030,137,12,Adequate,10.5,2026-06-04,D1
INV0010671,20241231,STR0134,PRD00031,10,44,Reorder Required,1.1,2026-07-01,C1
INV0010672,20241231,STR0134,PRD00032,43,31,Adequate,5.4,2026-05-23,A2
INV0010673,20241231,STR0134,PRD00033,147,33,Adequate,147.0,2026-05-13,A1
INV0010674,20241231,STR0134,PRD00034,111,33,Adequate,10.1,2026-06-10,C1
INV0010675,20241231,STR0134,PRD00035,57,23,Adequate,6.3,2026-05-20,A2
INV0010676,20241231,STR0134,PRD00036,19,40,Reorder Required,1.6,2026-06-21,B1
INV0010677,20241231,STR0134,PRD00037,90,23,Adequate,6.4,2026-05-29,B1
INV0010678,20241231,STR0134,PRD00038,136,27,Adequate,13.6,2026-05-21,A2
INV0010679,20241231,STR0134,PRD00039,119,38,Adequate,119.0,2026-06-11,A2
INV0010680,20241231,STR0134,PRD00040,142,44,Adequate,9.5,2026-06-29,B2
INV0010681,20241231,STR0134,PRD00041,6,33,Reorder Required,0.5,2026-05-22,C2
INV0010682,20241231,STR0134,PRD00042,85,14,Adequate,9.4,2026-06-25,B2
INV0010683,20241231,STR0134,PRD00043,155,21,Adequate,14.1,2026-05-24,C1
INV0010684,20241231,STR0134,PRD00044,69,19,Adequate,7.7,2026-06-10,B2
INV0010685,20241231,STR0134,PRD00045,39,11,Adequate,6.5,2026-07-01,B1
INV0010686,20241231,STR0134,PRD00046,174,40,Adequate,13.4,2026-06-06,C2
INV0010687,20241231,STR0134,PRD00047,146,14,Adequate,20.9,2026-06-28,D1
INV0010688,20241231,STR0134,PRD00048,52,31,Adequate,4.0,2026-07-04,B1
INV0010689,20241231,STR0134,PRD00049,123,41,Adequate,9.5,2026-07-06,C1
INV0010690,20241231,STR0134,PRD00050,166,39,Adequate,12.8,2026-05-09,C2
INV0010691,20241231,STR0134,PRD00051,79,26,Adequate,79.0,2026-07-01,D1
INV0010692,20241231,STR0134,PRD00052,143,13,Adequate,20.4,2026-06-14,C1
INV0010693,20241231,STR0134,PRD00053,24,20,Adequate,4.8,2026-06-10,A1
INV0010694,20241231,STR0134,PRD00054,130,19,Adequate,14.4,2026-05-30,A1
INV0010695,20241231,STR0134,PRD00055,184,38,Adequate,16.7,2026-06-27,A2
INV0010696,20241231,STR0134,PRD00056,196,30,Adequate,17.8,2026-06-08,B1
INV0010697,20241231,STR0134,PRD00057,145,44,Adequate,13.2,2026-06-11,A1
INV0010698,20241231,STR0134,PRD00058,91,19,Adequate,13.0,2026-06-06,D1
INV0010699,20241231,STR0134,PRD00059,158,44,Adequate,52.7,2026-05-19,A1
INV0010700,20241231,STR0134,PRD00060,21,28,Reorder Required,1.8,2026-05-12,A2
INV0010701,20241231,STR0134,PRD00061,16,38,Reorder Required,1.5,2026-05-28,B2
INV0010702,20241231,STR0134,PRD00062,137,18,Adequate,10.5,2026-05-13,D1
INV0010703,20241231,STR0134,PRD00063,129,24,Adequate,43.0,2026-06-29,C1
INV0010704,20241231,STR0134,PRD00064,181,22,Adequate,60.3,2026-06-08,D1
INV0010705,20241231,STR0134,PRD00065,29,22,Adequate,2.6,2026-07-04,C2
INV0010706,20241231,STR0134,PRD00066,3,15,Reorder Required,1.5,2026-05-10,C1
INV0010707,20241231,STR0134,PRD00067,194,42,Adequate,21.6,2026-06-26,A2
INV0010708,20241231,STR0134,PRD00068,56,37,Adequate,4.3,2026-06-06,A1
INV0010709,20241231,STR0134,PRD00069,57,29,Adequate,14.2,2026-05-24,C2
INV0010710,20241231,STR0134,PRD00070,162,38,Adequate,32.4,2026-05-24,A1
INV0010711,20241231,STR0134,PRD00071,169,37,Adequate,33.8,2026-05-08,C1
INV0010712,20241231,STR0134,PRD00072,17,15,Adequate,2.1,2026-05-24,A2
INV0010713,20241231,STR0134,PRD00073,26,31,Reorder Required,8.7,2026-07-04,B1
INV0010714,20241231,STR0134,PRD00074,161,10,Adequate,13.4,2026-06-07,C1
INV0010715,20241231,STR0134,PRD00075,169,39,Adequate,42.2,2026-05-13,A2
INV0010716,20241231,STR0134,PRD00076,67,34,Adequate,67.0,2026-06-08,D1
INV0010717,20241231,STR0134,PRD00077,59,47,Adequate,29.5,2026-06-25,A1
INV0010718,20241231,STR0134,PRD00078,19,10,Adequate,2.7,2026-07-04,D1
INV0010719,20241231,STR0134,PRD00079,107,28,Adequate,13.4,2026-05-22,D1
INV0010720,20241231,STR0134,PRD00080,167,11,Adequate,15.2,2026-07-02,C2
INV0010721,20241231,STR0135,PRD00001,41,50,Reorder Required,5.9,2026-05-13,C1
INV0010722,20241231,STR0135,PRD00002,28,17,Adequate,2.2,2026-05-08,C1
INV0010723,20241231,STR0135,PRD00003,131,44,Adequate,14.6,2026-06-25,C1
INV0010724,20241231,STR0135,PRD00004,175,27,Adequate,14.6,2026-05-26,B1
INV0010725,20241231,STR0135,PRD00005,8,40,Reorder Required,1.6,2026-05-18,C2
INV0010726,20241231,STR0135,PRD00006,197,33,Adequate,32.8,2026-05-22,C2
INV0010727,20241231,STR0135,PRD00007,39,39,Reorder Required,3.2,2026-06-25,B1
INV0010728,20241231,STR0135,PRD00008,191,20,Adequate,63.7,2026-06-03,C2
INV0010729,20241231,STR0135,PRD00009,119,38,Adequate,59.5,2026-05-09,A2
INV0010730,20241231,STR0135,PRD00010,178,30,Adequate,17.8,2026-06-18,B1
INV0010731,20241231,STR0135,PRD00011,133,36,Adequate,16.6,2026-06-27,D1
INV0010732,20241231,STR0135,PRD00012,23,13,Adequate,2.3,2026-06-09,D1
INV0010733,20241231,STR0135,PRD00013,4,34,Reorder Required,0.3,2026-05-30,A2
INV0010734,20241231,STR0135,PRD00014,28,27,Adequate,5.6,2026-05-29,A2
INV0010735,20241231,STR0135,PRD00015,61,27,Adequate,5.1,2026-05-25,C1
INV0010736,20241231,STR0135,PRD00016,16,31,Reorder Required,8.0,2026-05-11,D1
INV0010737,20241231,STR0135,PRD00017,129,50,Adequate,16.1,2026-06-13,C2
INV0010738,20241231,STR0135,PRD00018,51,24,Adequate,5.1,2026-06-27,A1
INV0010739,20241231,STR0135,PRD00019,74,23,Adequate,8.2,2026-06-04,B2
INV0010740,20241231,STR0135,PRD00020,184,37,Adequate,61.3,2026-07-03,D1
INV0010741,20241231,STR0135,PRD00021,8,24,Reorder Required,2.7,2026-06-21,A1
INV0010742,20241231,STR0135,PRD00022,96,12,Adequate,32.0,2026-05-30,A1
INV0010743,20241231,STR0135,PRD00023,115,37,Adequate,8.2,2026-06-25,C2
INV0010744,20241231,STR0135,PRD00024,45,16,Adequate,6.4,2026-05-28,A1
INV0010745,20241231,STR0135,PRD00025,65,36,Adequate,65.0,2026-05-24,B1
INV0010746,20241231,STR0135,PRD00026,89,15,Adequate,11.1,2026-05-23,B2
INV0010747,20241231,STR0135,PRD00027,85,46,Adequate,7.7,2026-06-03,C2
INV0010748,20241231,STR0135,PRD00028,30,18,Adequate,3.8,2026-05-28,A1
INV0010749,20241231,STR0135,PRD00029,91,10,Adequate,91.0,2026-07-02,A1
INV0010750,20241231,STR0135,PRD00030,7,12,Reorder Required,1.2,2026-06-28,C1
INV0010751,20241231,STR0135,PRD00031,119,44,Adequate,59.5,2026-06-28,B2
INV0010752,20241231,STR0135,PRD00032,138,31,Adequate,34.5,2026-06-15,B2
INV0010753,20241231,STR0135,PRD00033,184,33,Adequate,14.2,2026-06-30,A2
INV0010754,20241231,STR0135,PRD00034,83,33,Adequate,16.6,2026-05-23,C1
INV0010755,20241231,STR0135,PRD00035,181,23,Adequate,15.1,2026-05-27,D1
INV0010756,20241231,STR0135,PRD00036,19,40,Reorder Required,3.2,2026-07-01,B2
INV0010757,20241231,STR0135,PRD00037,120,23,Adequate,13.3,2026-07-06,A2
INV0010758,20241231,STR0135,PRD00038,28,27,Adequate,2.8,2026-05-17,B1
INV0010759,20241231,STR0135,PRD00039,13,38,Reorder Required,1.0,2026-06-14,A1
INV0010760,20241231,STR0135,PRD00040,50,44,Adequate,5.6,2026-05-24,A1
INV0010761,20241231,STR0135,PRD00041,28,33,Reorder Required,4.0,2026-06-07,B2
INV0010762,20241231,STR0135,PRD00042,186,14,Adequate,18.6,2026-06-28,C1
INV0010763,20241231,STR0135,PRD00043,68,21,Adequate,9.7,2026-07-01,B2
INV0010764,20241231,STR0135,PRD00044,60,19,Adequate,5.5,2026-06-25,A1
INV0010765,20241231,STR0135,PRD00045,43,11,Adequate,4.8,2026-06-16,A2
INV0010766,20241231,STR0135,PRD00046,89,40,Adequate,8.1,2026-05-11,C1
INV0010767,20241231,STR0135,PRD00047,192,14,Adequate,19.2,2026-06-05,B2
INV0010768,20241231,STR0135,PRD00048,139,31,Adequate,15.4,2026-06-23,C1
INV0010769,20241231,STR0135,PRD00049,44,41,Adequate,4.4,2026-07-04,A2
INV0010770,20241231,STR0135,PRD00050,127,39,Adequate,14.1,2026-07-03,B2
INV0010771,20241231,STR0135,PRD00051,163,26,Adequate,27.2,2026-05-08,C1
INV0010772,20241231,STR0135,PRD00052,5,13,Reorder Required,0.3,2026-05-18,A1
INV0010773,20241231,STR0135,PRD00053,152,20,Adequate,50.7,2026-06-10,C2
INV0010774,20241231,STR0135,PRD00054,189,19,Adequate,18.9,2026-05-08,A2
INV0010775,20241231,STR0135,PRD00055,133,38,Adequate,10.2,2026-06-16,A1
INV0010776,20241231,STR0135,PRD00056,127,30,Adequate,63.5,2026-06-26,B2
INV0010777,20241231,STR0135,PRD00057,158,44,Adequate,10.5,2026-06-08,A1
INV0010778,20241231,STR0135,PRD00058,18,19,Reorder Required,2.6,2026-05-14,A2
INV0010779,20241231,STR0135,PRD00059,157,44,Adequate,15.7,2026-06-28,A1
INV0010780,20241231,STR0135,PRD00060,170,28,Adequate,85.0,2026-06-24,B1
INV0010781,20241231,STR0135,PRD00061,157,38,Adequate,13.1,2026-05-30,C1
INV0010782,20241231,STR0135,PRD00062,19,18,Adequate,2.4,2026-05-26,B2
INV0010783,20241231,STR0135,PRD00063,125,24,Adequate,17.9,2026-06-30,C1
INV0010784,20241231,STR0135,PRD00064,192,22,Adequate,32.0,2026-06-14,C1
INV0010785,20241231,STR0135,PRD00065,46,22,Adequate,4.2,2026-05-24,C2
INV0010786,20241231,STR0135,PRD00066,176,15,Adequate,44.0,2026-05-11,D1
INV0010787,20241231,STR0135,PRD00067,70,42,Adequate,7.8,2026-05-29,A1
INV0010788,20241231,STR0135,PRD00068,148,37,Adequate,9.9,2026-07-01,B2
INV0010789,20241231,STR0135,PRD00069,189,29,Adequate,47.2,2026-05-31,C2
INV0010790,20241231,STR0135,PRD00070,194,38,Adequate,64.7,2026-06-29,C1
INV0010791,20241231,STR0135,PRD00071,44,37,Adequate,11.0,2026-05-15,C2
INV0010792,20241231,STR0135,PRD00072,135,15,Adequate,27.0,2026-06-05,A2
INV0010793,20241231,STR0135,PRD00073,78,31,Adequate,26.0,2026-06-19,C1
INV0010794,20241231,STR0135,PRD00074,98,10,Adequate,10.9,2026-05-25,C2
INV0010795,20241231,STR0135,PRD00075,56,39,Adequate,56.0,2026-05-08,A1
INV0010796,20241231,STR0135,PRD00076,11,34,Reorder Required,0.8,2026-06-02,C1
INV0010797,20241231,STR0135,PRD00077,151,47,Adequate,10.1,2026-05-14,B1
INV0010798,20241231,STR0135,PRD00078,103,10,Adequate,17.2,2026-06-03,C2
INV0010799,20241231,STR0135,PRD00079,74,28,Adequate,14.8,2026-05-08,B2
INV0010800,20241231,STR0135,PRD00080,12,11,Adequate,1.1,2026-06-12,C2
INV0010801,20241231,STR0136,PRD00001,25,50,Reorder Required,3.6,2026-07-06,B1
INV0010802,20241231,STR0136,PRD00002,8,17,Reorder Required,0.6,2026-07-02,A1
INV0010803,20241231,STR0136,PRD00003,40,44,Reorder Required,5.0,2026-06-09,A1
INV0010804,20241231,STR0136,PRD00004,36,27,Adequate,5.1,2026-06-04,A1
INV0010805,20241231,STR0136,PRD00005,175,40,Adequate,87.5,2026-05-13,B2
INV0010806,20241231,STR0136,PRD00006,44,33,Adequate,3.1,2026-05-28,C2
INV0010807,20241231,STR0136,PRD00007,22,39,Reorder Required,1.8,2026-05-30,C1
INV0010808,20241231,STR0136,PRD00008,123,20,Adequate,17.6,2026-05-21,B2
INV0010809,20241231,STR0136,PRD00009,80,38,Adequate,5.7,2026-06-10,D1
INV0010810,20241231,STR0136,PRD00010,40,30,Adequate,6.7,2026-05-26,B1
INV0010811,20241231,STR0136,PRD00011,101,36,Adequate,8.4,2026-06-25,C1
INV0010812,20241231,STR0136,PRD00012,67,13,Adequate,5.6,2026-06-10,B1
INV0010813,20241231,STR0136,PRD00013,130,34,Adequate,43.3,2026-06-21,B1
INV0010814,20241231,STR0136,PRD00014,73,27,Adequate,24.3,2026-05-13,A1
INV0010815,20241231,STR0136,PRD00015,110,27,Adequate,18.3,2026-06-16,C1
INV0010816,20241231,STR0136,PRD00016,174,31,Adequate,34.8,2026-05-19,A2
INV0010817,20241231,STR0136,PRD00017,181,50,Adequate,36.2,2026-05-16,D1
INV0010818,20241231,STR0136,PRD00018,55,24,Adequate,13.8,2026-07-06,C1
INV0010819,20241231,STR0136,PRD00019,40,23,Adequate,13.3,2026-05-23,A2
INV0010820,20241231,STR0136,PRD00020,34,37,Reorder Required,3.8,2026-05-16,C2
INV0010821,20241231,STR0136,PRD00021,134,24,Adequate,19.1,2026-05-12,B2
INV0010822,20241231,STR0136,PRD00022,194,12,Adequate,38.8,2026-06-02,D1
INV0010823,20241231,STR0136,PRD00023,45,37,Adequate,3.8,2026-05-25,D1
INV0010824,20241231,STR0136,PRD00024,149,16,Adequate,24.8,2026-05-27,C1
INV0010825,20241231,STR0136,PRD00025,149,36,Adequate,12.4,2026-06-22,C1
INV0010826,20241231,STR0136,PRD00026,115,15,Adequate,115.0,2026-07-04,D1
INV0010827,20241231,STR0136,PRD00027,199,46,Adequate,24.9,2026-06-15,D1
INV0010828,20241231,STR0136,PRD00028,109,18,Adequate,8.4,2026-06-14,A1
INV0010829,20241231,STR0136,PRD00029,53,10,Adequate,3.8,2026-05-27,A1
INV0010830,20241231,STR0136,PRD00030,143,12,Adequate,23.8,2026-05-14,B1
INV0010831,20241231,STR0136,PRD00031,27,44,Reorder Required,2.7,2026-06-25,C2
INV0010832,20241231,STR0136,PRD00032,149,31,Adequate,13.5,2026-06-27,B2
INV0010833,20241231,STR0136,PRD00033,104,33,Adequate,8.7,2026-06-18,B2
INV0010834,20241231,STR0136,PRD00034,35,33,Adequate,11.7,2026-07-01,B1
INV0010835,20241231,STR0136,PRD00035,79,23,Adequate,11.3,2026-06-03,A2
INV0010836,20241231,STR0136,PRD00036,121,40,Adequate,17.3,2026-06-30,C2
INV0010837,20241231,STR0136,PRD00037,185,23,Adequate,14.2,2026-06-24,B1
INV0010838,20241231,STR0136,PRD00038,142,27,Adequate,10.9,2026-06-06,A1
INV0010839,20241231,STR0136,PRD00039,96,38,Adequate,7.4,2026-06-20,B2
INV0010840,20241231,STR0136,PRD00040,22,44,Reorder Required,2.4,2026-05-28,A1
INV0010841,20241231,STR0136,PRD00041,93,33,Adequate,6.2,2026-05-13,A1
INV0010842,20241231,STR0136,PRD00042,78,14,Adequate,15.6,2026-07-05,D1
INV0010843,20241231,STR0136,PRD00043,118,21,Adequate,39.3,2026-06-27,B2
INV0010844,20241231,STR0136,PRD00044,123,19,Adequate,12.3,2026-05-25,C1
INV0010845,20241231,STR0136,PRD00045,60,11,Adequate,15.0,2026-05-08,C2
INV0010846,20241231,STR0136,PRD00046,96,40,Adequate,16.0,2026-07-02,C2
INV0010847,20241231,STR0136,PRD00047,43,14,Adequate,14.3,2026-05-12,C2
INV0010848,20241231,STR0136,PRD00048,27,31,Reorder Required,6.8,2026-06-17,D1
INV0010849,20241231,STR0136,PRD00049,172,41,Adequate,21.5,2026-06-20,C2
INV0010850,20241231,STR0136,PRD00050,164,39,Adequate,82.0,2026-07-02,B2
INV0010851,20241231,STR0136,PRD00051,93,26,Adequate,15.5,2026-06-28,C2
INV0010852,20241231,STR0136,PRD00052,141,13,Adequate,70.5,2026-07-05,C1
INV0010853,20241231,STR0136,PRD00053,170,20,Adequate,13.1,2026-06-21,D1
INV0010854,20241231,STR0136,PRD00054,175,19,Adequate,12.5,2026-06-14,C1
INV0010855,20241231,STR0136,PRD00055,84,38,Adequate,14.0,2026-07-04,C1
INV0010856,20241231,STR0136,PRD00056,91,30,Adequate,10.1,2026-06-05,A2
INV0010857,20241231,STR0136,PRD00057,105,44,Adequate,15.0,2026-05-18,C2
INV0010858,20241231,STR0136,PRD00058,89,19,Adequate,44.5,2026-05-15,B2
INV0010859,20241231,STR0136,PRD00059,188,44,Adequate,37.6,2026-05-19,A2
INV0010860,20241231,STR0136,PRD00060,18,28,Reorder Required,1.2,2026-07-04,B2
INV0010861,20241231,STR0136,PRD00061,42,38,Adequate,5.2,2026-06-29,A2
INV0010862,20241231,STR0136,PRD00062,118,18,Adequate,19.7,2026-06-07,C2
INV0010863,20241231,STR0136,PRD00063,24,24,Reorder Required,12.0,2026-05-28,C1
INV0010864,20241231,STR0136,PRD00064,3,22,Reorder Required,0.4,2026-05-26,B2
INV0010865,20241231,STR0136,PRD00065,73,22,Adequate,24.3,2026-06-29,A1
INV0010866,20241231,STR0136,PRD00066,197,15,Adequate,17.9,2026-07-04,C2
INV0010867,20241231,STR0136,PRD00067,180,42,Adequate,20.0,2026-06-10,B1
INV0010868,20241231,STR0136,PRD00068,16,37,Reorder Required,2.7,2026-05-31,A2
INV0010869,20241231,STR0136,PRD00069,120,29,Adequate,8.6,2026-06-28,A2
INV0010870,20241231,STR0136,PRD00070,187,38,Adequate,14.4,2026-07-04,B2
INV0010871,20241231,STR0136,PRD00071,146,37,Adequate,16.2,2026-06-12,C1
INV0010872,20241231,STR0136,PRD00072,166,15,Adequate,166.0,2026-06-11,B2
INV0010873,20241231,STR0136,PRD00073,33,31,Adequate,2.8,2026-05-08,C2
INV0010874,20241231,STR0136,PRD00074,196,10,Adequate,13.1,2026-05-18,A2
INV0010875,20241231,STR0136,PRD00075,44,39,Adequate,3.7,2026-06-02,A1
INV0010876,20241231,STR0136,PRD00076,7,34,Reorder Required,2.3,2026-07-03,C2
INV0010877,20241231,STR0136,PRD00077,178,47,Adequate,59.3,2026-05-21,C2
INV0010878,20241231,STR0136,PRD00078,7,10,Reorder Required,0.6,2026-06-25,C1
INV0010879,20241231,STR0136,PRD00079,4,28,Reorder Required,0.3,2026-06-17,D1
INV0010880,20241231,STR0136,PRD00080,2,11,Reorder Required,0.2,2026-06-26,D1
INV0010881,20241231,STR0137,PRD00001,188,50,Adequate,188.0,2026-06-09,A2
INV0010882,20241231,STR0137,PRD00002,98,17,Adequate,9.8,2026-05-22,D1
INV0010883,20241231,STR0137,PRD00003,107,44,Adequate,26.8,2026-06-13,D1
INV0010884,20241231,STR0137,PRD00004,171,27,Adequate,28.5,2026-07-03,C2
INV0010885,20241231,STR0137,PRD00005,82,40,Adequate,5.9,2026-06-27,D1
INV0010886,20241231,STR0137,PRD00006,57,33,Adequate,57.0,2026-06-18,A2
INV0010887,20241231,STR0137,PRD00007,200,39,Adequate,16.7,2026-06-20,B2
INV0010888,20241231,STR0137,PRD00008,41,20,Adequate,3.2,2026-06-24,C1
INV0010889,20241231,STR0137,PRD00009,41,38,Adequate,10.2,2026-06-19,B2
INV0010890,20241231,STR0137,PRD00010,7,30,Reorder Required,0.7,2026-05-29,A2
INV0010891,20241231,STR0137,PRD00011,53,36,Adequate,4.1,2026-05-14,C1
INV0010892,20241231,STR0137,PRD00012,79,13,Adequate,15.8,2026-06-16,D1
INV0010893,20241231,STR0137,PRD00013,108,34,Adequate,15.4,2026-06-22,C1
INV0010894,20241231,STR0137,PRD00014,127,27,Adequate,14.1,2026-05-17,B2
INV0010895,20241231,STR0137,PRD00015,158,27,Adequate,11.3,2026-05-16,A2
INV0010896,20241231,STR0137,PRD00016,75,31,Adequate,5.4,2026-07-03,B1
INV0010897,20241231,STR0137,PRD00017,186,50,Adequate,13.3,2026-05-08,B2
INV0010898,20241231,STR0137,PRD00018,133,24,Adequate,13.3,2026-06-23,B2
INV0010899,20241231,STR0137,PRD00019,118,23,Adequate,11.8,2026-06-06,A2
INV0010900,20241231,STR0137,PRD00020,143,37,Adequate,71.5,2026-06-23,D1
INV0010901,20241231,STR0137,PRD00021,159,24,Adequate,39.8,2026-05-10,A1
INV0010902,20241231,STR0137,PRD00022,101,12,Adequate,10.1,2026-05-24,B1
INV0010903,20241231,STR0137,PRD00023,134,37,Adequate,16.8,2026-05-22,A1
INV0010904,20241231,STR0137,PRD00024,106,16,Adequate,53.0,2026-06-02,A1
INV0010905,20241231,STR0137,PRD00025,52,36,Adequate,3.5,2026-06-01,C1
INV0010906,20241231,STR0137,PRD00026,182,15,Adequate,12.1,2026-05-21,C1
INV0010907,20241231,STR0137,PRD00027,8,46,Reorder Required,0.8,2026-05-19,D1
INV0010908,20241231,STR0137,PRD00028,144,18,Adequate,13.1,2026-06-07,B2
INV0010909,20241231,STR0137,PRD00029,6,10,Reorder Required,0.7,2026-06-17,D1
INV0010910,20241231,STR0137,PRD00030,94,12,Adequate,8.5,2026-06-27,C1
INV0010911,20241231,STR0137,PRD00031,51,44,Adequate,3.9,2026-06-28,C1
INV0010912,20241231,STR0137,PRD00032,86,31,Adequate,6.1,2026-06-29,A1
INV0010913,20241231,STR0137,PRD00033,177,33,Adequate,11.8,2026-06-14,C1
INV0010914,20241231,STR0137,PRD00034,83,33,Adequate,9.2,2026-05-24,B2
INV0010915,20241231,STR0137,PRD00035,167,23,Adequate,15.2,2026-06-28,C2
INV0010916,20241231,STR0137,PRD00036,95,40,Adequate,23.8,2026-05-23,B1
INV0010917,20241231,STR0137,PRD00037,144,23,Adequate,9.6,2026-06-21,B1
INV0010918,20241231,STR0137,PRD00038,112,27,Adequate,18.7,2026-06-10,D1
INV0010919,20241231,STR0137,PRD00039,183,38,Adequate,14.1,2026-05-26,A1
INV0010920,20241231,STR0137,PRD00040,125,44,Adequate,25.0,2026-05-22,C2
INV0010921,20241231,STR0137,PRD00041,165,33,Adequate,82.5,2026-07-06,A2
INV0010922,20241231,STR0137,PRD00042,52,14,Adequate,10.4,2026-05-17,B1
INV0010923,20241231,STR0137,PRD00043,107,21,Adequate,8.2,2026-05-12,B1
INV0010924,20241231,STR0137,PRD00044,165,19,Adequate,18.3,2026-05-15,A2
INV0010925,20241231,STR0137,PRD00045,73,11,Adequate,5.2,2026-05-30,A2
INV0010926,20241231,STR0137,PRD00046,161,40,Adequate,80.5,2026-05-31,A2
INV0010927,20241231,STR0137,PRD00047,92,14,Adequate,9.2,2026-06-18,A1
INV0010928,20241231,STR0137,PRD00048,85,31,Adequate,5.7,2026-05-31,A2
INV0010929,20241231,STR0137,PRD00049,84,41,Adequate,10.5,2026-05-15,C1
INV0010930,20241231,STR0137,PRD00050,84,39,Adequate,7.0,2026-06-09,C1
INV0010931,20241231,STR0137,PRD00051,63,26,Adequate,63.0,2026-05-10,A1
INV0010932,20241231,STR0137,PRD00052,195,13,Adequate,97.5,2026-06-26,A2
INV0010933,20241231,STR0137,PRD00053,77,20,Adequate,7.0,2026-06-16,A2
INV0010934,20241231,STR0137,PRD00054,82,19,Adequate,6.3,2026-05-24,C1
INV0010935,20241231,STR0137,PRD00055,10,38,Reorder Required,0.8,2026-05-19,C1
INV0010936,20241231,STR0137,PRD00056,76,30,Adequate,19.0,2026-06-05,A2
INV0010937,20241231,STR0137,PRD00057,178,44,Adequate,12.7,2026-06-14,A2
INV0010938,20241231,STR0137,PRD00058,128,19,Adequate,8.5,2026-05-12,B1
INV0010939,20241231,STR0137,PRD00059,2,44,Reorder Required,0.3,2026-06-10,A1
INV0010940,20241231,STR0137,PRD00060,90,28,Adequate,9.0,2026-05-18,D1
INV0010941,20241231,STR0137,PRD00061,87,38,Adequate,7.9,2026-07-05,A2
INV0010942,20241231,STR0137,PRD00062,100,18,Adequate,7.1,2026-06-29,C2
INV0010943,20241231,STR0137,PRD00063,100,24,Adequate,12.5,2026-05-19,A1
INV0010944,20241231,STR0137,PRD00064,135,22,Adequate,9.0,2026-06-19,B2
INV0010945,20241231,STR0137,PRD00065,41,22,Adequate,8.2,2026-06-13,B1
INV0010946,20241231,STR0137,PRD00066,161,15,Adequate,23.0,2026-06-21,B1
INV0010947,20241231,STR0137,PRD00067,117,42,Adequate,9.0,2026-06-04,B2
INV0010948,20241231,STR0137,PRD00068,137,37,Adequate,68.5,2026-06-27,D1
INV0010949,20241231,STR0137,PRD00069,21,29,Reorder Required,1.5,2026-06-05,C2
INV0010950,20241231,STR0137,PRD00070,147,38,Adequate,13.4,2026-06-10,A2
INV0010951,20241231,STR0137,PRD00071,154,37,Adequate,17.1,2026-06-10,A1
INV0010952,20241231,STR0137,PRD00072,152,15,Adequate,30.4,2026-06-30,B1
INV0010953,20241231,STR0137,PRD00073,50,31,Adequate,5.6,2026-05-08,B2
INV0010954,20241231,STR0137,PRD00074,43,10,Adequate,3.6,2026-05-09,B2
INV0010955,20241231,STR0137,PRD00075,188,39,Adequate,12.5,2026-05-30,C1
INV0010956,20241231,STR0137,PRD00076,174,34,Adequate,17.4,2026-06-01,A1
INV0010957,20241231,STR0137,PRD00077,124,47,Adequate,24.8,2026-05-31,A2
INV0010958,20241231,STR0137,PRD00078,88,10,Adequate,6.3,2026-05-31,D1
INV0010959,20241231,STR0137,PRD00079,119,28,Adequate,11.9,2026-05-18,A1
INV0010960,20241231,STR0137,PRD00080,21,11,Adequate,1.9,2026-05-16,B1
INV0010961,20241231,STR0138,PRD00001,103,50,Adequate,10.3,2026-05-27,B1
INV0010962,20241231,STR0138,PRD00002,152,17,Adequate,50.7,2026-05-17,C2
INV0010963,20241231,STR0138,PRD00003,109,44,Adequate,54.5,2026-06-06,D1
INV0010964,20241231,STR0138,PRD00004,186,27,Adequate,93.0,2026-07-06,D1
INV0010965,20241231,STR0138,PRD00005,186,40,Adequate,13.3,2026-06-23,A2
INV0010966,20241231,STR0138,PRD00006,4,33,Reorder Required,0.6,2026-05-20,C2
INV0010967,20241231,STR0138,PRD00007,151,39,Adequate,15.1,2026-05-25,A2
INV0010968,20241231,STR0138,PRD00008,59,20,Adequate,5.4,2026-07-02,C1
INV0010969,20241231,STR0138,PRD00009,10,38,Reorder Required,1.7,2026-06-16,B2
INV0010970,20241231,STR0138,PRD00010,181,30,Adequate,16.5,2026-06-05,C2
INV0010971,20241231,STR0138,PRD00011,68,36,Adequate,17.0,2026-06-06,A2
INV0010972,20241231,STR0138,PRD00012,106,13,Adequate,10.6,2026-05-24,A1
INV0010973,20241231,STR0138,PRD00013,137,34,Adequate,13.7,2026-06-03,C2
INV0010974,20241231,STR0138,PRD00014,13,27,Reorder Required,1.2,2026-05-14,C1
INV0010975,20241231,STR0138,PRD00015,174,27,Adequate,17.4,2026-06-21,B1
INV0010976,20241231,STR0138,PRD00016,2,31,Reorder Required,2.0,2026-07-06,C1
INV0010977,20241231,STR0138,PRD00017,39,50,Reorder Required,2.6,2026-06-01,A2
INV0010978,20241231,STR0138,PRD00018,186,24,Adequate,186.0,2026-05-22,B2
INV0010979,20241231,STR0138,PRD00019,5,23,Reorder Required,5.0,2026-05-30,C2
INV0010980,20241231,STR0138,PRD00020,137,37,Adequate,13.7,2026-06-25,C2
INV0010981,20241231,STR0138,PRD00021,122,24,Adequate,10.2,2026-05-11,B2
INV0010982,20241231,STR0138,PRD00022,90,12,Adequate,6.9,2026-06-29,B2
INV0010983,20241231,STR0138,PRD00023,89,37,Adequate,5.9,2026-05-16,B2
INV0010984,20241231,STR0138,PRD00024,5,16,Reorder Required,0.4,2026-06-10,C2
INV0010985,20241231,STR0138,PRD00025,185,36,Adequate,13.2,2026-07-05,A1
INV0010986,20241231,STR0138,PRD00026,192,15,Adequate,32.0,2026-06-04,C1
INV0010987,20241231,STR0138,PRD00027,126,46,Adequate,9.0,2026-07-01,C1
INV0010988,20241231,STR0138,PRD00028,168,18,Adequate,28.0,2026-07-03,A1
INV0010989,20241231,STR0138,PRD00029,90,10,Adequate,6.9,2026-07-02,D1
INV0010990,20241231,STR0138,PRD00030,156,12,Adequate,17.3,2026-06-05,A2
INV0010991,20241231,STR0138,PRD00031,196,44,Adequate,14.0,2026-07-05,C1
INV0010992,20241231,STR0138,PRD00032,122,31,Adequate,17.4,2026-06-12,A2
INV0010993,20241231,STR0138,PRD00033,91,33,Adequate,10.1,2026-05-14,C1
INV0010994,20241231,STR0138,PRD00034,160,33,Adequate,14.5,2026-05-19,A2
INV0010995,20241231,STR0138,PRD00035,60,23,Adequate,4.6,2026-07-03,A2
INV0010996,20241231,STR0138,PRD00036,187,40,Adequate,20.8,2026-06-21,C2
INV0010997,20241231,STR0138,PRD00037,11,23,Reorder Required,1.2,2026-05-19,D1
INV0010998,20241231,STR0138,PRD00038,51,27,Adequate,7.3,2026-05-27,B2
INV0010999,20241231,STR0138,PRD00039,6,38,Reorder Required,1.2,2026-05-30,D1
INV0011000,20241231,STR0138,PRD00040,189,44,Adequate,17.2,2026-06-13,C2
INV0011001,20241231,STR0138,PRD00041,146,33,Adequate,73.0,2026-06-13,C1
INV0011002,20241231,STR0138,PRD00042,179,14,Adequate,25.6,2026-06-27,A2
INV0011003,20241231,STR0138,PRD00043,12,21,Reorder Required,1.5,2026-07-01,D1
INV0011004,20241231,STR0138,PRD00044,189,19,Adequate,14.5,2026-06-16,C2
INV0011005,20241231,STR0138,PRD00045,78,11,Adequate,8.7,2026-05-27,D1
INV0011006,20241231,STR0138,PRD00046,192,40,Adequate,17.5,2026-06-10,C2
INV0011007,20241231,STR0138,PRD00047,9,14,Reorder Required,1.8,2026-06-16,A1
INV0011008,20241231,STR0138,PRD00048,17,31,Reorder Required,1.5,2026-05-21,D1
INV0011009,20241231,STR0138,PRD00049,178,41,Adequate,12.7,2026-05-31,C1
INV0011010,20241231,STR0138,PRD00050,13,39,Reorder Required,1.0,2026-05-21,A1
INV0011011,20241231,STR0138,PRD00051,54,26,Adequate,4.2,2026-06-22,A1
INV0011012,20241231,STR0138,PRD00052,121,13,Adequate,20.2,2026-07-06,D1
INV0011013,20241231,STR0138,PRD00053,194,20,Adequate,24.2,2026-05-27,B2
INV0011014,20241231,STR0138,PRD00054,57,19,Adequate,4.4,2026-06-20,C2
INV0011015,20241231,STR0138,PRD00055,163,38,Adequate,10.9,2026-05-31,C2
INV0011016,20241231,STR0138,PRD00056,116,30,Adequate,58.0,2026-06-03,C2
INV0011017,20241231,STR0138,PRD00057,123,44,Adequate,20.5,2026-05-31,C2
INV0011018,20241231,STR0138,PRD00058,28,19,Adequate,9.3,2026-06-10,D1
INV0011019,20241231,STR0138,PRD00059,185,44,Adequate,37.0,2026-05-11,A1
INV0011020,20241231,STR0138,PRD00060,0,28,Reorder Required,0.0,2026-06-10,A2
INV0011021,20241231,STR0138,PRD00061,155,38,Adequate,25.8,2026-05-12,A2
INV0011022,20241231,STR0138,PRD00062,47,18,Adequate,11.8,2026-07-03,C2
INV0011023,20241231,STR0138,PRD00063,102,24,Adequate,14.6,2026-06-25,B1
INV0011024,20241231,STR0138,PRD00064,7,22,Reorder Required,7.0,2026-05-08,C2
INV0011025,20241231,STR0138,PRD00065,94,22,Adequate,31.3,2026-05-18,C2
INV0011026,20241231,STR0138,PRD00066,167,15,Adequate,18.6,2026-06-02,D1
INV0011027,20241231,STR0138,PRD00067,190,42,Adequate,23.8,2026-06-23,B2
INV0011028,20241231,STR0138,PRD00068,61,37,Adequate,61.0,2026-06-05,B1
INV0011029,20241231,STR0138,PRD00069,55,29,Adequate,11.0,2026-05-17,A2
INV0011030,20241231,STR0138,PRD00070,171,38,Adequate,13.2,2026-06-29,B1
INV0011031,20241231,STR0138,PRD00071,87,37,Adequate,21.8,2026-06-21,D1
INV0011032,20241231,STR0138,PRD00072,185,15,Adequate,30.8,2026-06-16,B1
INV0011033,20241231,STR0138,PRD00073,102,31,Adequate,7.3,2026-07-03,A2
INV0011034,20241231,STR0138,PRD00074,188,10,Adequate,18.8,2026-07-05,B1
INV0011035,20241231,STR0138,PRD00075,129,39,Adequate,18.4,2026-06-20,C2
INV0011036,20241231,STR0138,PRD00076,110,34,Adequate,7.9,2026-05-17,C2
INV0011037,20241231,STR0138,PRD00077,64,47,Adequate,6.4,2026-06-18,B2
INV0011038,20241231,STR0138,PRD00078,110,10,Adequate,22.0,2026-06-03,C1
INV0011039,20241231,STR0138,PRD00079,123,28,Adequate,9.5,2026-05-17,B1
INV0011040,20241231,STR0138,PRD00080,38,11,Adequate,3.5,2026-05-09,C1
INV0011041,20241231,STR0139,PRD00001,152,50,Adequate,13.8,2026-05-16,B1
INV0011042,20241231,STR0139,PRD00002,24,17,Adequate,2.0,2026-06-18,A2
INV0011043,20241231,STR0139,PRD00003,144,44,Adequate,12.0,2026-05-08,D1
INV0011044,20241231,STR0139,PRD00004,132,27,Adequate,11.0,2026-06-22,C1
INV0011045,20241231,STR0139,PRD00005,6,40,Reorder Required,1.2,2026-05-19,C1
INV0011046,20241231,STR0139,PRD00006,150,33,Adequate,12.5,2026-06-06,B2
INV0011047,20241231,STR0139,PRD00007,5,39,Reorder Required,5.0,2026-06-04,C2
INV0011048,20241231,STR0139,PRD00008,47,20,Adequate,4.7,2026-06-01,A2
INV0011049,20241231,STR0139,PRD00009,108,38,Adequate,108.0,2026-06-18,B1
INV0011050,20241231,STR0139,PRD00010,146,30,Adequate,18.2,2026-06-20,A1
INV0011051,20241231,STR0139,PRD00011,199,36,Adequate,28.4,2026-06-29,B2
INV0011052,20241231,STR0139,PRD00012,5,13,Reorder Required,0.5,2026-06-20,C2
INV0011053,20241231,STR0139,PRD00013,151,34,Adequate,11.6,2026-06-25,C2
INV0011054,20241231,STR0139,PRD00014,152,27,Adequate,30.4,2026-05-30,C1
INV0011055,20241231,STR0139,PRD00015,186,27,Adequate,16.9,2026-05-26,C2
INV0011056,20241231,STR0139,PRD00016,75,31,Adequate,7.5,2026-06-07,A2
INV0011057,20241231,STR0139,PRD00017,68,50,Adequate,22.7,2026-06-25,B1
INV0011058,20241231,STR0139,PRD00018,20,24,Reorder Required,5.0,2026-06-05,A1
INV0011059,20241231,STR0139,PRD00019,96,23,Adequate,32.0,2026-05-31,D1
INV0011060,20241231,STR0139,PRD00020,7,37,Reorder Required,1.2,2026-06-17,D1
INV0011061,20241231,STR0139,PRD00021,143,24,Adequate,20.4,2026-06-23,A1
INV0011062,20241231,STR0139,PRD00022,9,12,Reorder Required,1.1,2026-06-06,B2
INV0011063,20241231,STR0139,PRD00023,129,37,Adequate,9.9,2026-05-12,D1
INV0011064,20241231,STR0139,PRD00024,134,16,Adequate,134.0,2026-06-12,D1
INV0011065,20241231,STR0139,PRD00025,16,36,Reorder Required,2.0,2026-07-03,B2
INV0011066,20241231,STR0139,PRD00026,185,15,Adequate,46.2,2026-06-05,A1
INV0011067,20241231,STR0139,PRD00027,44,46,Reorder Required,4.0,2026-06-15,D1
INV0011068,20241231,STR0139,PRD00028,79,18,Adequate,5.6,2026-05-13,A2
INV0011069,20241231,STR0139,PRD00029,196,10,Adequate,24.5,2026-06-10,C2
INV0011070,20241231,STR0139,PRD00030,27,12,Adequate,27.0,2026-06-14,A2
INV0011071,20241231,STR0139,PRD00031,16,44,Reorder Required,1.6,2026-06-10,A2
INV0011072,20241231,STR0139,PRD00032,39,31,Adequate,3.5,2026-06-21,C1
INV0011073,20241231,STR0139,PRD00033,179,33,Adequate,179.0,2026-06-14,A2
INV0011074,20241231,STR0139,PRD00034,123,33,Adequate,20.5,2026-07-06,C1
INV0011075,20241231,STR0139,PRD00035,24,23,Adequate,1.6,2026-05-22,B1
INV0011076,20241231,STR0139,PRD00036,168,40,Adequate,11.2,2026-06-30,A1
INV0011077,20241231,STR0139,PRD00037,137,23,Adequate,22.8,2026-05-19,B1
INV0011078,20241231,STR0139,PRD00038,20,27,Reorder Required,3.3,2026-06-04,D1
INV0011079,20241231,STR0139,PRD00039,91,38,Adequate,45.5,2026-06-20,A1
INV0011080,20241231,STR0139,PRD00040,73,44,Adequate,9.1,2026-05-29,A1
INV0011081,20241231,STR0139,PRD00041,51,33,Adequate,4.2,2026-05-10,D1
INV0011082,20241231,STR0139,PRD00042,152,14,Adequate,76.0,2026-06-20,A2
INV0011083,20241231,STR0139,PRD00043,172,21,Adequate,24.6,2026-05-09,A1
INV0011084,20241231,STR0139,PRD00044,172,19,Adequate,12.3,2026-07-03,C2
INV0011085,20241231,STR0139,PRD00045,200,11,Adequate,15.4,2026-05-23,A2
INV0011086,20241231,STR0139,PRD00046,126,40,Adequate,12.6,2026-05-21,D1
INV0011087,20241231,STR0139,PRD00047,76,14,Adequate,5.8,2026-05-25,B2
INV0011088,20241231,STR0139,PRD00048,45,31,Adequate,3.8,2026-06-28,A1
INV0011089,20241231,STR0139,PRD00049,53,41,Adequate,4.4,2026-07-04,A1
INV0011090,20241231,STR0139,PRD00050,121,39,Adequate,12.1,2026-05-09,A1
INV0011091,20241231,STR0139,PRD00051,162,26,Adequate,11.6,2026-07-05,B1
INV0011092,20241231,STR0139,PRD00052,181,13,Adequate,15.1,2026-06-17,A1
INV0011093,20241231,STR0139,PRD00053,155,20,Adequate,17.2,2026-07-01,B2
INV0011094,20241231,STR0139,PRD00054,137,19,Adequate,13.7,2026-05-22,D1
INV0011095,20241231,STR0139,PRD00055,17,38,Reorder Required,1.9,2026-05-29,C1
INV0011096,20241231,STR0139,PRD00056,149,30,Adequate,37.2,2026-05-15,B1
INV0011097,20241231,STR0139,PRD00057,83,44,Adequate,20.8,2026-06-05,C2
INV0011098,20241231,STR0139,PRD00058,146,19,Adequate,16.2,2026-05-26,C1
INV0011099,20241231,STR0139,PRD00059,20,44,Reorder Required,20.0,2026-05-31,B2
INV0011100,20241231,STR0139,PRD00060,193,28,Adequate,16.1,2026-05-31,A1
INV0011101,20241231,STR0139,PRD00061,35,38,Reorder Required,3.9,2026-05-25,B2
INV0011102,20241231,STR0139,PRD00062,179,18,Adequate,179.0,2026-05-12,B1
INV0011103,20241231,STR0139,PRD00063,149,24,Adequate,21.3,2026-06-26,D1
INV0011104,20241231,STR0139,PRD00064,19,22,Reorder Required,2.4,2026-06-14,B1
INV0011105,20241231,STR0139,PRD00065,200,22,Adequate,15.4,2026-06-04,A1
INV0011106,20241231,STR0139,PRD00066,129,15,Adequate,64.5,2026-06-28,C2
INV0011107,20241231,STR0139,PRD00067,72,42,Adequate,10.3,2026-05-12,C1
INV0011108,20241231,STR0139,PRD00068,102,37,Adequate,6.8,2026-06-28,C2
INV0011109,20241231,STR0139,PRD00069,139,29,Adequate,46.3,2026-06-03,B1
INV0011110,20241231,STR0139,PRD00070,192,38,Adequate,24.0,2026-06-09,A1
INV0011111,20241231,STR0139,PRD00071,96,37,Adequate,16.0,2026-06-04,A1
INV0011112,20241231,STR0139,PRD00072,62,15,Adequate,12.4,2026-06-23,B2
INV0011113,20241231,STR0139,PRD00073,32,31,Adequate,2.1,2026-06-20,C2
INV0011114,20241231,STR0139,PRD00074,171,10,Adequate,57.0,2026-07-01,C2
INV0011115,20241231,STR0139,PRD00075,167,39,Adequate,41.8,2026-06-24,B2
INV0011116,20241231,STR0139,PRD00076,84,34,Adequate,14.0,2026-06-30,A2
INV0011117,20241231,STR0139,PRD00077,135,47,Adequate,45.0,2026-06-07,A2
INV0011118,20241231,STR0139,PRD00078,63,10,Adequate,21.0,2026-05-26,C2
INV0011119,20241231,STR0139,PRD00079,123,28,Adequate,30.8,2026-05-08,B1
INV0011120,20241231,STR0139,PRD00080,47,11,Adequate,5.9,2026-06-05,A1
INV0011121,20241231,STR0140,PRD00001,182,50,Adequate,18.2,2026-05-12,B2
INV0011122,20241231,STR0140,PRD00002,118,17,Adequate,9.8,2026-06-02,A2
INV0011123,20241231,STR0140,PRD00003,181,44,Adequate,181.0,2026-05-09,A1
INV0011124,20241231,STR0140,PRD00004,104,27,Adequate,8.7,2026-05-18,A1
INV0011125,20241231,STR0140,PRD00005,183,40,Adequate,12.2,2026-06-28,A2
INV0011126,20241231,STR0140,PRD00006,13,33,Reorder Required,1.3,2026-06-01,D1
INV0011127,20241231,STR0140,PRD00007,159,39,Adequate,14.5,2026-05-09,C1
INV0011128,20241231,STR0140,PRD00008,33,20,Adequate,2.5,2026-05-20,C2
INV0011129,20241231,STR0140,PRD00009,152,38,Adequate,10.1,2026-06-17,C1
INV0011130,20241231,STR0140,PRD00010,190,30,Adequate,95.0,2026-05-29,A2
INV0011131,20241231,STR0140,PRD00011,191,36,Adequate,31.8,2026-06-16,A1
INV0011132,20241231,STR0140,PRD00012,11,13,Reorder Required,1.4,2026-06-02,D1
INV0011133,20241231,STR0140,PRD00013,194,34,Adequate,38.8,2026-05-29,D1
INV0011134,20241231,STR0140,PRD00014,34,27,Adequate,17.0,2026-05-24,B1
INV0011135,20241231,STR0140,PRD00015,108,27,Adequate,8.3,2026-07-02,A2
INV0011136,20241231,STR0140,PRD00016,83,31,Adequate,5.9,2026-05-10,D1
INV0011137,20241231,STR0140,PRD00017,105,50,Adequate,8.8,2026-07-03,B2
INV0011138,20241231,STR0140,PRD00018,183,24,Adequate,26.1,2026-06-05,C2
INV0011139,20241231,STR0140,PRD00019,63,23,Adequate,4.8,2026-06-20,D1
INV0011140,20241231,STR0140,PRD00020,138,37,Adequate,10.6,2026-06-14,C2
INV0011141,20241231,STR0140,PRD00021,174,24,Adequate,15.8,2026-06-08,B2
INV0011142,20241231,STR0140,PRD00022,115,12,Adequate,11.5,2026-05-22,C2
INV0011143,20241231,STR0140,PRD00023,192,37,Adequate,27.4,2026-05-17,A2
INV0011144,20241231,STR0140,PRD00024,149,16,Adequate,11.5,2026-05-26,D1
INV0011145,20241231,STR0140,PRD00025,5,36,Reorder Required,1.2,2026-05-26,B1
INV0011146,20241231,STR0140,PRD00026,193,15,Adequate,17.5,2026-06-19,A2
INV0011147,20241231,STR0140,PRD00027,180,46,Adequate,18.0,2026-05-17,A1
INV0011148,20241231,STR0140,PRD00028,198,18,Adequate,14.1,2026-06-19,B1
INV0011149,20241231,STR0140,PRD00029,146,10,Adequate,146.0,2026-07-03,C2
INV0011150,20241231,STR0140,PRD00030,180,12,Adequate,12.9,2026-06-18,A1
INV0011151,20241231,STR0140,PRD00031,117,44,Adequate,19.5,2026-05-19,C1
INV0011152,20241231,STR0140,PRD00032,2,31,Reorder Required,1.0,2026-05-22,C2
INV0011153,20241231,STR0140,PRD00033,51,33,Adequate,3.4,2026-06-15,D1
INV0011154,20241231,STR0140,PRD00034,179,33,Adequate,59.7,2026-05-23,A2
INV0011155,20241231,STR0140,PRD00035,108,23,Adequate,10.8,2026-06-27,C1
INV0011156,20241231,STR0140,PRD00036,153,40,Adequate,25.5,2026-05-28,C1
INV0011157,20241231,STR0140,PRD00037,191,23,Adequate,47.8,2026-06-05,C1
INV0011158,20241231,STR0140,PRD00038,172,27,Adequate,13.2,2026-06-11,A1
INV0011159,20241231,STR0140,PRD00039,159,38,Adequate,19.9,2026-06-05,B1
INV0011160,20241231,STR0140,PRD00040,157,44,Adequate,13.1,2026-05-27,C1
INV0011161,20241231,STR0140,PRD00041,14,33,Reorder Required,3.5,2026-06-24,A2
INV0011162,20241231,STR0140,PRD00042,23,14,Adequate,2.6,2026-05-21,C1
INV0011163,20241231,STR0140,PRD00043,74,21,Adequate,7.4,2026-07-02,B1
INV0011164,20241231,STR0140,PRD00044,68,19,Adequate,6.8,2026-06-30,C1
INV0011165,20241231,STR0140,PRD00045,109,11,Adequate,9.9,2026-07-01,A2
INV0011166,20241231,STR0140,PRD00046,116,40,Adequate,12.9,2026-05-18,A1
INV0011167,20241231,STR0140,PRD00047,48,14,Adequate,12.0,2026-07-03,C1
INV0011168,20241231,STR0140,PRD00048,20,31,Reorder Required,2.0,2026-06-04,D1
INV0011169,20241231,STR0140,PRD00049,82,41,Adequate,6.3,2026-06-01,A1
INV0011170,20241231,STR0140,PRD00050,181,39,Adequate,15.1,2026-05-20,A1
INV0011171,20241231,STR0140,PRD00051,171,26,Adequate,24.4,2026-06-18,B1
INV0011172,20241231,STR0140,PRD00052,69,13,Adequate,5.3,2026-06-22,C1
INV0011173,20241231,STR0140,PRD00053,131,20,Adequate,9.4,2026-05-31,A1
INV0011174,20241231,STR0140,PRD00054,1,19,Reorder Required,0.2,2026-05-15,B1
INV0011175,20241231,STR0140,PRD00055,173,38,Adequate,28.8,2026-06-18,C2
INV0011176,20241231,STR0140,PRD00056,184,30,Adequate,20.4,2026-05-13,B2
INV0011177,20241231,STR0140,PRD00057,22,44,Reorder Required,2.4,2026-05-11,C1
INV0011178,20241231,STR0140,PRD00058,63,19,Adequate,5.7,2026-06-15,B1
INV0011179,20241231,STR0140,PRD00059,7,44,Reorder Required,1.2,2026-06-15,B1
INV0011180,20241231,STR0140,PRD00060,142,28,Adequate,71.0,2026-05-12,B1
INV0011181,20241231,STR0140,PRD00061,86,38,Adequate,10.8,2026-06-13,A1
INV0011182,20241231,STR0140,PRD00062,163,18,Adequate,10.9,2026-05-27,A2
INV0011183,20241231,STR0140,PRD00063,162,24,Adequate,32.4,2026-07-06,C2
INV0011184,20241231,STR0140,PRD00064,138,22,Adequate,9.2,2026-06-20,B2
INV0011185,20241231,STR0140,PRD00065,64,22,Adequate,9.1,2026-05-28,D1
INV0011186,20241231,STR0140,PRD00066,145,15,Adequate,145.0,2026-06-07,A1
INV0011187,20241231,STR0140,PRD00067,62,42,Adequate,31.0,2026-05-25,A2
INV0011188,20241231,STR0140,PRD00068,192,37,Adequate,16.0,2026-05-11,A1
INV0011189,20241231,STR0140,PRD00069,137,29,Adequate,12.5,2026-05-30,B1
INV0011190,20241231,STR0140,PRD00070,175,38,Adequate,13.5,2026-06-16,D1
INV0011191,20241231,STR0140,PRD00071,163,37,Adequate,18.1,2026-05-18,C1
INV0011192,20241231,STR0140,PRD00072,127,15,Adequate,21.2,2026-06-13,A2
INV0011193,20241231,STR0140,PRD00073,11,31,Reorder Required,1.6,2026-06-20,A1
INV0011194,20241231,STR0140,PRD00074,26,10,Adequate,2.9,2026-06-20,D1
INV0011195,20241231,STR0140,PRD00075,35,39,Reorder Required,35.0,2026-07-02,C1
INV0011196,20241231,STR0140,PRD00076,174,34,Adequate,13.4,2026-06-02,B1
INV0011197,20241231,STR0140,PRD00077,99,47,Adequate,9.0,2026-06-07,C2
INV0011198,20241231,STR0140,PRD00078,57,10,Adequate,5.7,2026-05-12,A1
INV0011199,20241231,STR0140,PRD00079,185,28,Adequate,61.7,2026-07-05,C2
INV0011200,20241231,STR0140,PRD00080,14,11,Adequate,2.8,2026-05-10,C1
INV0011201,20241231,STR0141,PRD00001,167,50,Adequate,55.7,2026-05-24,B1
INV0011202,20241231,STR0141,PRD00002,185,17,Adequate,46.2,2026-05-09,C1
INV0011203,20241231,STR0141,PRD00003,81,44,Adequate,11.6,2026-06-30,C2
INV0011204,20241231,STR0141,PRD00004,3,27,Reorder Required,0.3,2026-06-27,B2
INV0011205,20241231,STR0141,PRD00005,169,40,Adequate,21.1,2026-06-18,B1
INV0011206,20241231,STR0141,PRD00006,185,33,Adequate,23.1,2026-06-10,B1
INV0011207,20241231,STR0141,PRD00007,192,39,Adequate,12.8,2026-05-28,C2
INV0011208,20241231,STR0141,PRD00008,179,20,Adequate,59.7,2026-06-02,B1
INV0011209,20241231,STR0141,PRD00009,112,38,Adequate,16.0,2026-05-12,A1
INV0011210,20241231,STR0141,PRD00010,39,30,Adequate,3.9,2026-07-06,A2
INV0011211,20241231,STR0141,PRD00011,28,36,Reorder Required,4.0,2026-05-17,C2
INV0011212,20241231,STR0141,PRD00012,126,13,Adequate,12.6,2026-06-16,B2
INV0011213,20241231,STR0141,PRD00013,30,34,Reorder Required,2.5,2026-05-25,B1
INV0011214,20241231,STR0141,PRD00014,109,27,Adequate,10.9,2026-06-03,D1
INV0011215,20241231,STR0141,PRD00015,110,27,Adequate,11.0,2026-07-06,B2
INV0011216,20241231,STR0141,PRD00016,2,31,Reorder Required,0.1,2026-06-30,A2
INV0011217,20241231,STR0141,PRD00017,82,50,Adequate,6.8,2026-07-04,B2
INV0011218,20241231,STR0141,PRD00018,134,24,Adequate,8.9,2026-06-01,C2
INV0011219,20241231,STR0141,PRD00019,107,23,Adequate,17.8,2026-06-18,B1
INV0011220,20241231,STR0141,PRD00020,164,37,Adequate,20.5,2026-06-23,B1
INV0011221,20241231,STR0141,PRD00021,79,24,Adequate,9.9,2026-06-03,C2
INV0011222,20241231,STR0141,PRD00022,34,12,Adequate,3.1,2026-05-11,B2
INV0011223,20241231,STR0141,PRD00023,32,37,Reorder Required,4.6,2026-05-30,A1
INV0011224,20241231,STR0141,PRD00024,80,16,Adequate,20.0,2026-06-14,A1
INV0011225,20241231,STR0141,PRD00025,140,36,Adequate,35.0,2026-06-29,A1
INV0011226,20241231,STR0141,PRD00026,162,15,Adequate,27.0,2026-05-13,A1
INV0011227,20241231,STR0141,PRD00027,81,46,Adequate,11.6,2026-06-16,D1
INV0011228,20241231,STR0141,PRD00028,5,18,Reorder Required,0.4,2026-05-13,B2
INV0011229,20241231,STR0141,PRD00029,0,10,Reorder Required,0.0,2026-06-13,A2
INV0011230,20241231,STR0141,PRD00030,137,12,Adequate,27.4,2026-05-21,C2
INV0011231,20241231,STR0141,PRD00031,120,44,Adequate,8.0,2026-06-17,B2
INV0011232,20241231,STR0141,PRD00032,78,31,Adequate,39.0,2026-05-08,A2
INV0011233,20241231,STR0141,PRD00033,105,33,Adequate,35.0,2026-06-25,C1
INV0011234,20241231,STR0141,PRD00034,174,33,Adequate,87.0,2026-05-26,D1
INV0011235,20241231,STR0141,PRD00035,10,23,Reorder Required,10.0,2026-06-24,D1
INV0011236,20241231,STR0141,PRD00036,62,40,Adequate,4.4,2026-05-09,A1
INV0011237,20241231,STR0141,PRD00037,44,23,Adequate,44.0,2026-05-23,C2
INV0011238,20241231,STR0141,PRD00038,91,27,Adequate,6.5,2026-07-03,D1
INV0011239,20241231,STR0141,PRD00039,44,38,Adequate,8.8,2026-05-09,A1
INV0011240,20241231,STR0141,PRD00040,89,44,Adequate,8.1,2026-07-04,D1
INV0011241,20241231,STR0141,PRD00041,19,33,Reorder Required,1.4,2026-07-01,B1
INV0011242,20241231,STR0141,PRD00042,14,14,Reorder Required,4.7,2026-05-14,C1
INV0011243,20241231,STR0141,PRD00043,172,21,Adequate,86.0,2026-06-27,A1
INV0011244,20241231,STR0141,PRD00044,111,19,Adequate,13.9,2026-06-12,C1
INV0011245,20241231,STR0141,PRD00045,198,11,Adequate,99.0,2026-05-15,B2
INV0011246,20241231,STR0141,PRD00046,139,40,Adequate,46.3,2026-06-08,C2
INV0011247,20241231,STR0141,PRD00047,199,14,Adequate,13.3,2026-06-15,C2
INV0011248,20241231,STR0141,PRD00048,156,31,Adequate,26.0,2026-05-11,C2
INV0011249,20241231,STR0141,PRD00049,105,41,Adequate,10.5,2026-06-22,A2
INV0011250,20241231,STR0141,PRD00050,54,39,Adequate,27.0,2026-06-27,A2
INV0011251,20241231,STR0141,PRD00051,197,26,Adequate,21.9,2026-06-22,C2
INV0011252,20241231,STR0141,PRD00052,22,13,Adequate,7.3,2026-05-08,A2
INV0011253,20241231,STR0141,PRD00053,14,20,Reorder Required,1.6,2026-05-15,C1
INV0011254,20241231,STR0141,PRD00054,151,19,Adequate,13.7,2026-06-30,C2
INV0011255,20241231,STR0141,PRD00055,110,38,Adequate,13.8,2026-05-11,D1
INV0011256,20241231,STR0141,PRD00056,119,30,Adequate,7.9,2026-06-26,C2
INV0011257,20241231,STR0141,PRD00057,127,44,Adequate,9.1,2026-06-27,A1
INV0011258,20241231,STR0141,PRD00058,124,19,Adequate,9.5,2026-05-16,C1
INV0011259,20241231,STR0141,PRD00059,167,44,Adequate,83.5,2026-06-12,B1
INV0011260,20241231,STR0141,PRD00060,114,28,Adequate,7.6,2026-07-06,A2
INV0011261,20241231,STR0141,PRD00061,145,38,Adequate,48.3,2026-05-08,C1
INV0011262,20241231,STR0141,PRD00062,119,18,Adequate,29.8,2026-05-31,C1
INV0011263,20241231,STR0141,PRD00063,175,24,Adequate,12.5,2026-06-18,C1
INV0011264,20241231,STR0141,PRD00064,62,22,Adequate,4.8,2026-06-05,D1
INV0011265,20241231,STR0141,PRD00065,125,22,Adequate,11.4,2026-05-13,A2
INV0011266,20241231,STR0141,PRD00066,192,15,Adequate,32.0,2026-06-05,C1
INV0011267,20241231,STR0141,PRD00067,83,42,Adequate,7.5,2026-06-11,B2
INV0011268,20241231,STR0141,PRD00068,9,37,Reorder Required,3.0,2026-07-03,A2
INV0011269,20241231,STR0141,PRD00069,131,29,Adequate,65.5,2026-06-02,C1
INV0011270,20241231,STR0141,PRD00070,87,38,Adequate,9.7,2026-06-16,C1
INV0011271,20241231,STR0141,PRD00071,127,37,Adequate,9.1,2026-06-13,A1
INV0011272,20241231,STR0141,PRD00072,41,15,Adequate,20.5,2026-06-04,C1
INV0011273,20241231,STR0141,PRD00073,17,31,Reorder Required,1.7,2026-06-17,C2
INV0011274,20241231,STR0141,PRD00074,158,10,Adequate,14.4,2026-07-03,C1
INV0011275,20241231,STR0141,PRD00075,38,39,Reorder Required,4.8,2026-05-15,D1
INV0011276,20241231,STR0141,PRD00076,5,34,Reorder Required,0.3,2026-07-05,B1
INV0011277,20241231,STR0141,PRD00077,27,47,Reorder Required,1.8,2026-06-13,B1
INV0011278,20241231,STR0141,PRD00078,112,10,Adequate,56.0,2026-07-06,D1
INV0011279,20241231,STR0141,PRD00079,199,28,Adequate,39.8,2026-05-29,B1
INV0011280,20241231,STR0141,PRD00080,42,11,Adequate,3.8,2026-06-24,C1
INV0011281,20241231,STR0142,PRD00001,45,50,Reorder Required,11.2,2026-06-09,C2
INV0011282,20241231,STR0142,PRD00002,101,17,Adequate,12.6,2026-07-04,C1
INV0011283,20241231,STR0142,PRD00003,105,44,Adequate,11.7,2026-06-19,A1
INV0011284,20241231,STR0142,PRD00004,87,27,Adequate,12.4,2026-06-02,D1
INV0011285,20241231,STR0142,PRD00005,22,40,Reorder Required,1.5,2026-05-23,A1
INV0011286,20241231,STR0142,PRD00006,7,33,Reorder Required,0.6,2026-07-03,B1
INV0011287,20241231,STR0142,PRD00007,159,39,Adequate,31.8,2026-07-04,A2
INV0011288,20241231,STR0142,PRD00008,12,20,Reorder Required,0.9,2026-06-21,A2
INV0011289,20241231,STR0142,PRD00009,19,38,Reorder Required,6.3,2026-06-04,D1
INV0011290,20241231,STR0142,PRD00010,126,30,Adequate,9.0,2026-05-12,A2
INV0011291,20241231,STR0142,PRD00011,12,36,Reorder Required,12.0,2026-06-10,A2
INV0011292,20241231,STR0142,PRD00012,165,13,Adequate,11.8,2026-06-07,A2
INV0011293,20241231,STR0142,PRD00013,142,34,Adequate,20.3,2026-05-15,C2
INV0011294,20241231,STR0142,PRD00014,94,27,Adequate,13.4,2026-07-02,B1
INV0011295,20241231,STR0142,PRD00015,151,27,Adequate,25.2,2026-06-23,C2
INV0011296,20241231,STR0142,PRD00016,104,31,Adequate,34.7,2026-07-06,A1
INV0011297,20241231,STR0142,PRD00017,84,50,Adequate,42.0,2026-06-01,D1
INV0011298,20241231,STR0142,PRD00018,44,24,Adequate,3.1,2026-05-28,B2
INV0011299,20241231,STR0142,PRD00019,170,23,Adequate,34.0,2026-05-15,B1
INV0011300,20241231,STR0142,PRD00020,49,37,Adequate,6.1,2026-06-01,A1
INV0011301,20241231,STR0142,PRD00021,151,24,Adequate,21.6,2026-06-04,A2
INV0011302,20241231,STR0142,PRD00022,71,12,Adequate,71.0,2026-06-29,B1
INV0011303,20241231,STR0142,PRD00023,38,37,Adequate,9.5,2026-05-28,C1
INV0011304,20241231,STR0142,PRD00024,148,16,Adequate,74.0,2026-05-20,B2
INV0011305,20241231,STR0142,PRD00025,51,36,Adequate,4.2,2026-06-24,B1
INV0011306,20241231,STR0142,PRD00026,34,15,Adequate,2.4,2026-05-16,D1
INV0011307,20241231,STR0142,PRD00027,45,46,Reorder Required,9.0,2026-06-07,C1
INV0011308,20241231,STR0142,PRD00028,172,18,Adequate,14.3,2026-05-14,A2
INV0011309,20241231,STR0142,PRD00029,19,10,Adequate,2.1,2026-05-24,C2
INV0011310,20241231,STR0142,PRD00030,97,12,Adequate,6.9,2026-06-20,A2
INV0011311,20241231,STR0142,PRD00031,181,44,Adequate,12.9,2026-05-20,A1
INV0011312,20241231,STR0142,PRD00032,156,31,Adequate,12.0,2026-07-06,A2
INV0011313,20241231,STR0142,PRD00033,73,33,Adequate,14.6,2026-05-13,B1
INV0011314,20241231,STR0142,PRD00034,39,33,Adequate,4.9,2026-06-21,B1
INV0011315,20241231,STR0142,PRD00035,145,23,Adequate,11.2,2026-05-13,A2
INV0011316,20241231,STR0142,PRD00036,180,40,Adequate,12.9,2026-05-09,A1
INV0011317,20241231,STR0142,PRD00037,138,23,Adequate,34.5,2026-05-18,C2
INV0011318,20241231,STR0142,PRD00038,93,27,Adequate,15.5,2026-06-28,A1
INV0011319,20241231,STR0142,PRD00039,134,38,Adequate,9.6,2026-07-02,D1
INV0011320,20241231,STR0142,PRD00040,195,44,Adequate,97.5,2026-05-18,A1
INV0011321,20241231,STR0142,PRD00041,71,33,Adequate,7.9,2026-05-15,A2
INV0011322,20241231,STR0142,PRD00042,70,14,Adequate,23.3,2026-06-17,C1
INV0011323,20241231,STR0142,PRD00043,150,21,Adequate,21.4,2026-05-22,A1
INV0011324,20241231,STR0142,PRD00044,43,19,Adequate,4.3,2026-06-25,B1
INV0011325,20241231,STR0142,PRD00045,123,11,Adequate,30.8,2026-06-17,D1
INV0011326,20241231,STR0142,PRD00046,112,40,Adequate,10.2,2026-05-29,B2
INV0011327,20241231,STR0142,PRD00047,106,14,Adequate,21.2,2026-07-06,A1
INV0011328,20241231,STR0142,PRD00048,168,31,Adequate,42.0,2026-06-08,B2
INV0011329,20241231,STR0142,PRD00049,55,41,Adequate,3.9,2026-05-13,B1
INV0011330,20241231,STR0142,PRD00050,53,39,Adequate,5.9,2026-05-20,D1
INV0011331,20241231,STR0142,PRD00051,173,26,Adequate,57.7,2026-05-20,A1
INV0011332,20241231,STR0142,PRD00052,149,13,Adequate,24.8,2026-05-26,A1
INV0011333,20241231,STR0142,PRD00053,69,20,Adequate,7.7,2026-05-25,B1
INV0011334,20241231,STR0142,PRD00054,41,19,Adequate,41.0,2026-06-02,C1
INV0011335,20241231,STR0142,PRD00055,119,38,Adequate,9.2,2026-07-01,D1
INV0011336,20241231,STR0142,PRD00056,95,30,Adequate,6.3,2026-06-10,D1
INV0011337,20241231,STR0142,PRD00057,154,44,Adequate,19.2,2026-06-07,B1
INV0011338,20241231,STR0142,PRD00058,79,19,Adequate,5.3,2026-06-17,C2
INV0011339,20241231,STR0142,PRD00059,142,44,Adequate,47.3,2026-06-29,C2
INV0011340,20241231,STR0142,PRD00060,23,28,Reorder Required,7.7,2026-05-09,A2
INV0011341,20241231,STR0142,PRD00061,71,38,Adequate,35.5,2026-07-04,A1
INV0011342,20241231,STR0142,PRD00062,35,18,Adequate,2.5,2026-07-02,A2
INV0011343,20241231,STR0142,PRD00063,22,24,Reorder Required,1.6,2026-07-01,C1
INV0011344,20241231,STR0142,PRD00064,150,22,Adequate,16.7,2026-05-16,B1
INV0011345,20241231,STR0142,PRD00065,194,22,Adequate,64.7,2026-06-21,B1
INV0011346,20241231,STR0142,PRD00066,195,15,Adequate,13.0,2026-06-23,D1
INV0011347,20241231,STR0142,PRD00067,101,42,Adequate,50.5,2026-05-22,C2
INV0011348,20241231,STR0142,PRD00068,108,37,Adequate,8.3,2026-06-16,C1
INV0011349,20241231,STR0142,PRD00069,71,29,Adequate,5.1,2026-06-10,A1
INV0011350,20241231,STR0142,PRD00070,137,38,Adequate,137.0,2026-06-20,C1
INV0011351,20241231,STR0142,PRD00071,146,37,Adequate,14.6,2026-06-27,C2
INV0011352,20241231,STR0142,PRD00072,99,15,Adequate,12.4,2026-06-18,B1
INV0011353,20241231,STR0142,PRD00073,67,31,Adequate,7.4,2026-07-05,B2
INV0011354,20241231,STR0142,PRD00074,62,10,Adequate,10.3,2026-07-02,A1
INV0011355,20241231,STR0142,PRD00075,105,39,Adequate,21.0,2026-06-14,C2
INV0011356,20241231,STR0142,PRD00076,34,34,Reorder Required,11.3,2026-06-25,A1
INV0011357,20241231,STR0142,PRD00077,122,47,Adequate,40.7,2026-05-11,A2
INV0011358,20241231,STR0142,PRD00078,120,10,Adequate,10.0,2026-06-12,C2
INV0011359,20241231,STR0142,PRD00079,89,28,Adequate,12.7,2026-06-30,A1
INV0011360,20241231,STR0142,PRD00080,79,11,Adequate,6.6,2026-05-10,A1
INV0011361,20241231,STR0143,PRD00001,160,50,Adequate,17.8,2026-06-24,B2
INV0011362,20241231,STR0143,PRD00002,170,17,Adequate,17.0,2026-06-11,A1
INV0011363,20241231,STR0143,PRD00003,106,44,Adequate,10.6,2026-06-20,A2
INV0011364,20241231,STR0143,PRD00004,36,27,Adequate,5.1,2026-06-12,B2
INV0011365,20241231,STR0143,PRD00005,131,40,Adequate,131.0,2026-06-09,A1
INV0011366,20241231,STR0143,PRD00006,80,33,Adequate,16.0,2026-06-03,C1
INV0011367,20241231,STR0143,PRD00007,26,39,Reorder Required,26.0,2026-05-20,A1
INV0011368,20241231,STR0143,PRD00008,88,20,Adequate,8.0,2026-06-06,A1
INV0011369,20241231,STR0143,PRD00009,171,38,Adequate,34.2,2026-06-23,A1
INV0011370,20241231,STR0143,PRD00010,79,30,Adequate,11.3,2026-07-03,C1
INV0011371,20241231,STR0143,PRD00011,182,36,Adequate,182.0,2026-07-01,B1
INV0011372,20241231,STR0143,PRD00012,123,13,Adequate,123.0,2026-06-18,C1
INV0011373,20241231,STR0143,PRD00013,196,34,Adequate,19.6,2026-06-03,A1
INV0011374,20241231,STR0143,PRD00014,114,27,Adequate,11.4,2026-06-03,D1
INV0011375,20241231,STR0143,PRD00015,23,27,Reorder Required,4.6,2026-05-23,A2
INV0011376,20241231,STR0143,PRD00016,136,31,Adequate,22.7,2026-07-03,B1
INV0011377,20241231,STR0143,PRD00017,71,50,Adequate,4.7,2026-05-18,D1
INV0011378,20241231,STR0143,PRD00018,85,24,Adequate,7.1,2026-05-08,C2
INV0011379,20241231,STR0143,PRD00019,162,23,Adequate,162.0,2026-06-07,B2
INV0011380,20241231,STR0143,PRD00020,52,37,Adequate,17.3,2026-05-22,A2
INV0011381,20241231,STR0143,PRD00021,88,24,Adequate,8.8,2026-06-23,C1
INV0011382,20241231,STR0143,PRD00022,6,12,Reorder Required,0.7,2026-05-31,B1
INV0011383,20241231,STR0143,PRD00023,164,37,Adequate,82.0,2026-05-27,B2
INV0011384,20241231,STR0143,PRD00024,112,16,Adequate,112.0,2026-06-15,A2
INV0011385,20241231,STR0143,PRD00025,117,36,Adequate,39.0,2026-06-21,A2
INV0011386,20241231,STR0143,PRD00026,5,15,Reorder Required,0.8,2026-06-14,D1
INV0011387,20241231,STR0143,PRD00027,69,46,Adequate,69.0,2026-06-21,A1
INV0011388,20241231,STR0143,PRD00028,70,18,Adequate,35.0,2026-05-22,A1
INV0011389,20241231,STR0143,PRD00029,182,10,Adequate,30.3,2026-06-13,A1
INV0011390,20241231,STR0143,PRD00030,175,12,Adequate,175.0,2026-06-25,A1
INV0011391,20241231,STR0143,PRD00031,67,44,Adequate,33.5,2026-05-11,B2
INV0011392,20241231,STR0143,PRD00032,163,31,Adequate,20.4,2026-05-29,B2
INV0011393,20241231,STR0143,PRD00033,30,33,Reorder Required,30.0,2026-05-21,A1
INV0011394,20241231,STR0143,PRD00034,26,33,Reorder Required,2.6,2026-07-06,A1
INV0011395,20241231,STR0143,PRD00035,70,23,Adequate,7.0,2026-06-12,B1
INV0011396,20241231,STR0143,PRD00036,129,40,Adequate,43.0,2026-06-10,C2
INV0011397,20241231,STR0143,PRD00037,174,23,Adequate,174.0,2026-06-26,B2
INV0011398,20241231,STR0143,PRD00038,78,27,Adequate,39.0,2026-06-13,B1
INV0011399,20241231,STR0143,PRD00039,159,38,Adequate,11.4,2026-05-23,C2
INV0011400,20241231,STR0143,PRD00040,63,44,Adequate,15.8,2026-05-26,A2
INV0011401,20241231,STR0143,PRD00041,153,33,Adequate,10.9,2026-05-11,A1
INV0011402,20241231,STR0143,PRD00042,129,14,Adequate,16.1,2026-05-18,B1
INV0011403,20241231,STR0143,PRD00043,190,21,Adequate,12.7,2026-06-12,C1
INV0011404,20241231,STR0143,PRD00044,108,19,Adequate,10.8,2026-05-31,D1
INV0011405,20241231,STR0143,PRD00045,25,11,Adequate,3.6,2026-05-17,C1
INV0011406,20241231,STR0143,PRD00046,34,40,Reorder Required,6.8,2026-06-06,C1
INV0011407,20241231,STR0143,PRD00047,109,14,Adequate,7.8,2026-06-14,C1
INV0011408,20241231,STR0143,PRD00048,190,31,Adequate,27.1,2026-05-11,D1
INV0011409,20241231,STR0143,PRD00049,62,41,Adequate,7.8,2026-06-04,C1
INV0011410,20241231,STR0143,PRD00050,177,39,Adequate,19.7,2026-05-19,B1
INV0011411,20241231,STR0143,PRD00051,161,26,Adequate,161.0,2026-06-12,A2
INV0011412,20241231,STR0143,PRD00052,29,13,Adequate,3.6,2026-06-03,B1
INV0011413,20241231,STR0143,PRD00053,132,20,Adequate,132.0,2026-06-18,B2
INV0011414,20241231,STR0143,PRD00054,32,19,Adequate,3.2,2026-06-12,B2
INV0011415,20241231,STR0143,PRD00055,20,38,Reorder Required,2.2,2026-06-18,C2
INV0011416,20241231,STR0143,PRD00056,97,30,Adequate,24.2,2026-06-26,B2
INV0011417,20241231,STR0143,PRD00057,79,44,Adequate,11.3,2026-05-10,B1
INV0011418,20241231,STR0143,PRD00058,1,19,Reorder Required,0.1,2026-05-20,B1
INV0011419,20241231,STR0143,PRD00059,36,44,Reorder Required,6.0,2026-06-08,D1
INV0011420,20241231,STR0143,PRD00060,6,28,Reorder Required,1.5,2026-06-08,A2
INV0011421,20241231,STR0143,PRD00061,3,38,Reorder Required,0.4,2026-06-16,D1
INV0011422,20241231,STR0143,PRD00062,26,18,Adequate,1.7,2026-05-31,A2
INV0011423,20241231,STR0143,PRD00063,105,24,Adequate,15.0,2026-06-22,A1
INV0011424,20241231,STR0143,PRD00064,7,22,Reorder Required,1.8,2026-06-23,C1
INV0011425,20241231,STR0143,PRD00065,45,22,Adequate,3.2,2026-06-04,C1
INV0011426,20241231,STR0143,PRD00066,54,15,Adequate,3.9,2026-05-16,C1
INV0011427,20241231,STR0143,PRD00067,134,42,Adequate,11.2,2026-07-05,A2
INV0011428,20241231,STR0143,PRD00068,62,37,Adequate,12.4,2026-06-02,A2
INV0011429,20241231,STR0143,PRD00069,73,29,Adequate,36.5,2026-06-21,A1
INV0011430,20241231,STR0143,PRD00070,184,38,Adequate,36.8,2026-07-06,C1
INV0011431,20241231,STR0143,PRD00071,140,37,Adequate,23.3,2026-05-20,B2
INV0011432,20241231,STR0143,PRD00072,31,15,Adequate,7.8,2026-07-05,B2
INV0011433,20241231,STR0143,PRD00073,92,31,Adequate,6.1,2026-05-10,B1
INV0011434,20241231,STR0143,PRD00074,187,10,Adequate,93.5,2026-06-22,A2
INV0011435,20241231,STR0143,PRD00075,152,39,Adequate,30.4,2026-05-23,C2
INV0011436,20241231,STR0143,PRD00076,96,34,Adequate,9.6,2026-06-07,B1
INV0011437,20241231,STR0143,PRD00077,122,47,Adequate,10.2,2026-05-29,B2
INV0011438,20241231,STR0143,PRD00078,103,10,Adequate,34.3,2026-05-21,D1
INV0011439,20241231,STR0143,PRD00079,23,28,Reorder Required,23.0,2026-05-27,D1
INV0011440,20241231,STR0143,PRD00080,177,11,Adequate,13.6,2026-06-26,D1
INV0011441,20241231,STR0144,PRD00001,24,50,Reorder Required,3.4,2026-07-05,A1
INV0011442,20241231,STR0144,PRD00002,172,17,Adequate,34.4,2026-06-27,A2
INV0011443,20241231,STR0144,PRD00003,170,44,Adequate,42.5,2026-07-05,D1
INV0011444,20241231,STR0144,PRD00004,11,27,Reorder Required,1.6,2026-06-15,B1
INV0011445,20241231,STR0144,PRD00005,84,40,Adequate,16.8,2026-05-15,C1
INV0011446,20241231,STR0144,PRD00006,185,33,Adequate,13.2,2026-06-03,A1
INV0011447,20241231,STR0144,PRD00007,159,39,Adequate,159.0,2026-05-17,A2
INV0011448,20241231,STR0144,PRD00008,128,20,Adequate,10.7,2026-05-31,B2
INV0011449,20241231,STR0144,PRD00009,51,38,Adequate,3.4,2026-06-15,B1
INV0011450,20241231,STR0144,PRD00010,120,30,Adequate,20.0,2026-05-20,A1
INV0011451,20241231,STR0144,PRD00011,19,36,Reorder Required,1.9,2026-06-04,A2
INV0011452,20241231,STR0144,PRD00012,48,13,Adequate,4.0,2026-05-16,A2
INV0011453,20241231,STR0144,PRD00013,164,34,Adequate,14.9,2026-05-30,A2
INV0011454,20241231,STR0144,PRD00014,148,27,Adequate,37.0,2026-06-09,C2
INV0011455,20241231,STR0144,PRD00015,61,27,Adequate,7.6,2026-07-02,A2
INV0011456,20241231,STR0144,PRD00016,19,31,Reorder Required,2.4,2026-06-06,B1
INV0011457,20241231,STR0144,PRD00017,145,50,Adequate,29.0,2026-05-13,D1
INV0011458,20241231,STR0144,PRD00018,18,24,Reorder Required,1.8,2026-06-20,D1
INV0011459,20241231,STR0144,PRD00019,144,23,Adequate,10.3,2026-06-19,B1
INV0011460,20241231,STR0144,PRD00020,2,37,Reorder Required,0.2,2026-07-04,A1
INV0011461,20241231,STR0144,PRD00021,100,24,Adequate,11.1,2026-07-04,D1
INV0011462,20241231,STR0144,PRD00022,136,12,Adequate,34.0,2026-07-06,B1
INV0011463,20241231,STR0144,PRD00023,15,37,Reorder Required,1.5,2026-05-20,D1
INV0011464,20241231,STR0144,PRD00024,133,16,Adequate,33.2,2026-06-07,A2
INV0011465,20241231,STR0144,PRD00025,85,36,Adequate,8.5,2026-06-17,C1
INV0011466,20241231,STR0144,PRD00026,45,15,Adequate,45.0,2026-06-10,C1
INV0011467,20241231,STR0144,PRD00027,107,46,Adequate,17.8,2026-06-03,B2
INV0011468,20241231,STR0144,PRD00028,67,18,Adequate,22.3,2026-06-30,D1
INV0011469,20241231,STR0144,PRD00029,65,10,Adequate,13.0,2026-06-22,C2
INV0011470,20241231,STR0144,PRD00030,182,12,Adequate,15.2,2026-05-19,C1
INV0011471,20241231,STR0144,PRD00031,63,44,Adequate,4.8,2026-05-23,C2
INV0011472,20241231,STR0144,PRD00032,111,31,Adequate,7.4,2026-05-14,B1
INV0011473,20241231,STR0144,PRD00033,104,33,Adequate,8.7,2026-05-17,B1
INV0011474,20241231,STR0144,PRD00034,90,33,Adequate,22.5,2026-05-24,B1
INV0011475,20241231,STR0144,PRD00035,180,23,Adequate,60.0,2026-05-30,B2
INV0011476,20241231,STR0144,PRD00036,43,40,Adequate,8.6,2026-05-19,B2
INV0011477,20241231,STR0144,PRD00037,117,23,Adequate,9.8,2026-06-28,B1
INV0011478,20241231,STR0144,PRD00038,72,27,Adequate,8.0,2026-07-04,A2
INV0011479,20241231,STR0144,PRD00039,98,38,Adequate,8.9,2026-06-18,A2
INV0011480,20241231,STR0144,PRD00040,104,44,Adequate,104.0,2026-05-13,A2
INV0011481,20241231,STR0144,PRD00041,191,33,Adequate,21.2,2026-06-25,C2
INV0011482,20241231,STR0144,PRD00042,53,14,Adequate,8.8,2026-06-21,B1
INV0011483,20241231,STR0144,PRD00043,167,21,Adequate,167.0,2026-05-24,A1
INV0011484,20241231,STR0144,PRD00044,95,19,Adequate,31.7,2026-06-28,A2
INV0011485,20241231,STR0144,PRD00045,79,11,Adequate,7.2,2026-05-26,A2
INV0011486,20241231,STR0144,PRD00046,105,40,Adequate,7.0,2026-06-02,C2
INV0011487,20241231,STR0144,PRD00047,170,14,Adequate,11.3,2026-06-28,C1
INV0011488,20241231,STR0144,PRD00048,3,31,Reorder Required,3.0,2026-05-24,A1
INV0011489,20241231,STR0144,PRD00049,190,41,Adequate,12.7,2026-05-12,A1
INV0011490,20241231,STR0144,PRD00050,124,39,Adequate,8.9,2026-05-29,D1
INV0011491,20241231,STR0144,PRD00051,68,26,Adequate,8.5,2026-05-09,A1
INV0011492,20241231,STR0144,PRD00052,178,13,Adequate,14.8,2026-06-12,A2
INV0011493,20241231,STR0144,PRD00053,66,20,Adequate,6.6,2026-06-01,C1
INV0011494,20241231,STR0144,PRD00054,53,19,Adequate,5.3,2026-06-19,D1
INV0011495,20241231,STR0144,PRD00055,90,38,Adequate,6.9,2026-05-19,B1
INV0011496,20241231,STR0144,PRD00056,101,30,Adequate,9.2,2026-05-29,A2
INV0011497,20241231,STR0144,PRD00057,122,44,Adequate,9.4,2026-06-23,A2
INV0011498,20241231,STR0144,PRD00058,149,19,Adequate,24.8,2026-05-21,B1
INV0011499,20241231,STR0144,PRD00059,193,44,Adequate,48.2,2026-07-04,A1
INV0011500,20241231,STR0144,PRD00060,174,28,Adequate,14.5,2026-05-22,C2
INV0011501,20241231,STR0144,PRD00061,195,38,Adequate,21.7,2026-06-04,B1
INV0011502,20241231,STR0144,PRD00062,146,18,Adequate,9.7,2026-05-26,C1
INV0011503,20241231,STR0144,PRD00063,47,24,Adequate,4.7,2026-05-25,A2
INV0011504,20241231,STR0144,PRD00064,81,22,Adequate,6.8,2026-05-10,A2
INV0011505,20241231,STR0144,PRD00065,170,22,Adequate,18.9,2026-05-11,D1
INV0011506,20241231,STR0144,PRD00066,23,15,Adequate,23.0,2026-05-31,A2
INV0011507,20241231,STR0144,PRD00067,117,42,Adequate,10.6,2026-05-19,B1
INV0011508,20241231,STR0144,PRD00068,12,37,Reorder Required,1.5,2026-06-08,A1
INV0011509,20241231,STR0144,PRD00069,189,29,Adequate,31.5,2026-06-13,D1
INV0011510,20241231,STR0144,PRD00070,37,38,Reorder Required,2.8,2026-05-14,B2
INV0011511,20241231,STR0144,PRD00071,136,37,Adequate,22.7,2026-06-14,D1
INV0011512,20241231,STR0144,PRD00072,110,15,Adequate,7.9,2026-06-22,C1
INV0011513,20241231,STR0144,PRD00073,146,31,Adequate,146.0,2026-05-21,A1
INV0011514,20241231,STR0144,PRD00074,129,10,Adequate,18.4,2026-05-31,A2
INV0011515,20241231,STR0144,PRD00075,75,39,Adequate,5.4,2026-05-27,A2
INV0011516,20241231,STR0144,PRD00076,18,34,Reorder Required,1.4,2026-05-17,A1
INV0011517,20241231,STR0144,PRD00077,85,47,Adequate,17.0,2026-05-30,C2
INV0011518,20241231,STR0144,PRD00078,49,10,Adequate,4.5,2026-05-08,A1
INV0011519,20241231,STR0144,PRD00079,55,28,Adequate,27.5,2026-06-24,C1
INV0011520,20241231,STR0144,PRD00080,70,11,Adequate,7.0,2026-06-11,C1
INV0011521,20241231,STR0145,PRD00001,149,50,Adequate,12.4,2026-05-19,A1
INV0011522,20241231,STR0145,PRD00002,143,17,Adequate,71.5,2026-06-08,B1
INV0011523,20241231,STR0145,PRD00003,96,44,Adequate,6.4,2026-06-06,A1
INV0011524,20241231,STR0145,PRD00004,6,27,Reorder Required,6.0,2026-06-14,B1
INV0011525,20241231,STR0145,PRD00005,176,40,Adequate,17.6,2026-07-03,D1
INV0011526,20241231,STR0145,PRD00006,1,33,Reorder Required,0.2,2026-07-02,C2
INV0011527,20241231,STR0145,PRD00007,69,39,Adequate,4.9,2026-06-03,C2
INV0011528,20241231,STR0145,PRD00008,179,20,Adequate,59.7,2026-06-06,A1
INV0011529,20241231,STR0145,PRD00009,128,38,Adequate,8.5,2026-06-09,A2
INV0011530,20241231,STR0145,PRD00010,25,30,Reorder Required,3.6,2026-05-31,B2
INV0011531,20241231,STR0145,PRD00011,167,36,Adequate,55.7,2026-05-15,B1
INV0011532,20241231,STR0145,PRD00012,134,13,Adequate,19.1,2026-06-02,B2
INV0011533,20241231,STR0145,PRD00013,178,34,Adequate,35.6,2026-06-04,B1
INV0011534,20241231,STR0145,PRD00014,50,27,Adequate,4.2,2026-05-11,B1
INV0011535,20241231,STR0145,PRD00015,89,27,Adequate,14.8,2026-06-04,A2
INV0011536,20241231,STR0145,PRD00016,70,31,Adequate,8.8,2026-05-29,D1
INV0011537,20241231,STR0145,PRD00017,200,50,Adequate,15.4,2026-07-03,A2
INV0011538,20241231,STR0145,PRD00018,86,24,Adequate,14.3,2026-06-28,B2
INV0011539,20241231,STR0145,PRD00019,50,23,Adequate,10.0,2026-05-12,A2
INV0011540,20241231,STR0145,PRD00020,144,37,Adequate,28.8,2026-05-21,A2
INV0011541,20241231,STR0145,PRD00021,190,24,Adequate,31.7,2026-06-17,B1
INV0011542,20241231,STR0145,PRD00022,68,12,Adequate,34.0,2026-06-24,C1
INV0011543,20241231,STR0145,PRD00023,157,37,Adequate,19.6,2026-06-18,C2
INV0011544,20241231,STR0145,PRD00024,162,16,Adequate,23.1,2026-05-11,A2
INV0011545,20241231,STR0145,PRD00025,3,36,Reorder Required,0.8,2026-06-26,B1
INV0011546,20241231,STR0145,PRD00026,67,15,Adequate,5.6,2026-06-08,A1
INV0011547,20241231,STR0145,PRD00027,91,46,Adequate,18.2,2026-05-30,D1
INV0011548,20241231,STR0145,PRD00028,139,18,Adequate,12.6,2026-06-16,B2
INV0011549,20241231,STR0145,PRD00029,65,10,Adequate,13.0,2026-05-31,C2
INV0011550,20241231,STR0145,PRD00030,85,12,Adequate,6.1,2026-07-02,D1
INV0011551,20241231,STR0145,PRD00031,52,44,Adequate,5.8,2026-05-26,D1
INV0011552,20241231,STR0145,PRD00032,66,31,Adequate,22.0,2026-05-28,B2
INV0011553,20241231,STR0145,PRD00033,71,33,Adequate,5.5,2026-06-30,D1
INV0011554,20241231,STR0145,PRD00034,136,33,Adequate,10.5,2026-05-08,B1
INV0011555,20241231,STR0145,PRD00035,135,23,Adequate,33.8,2026-05-27,A2
INV0011556,20241231,STR0145,PRD00036,33,40,Reorder Required,2.8,2026-05-26,A1
INV0011557,20241231,STR0145,PRD00037,49,23,Adequate,4.5,2026-06-29,A1
INV0011558,20241231,STR0145,PRD00038,156,27,Adequate,31.2,2026-06-17,A2
INV0011559,20241231,STR0145,PRD00039,5,38,Reorder Required,1.7,2026-06-13,A2
INV0011560,20241231,STR0145,PRD00040,44,44,Reorder Required,4.0,2026-06-07,A2
INV0011561,20241231,STR0145,PRD00041,95,33,Adequate,10.6,2026-06-13,A1
INV0011562,20241231,STR0145,PRD00042,156,14,Adequate,78.0,2026-06-19,A1
INV0011563,20241231,STR0145,PRD00043,177,21,Adequate,25.3,2026-05-16,C1
INV0011564,20241231,STR0145,PRD00044,200,19,Adequate,14.3,2026-06-09,A2
INV0011565,20241231,STR0145,PRD00045,68,11,Adequate,4.9,2026-06-30,A1
INV0011566,20241231,STR0145,PRD00046,81,40,Adequate,5.4,2026-05-08,B2
INV0011567,20241231,STR0145,PRD00047,172,14,Adequate,28.7,2026-06-29,C1
INV0011568,20241231,STR0145,PRD00048,77,31,Adequate,12.8,2026-06-19,C1
INV0011569,20241231,STR0145,PRD00049,193,41,Adequate,27.6,2026-07-06,A1
INV0011570,20241231,STR0145,PRD00050,188,39,Adequate,62.7,2026-05-29,D1
INV0011571,20241231,STR0145,PRD00051,84,26,Adequate,6.5,2026-06-01,B1
INV0011572,20241231,STR0145,PRD00052,98,13,Adequate,8.2,2026-05-28,D1
INV0011573,20241231,STR0145,PRD00053,93,20,Adequate,15.5,2026-06-27,A2
INV0011574,20241231,STR0145,PRD00054,7,19,Reorder Required,0.5,2026-06-24,B2
INV0011575,20241231,STR0145,PRD00055,185,38,Adequate,185.0,2026-05-29,D1
INV0011576,20241231,STR0145,PRD00056,93,30,Adequate,10.3,2026-05-30,C1
INV0011577,20241231,STR0145,PRD00057,81,44,Adequate,40.5,2026-05-30,B1
INV0011578,20241231,STR0145,PRD00058,10,19,Reorder Required,1.0,2026-05-23,C1
INV0011579,20241231,STR0145,PRD00059,124,44,Adequate,62.0,2026-06-23,C1
INV0011580,20241231,STR0145,PRD00060,133,28,Adequate,66.5,2026-07-03,A1
INV0011581,20241231,STR0145,PRD00061,161,38,Adequate,23.0,2026-05-28,A2
INV0011582,20241231,STR0145,PRD00062,193,18,Adequate,24.1,2026-05-16,B1
INV0011583,20241231,STR0145,PRD00063,146,24,Adequate,18.2,2026-06-03,C2
INV0011584,20241231,STR0145,PRD00064,82,22,Adequate,82.0,2026-05-24,D1
INV0011585,20241231,STR0145,PRD00065,162,22,Adequate,10.8,2026-06-05,B2
INV0011586,20241231,STR0145,PRD00066,164,15,Adequate,18.2,2026-05-30,B1
INV0011587,20241231,STR0145,PRD00067,37,42,Reorder Required,3.1,2026-07-05,D1
INV0011588,20241231,STR0145,PRD00068,0,37,Reorder Required,0.0,2026-06-27,A1
INV0011589,20241231,STR0145,PRD00069,17,29,Reorder Required,1.5,2026-06-23,B2
INV0011590,20241231,STR0145,PRD00070,173,38,Adequate,15.7,2026-06-02,A2
INV0011591,20241231,STR0145,PRD00071,188,37,Adequate,14.5,2026-06-07,D1
INV0011592,20241231,STR0145,PRD00072,72,15,Adequate,7.2,2026-05-25,A1
INV0011593,20241231,STR0145,PRD00073,142,31,Adequate,20.3,2026-06-18,C1
INV0011594,20241231,STR0145,PRD00074,149,10,Adequate,49.7,2026-05-22,A2
INV0011595,20241231,STR0145,PRD00075,27,39,Reorder Required,3.0,2026-06-24,B1
INV0011596,20241231,STR0145,PRD00076,174,34,Adequate,19.3,2026-06-01,B1
INV0011597,20241231,STR0145,PRD00077,128,47,Adequate,9.8,2026-06-21,D1
INV0011598,20241231,STR0145,PRD00078,118,10,Adequate,118.0,2026-05-29,D1
INV0011599,20241231,STR0145,PRD00079,150,28,Adequate,13.6,2026-07-01,D1
INV0011600,20241231,STR0145,PRD00080,198,11,Adequate,33.0,2026-06-08,A2
INV0011601,20241231,STR0146,PRD00001,35,50,Reorder Required,3.5,2026-06-30,C2
INV0011602,20241231,STR0146,PRD00002,13,17,Reorder Required,2.2,2026-07-02,A1
INV0011603,20241231,STR0146,PRD00003,75,44,Adequate,25.0,2026-06-01,A1
INV0011604,20241231,STR0146,PRD00004,118,27,Adequate,59.0,2026-05-14,D1
INV0011605,20241231,STR0146,PRD00005,136,40,Adequate,45.3,2026-07-03,A1
INV0011606,20241231,STR0146,PRD00006,38,33,Adequate,5.4,2026-06-26,C1
INV0011607,20241231,STR0146,PRD00007,191,39,Adequate,31.8,2026-06-29,C2
INV0011608,20241231,STR0146,PRD00008,66,20,Adequate,16.5,2026-07-06,C1
INV0011609,20241231,STR0146,PRD00009,198,38,Adequate,39.6,2026-05-31,B1
INV0011610,20241231,STR0146,PRD00010,196,30,Adequate,24.5,2026-05-26,A2
INV0011611,20241231,STR0146,PRD00011,182,36,Adequate,22.8,2026-05-30,A1
INV0011612,20241231,STR0146,PRD00012,149,13,Adequate,11.5,2026-06-28,B2
INV0011613,20241231,STR0146,PRD00013,47,34,Adequate,23.5,2026-05-17,C2
INV0011614,20241231,STR0146,PRD00014,158,27,Adequate,39.5,2026-06-04,B1
INV0011615,20241231,STR0146,PRD00015,147,27,Adequate,21.0,2026-05-11,C2
INV0011616,20241231,STR0146,PRD00016,8,31,Reorder Required,2.0,2026-05-16,B1
INV0011617,20241231,STR0146,PRD00017,125,50,Adequate,31.2,2026-06-08,A1
INV0011618,20241231,STR0146,PRD00018,6,24,Reorder Required,1.0,2026-07-04,C2
INV0011619,20241231,STR0146,PRD00019,180,23,Adequate,180.0,2026-06-08,A1
INV0011620,20241231,STR0146,PRD00020,193,37,Adequate,24.1,2026-06-23,C1
INV0011621,20241231,STR0146,PRD00021,16,24,Reorder Required,8.0,2026-05-09,C2
INV0011622,20241231,STR0146,PRD00022,83,12,Adequate,5.9,2026-05-08,C2
INV0011623,20241231,STR0146,PRD00023,64,37,Adequate,16.0,2026-06-29,C1
INV0011624,20241231,STR0146,PRD00024,156,16,Adequate,19.5,2026-06-07,C1
INV0011625,20241231,STR0146,PRD00025,138,36,Adequate,19.7,2026-06-15,B1
INV0011626,20241231,STR0146,PRD00026,13,15,Reorder Required,0.9,2026-07-04,C2
INV0011627,20241231,STR0146,PRD00027,181,46,Adequate,25.9,2026-06-22,A1
INV0011628,20241231,STR0146,PRD00028,190,18,Adequate,13.6,2026-06-19,B1
INV0011629,20241231,STR0146,PRD00029,137,10,Adequate,22.8,2026-05-18,C1
INV0011630,20241231,STR0146,PRD00030,149,12,Adequate,21.3,2026-06-22,D1
INV0011631,20241231,STR0146,PRD00031,181,44,Adequate,25.9,2026-05-13,B2
INV0011632,20241231,STR0146,PRD00032,200,31,Adequate,100.0,2026-06-05,C1
INV0011633,20241231,STR0146,PRD00033,166,33,Adequate,83.0,2026-06-11,B1
INV0011634,20241231,STR0146,PRD00034,192,33,Adequate,17.5,2026-05-29,A2
INV0011635,20241231,STR0146,PRD00035,36,23,Adequate,36.0,2026-05-29,A1
INV0011636,20241231,STR0146,PRD00036,189,40,Adequate,37.8,2026-06-17,C1
INV0011637,20241231,STR0146,PRD00037,16,23,Reorder Required,16.0,2026-05-15,A1
INV0011638,20241231,STR0146,PRD00038,26,27,Reorder Required,13.0,2026-05-27,D1
INV0011639,20241231,STR0146,PRD00039,28,38,Reorder Required,4.0,2026-05-20,B1
INV0011640,20241231,STR0146,PRD00040,188,44,Adequate,37.6,2026-07-04,C2
INV0011641,20241231,STR0146,PRD00041,153,33,Adequate,51.0,2026-06-17,B1
INV0011642,20241231,STR0146,PRD00042,156,14,Adequate,15.6,2026-06-17,B2
INV0011643,20241231,STR0146,PRD00043,177,21,Adequate,44.2,2026-06-23,A2
INV0011644,20241231,STR0146,PRD00044,165,19,Adequate,18.3,2026-05-21,C2
INV0011645,20241231,STR0146,PRD00045,136,11,Adequate,45.3,2026-06-12,A2
INV0011646,20241231,STR0146,PRD00046,147,40,Adequate,9.8,2026-05-24,A2
INV0011647,20241231,STR0146,PRD00047,123,14,Adequate,61.5,2026-05-22,A1
INV0011648,20241231,STR0146,PRD00048,6,31,Reorder Required,0.7,2026-06-15,A1
INV0011649,20241231,STR0146,PRD00049,122,41,Adequate,122.0,2026-05-13,D1
INV0011650,20241231,STR0146,PRD00050,120,39,Adequate,8.6,2026-06-29,B1
INV0011651,20241231,STR0146,PRD00051,56,26,Adequate,4.7,2026-06-20,B2
INV0011652,20241231,STR0146,PRD00052,159,13,Adequate,159.0,2026-05-18,C2
INV0011653,20241231,STR0146,PRD00053,105,20,Adequate,35.0,2026-05-09,D1
INV0011654,20241231,STR0146,PRD00054,97,19,Adequate,19.4,2026-07-05,C2
INV0011655,20241231,STR0146,PRD00055,161,38,Adequate,10.7,2026-05-09,D1
INV0011656,20241231,STR0146,PRD00056,165,30,Adequate,165.0,2026-06-17,B1
INV0011657,20241231,STR0146,PRD00057,181,44,Adequate,15.1,2026-07-04,A1
INV0011658,20241231,STR0146,PRD00058,199,19,Adequate,13.3,2026-06-12,B2
INV0011659,20241231,STR0146,PRD00059,17,44,Reorder Required,1.7,2026-05-31,B2
INV0011660,20241231,STR0146,PRD00060,69,28,Adequate,6.3,2026-06-27,D1
INV0011661,20241231,STR0146,PRD00061,183,38,Adequate,18.3,2026-05-18,A2
INV0011662,20241231,STR0146,PRD00062,99,18,Adequate,6.6,2026-07-04,C2
INV0011663,20241231,STR0146,PRD00063,56,24,Adequate,28.0,2026-05-30,C2
INV0011664,20241231,STR0146,PRD00064,41,22,Adequate,3.4,2026-06-16,B1
INV0011665,20241231,STR0146,PRD00065,15,22,Reorder Required,1.0,2026-05-16,C1
INV0011666,20241231,STR0146,PRD00066,175,15,Adequate,17.5,2026-06-24,C2
INV0011667,20241231,STR0146,PRD00067,77,42,Adequate,6.4,2026-06-14,B1
INV0011668,20241231,STR0146,PRD00068,190,37,Adequate,21.1,2026-06-05,B1
INV0011669,20241231,STR0146,PRD00069,31,29,Adequate,10.3,2026-06-04,A2
INV0011670,20241231,STR0146,PRD00070,96,38,Adequate,19.2,2026-05-13,D1
INV0011671,20241231,STR0146,PRD00071,122,37,Adequate,61.0,2026-07-03,B2
INV0011672,20241231,STR0146,PRD00072,194,15,Adequate,24.2,2026-06-11,C2
INV0011673,20241231,STR0146,PRD00073,90,31,Adequate,6.0,2026-06-30,B1
INV0011674,20241231,STR0146,PRD00074,187,10,Adequate,13.4,2026-06-30,B1
INV0011675,20241231,STR0146,PRD00075,70,39,Adequate,5.4,2026-05-27,A1
INV0011676,20241231,STR0146,PRD00076,129,34,Adequate,9.9,2026-06-08,D1
INV0011677,20241231,STR0146,PRD00077,105,47,Adequate,52.5,2026-06-05,A2
INV0011678,20241231,STR0146,PRD00078,46,10,Adequate,3.3,2026-06-28,C2
INV0011679,20241231,STR0146,PRD00079,105,28,Adequate,10.5,2026-05-31,C2
INV0011680,20241231,STR0146,PRD00080,153,11,Adequate,76.5,2026-06-14,D1
INV0011681,20241231,STR0147,PRD00001,126,50,Adequate,14.0,2026-05-31,C1
INV0011682,20241231,STR0147,PRD00002,180,17,Adequate,12.0,2026-06-01,D1
INV0011683,20241231,STR0147,PRD00003,181,44,Adequate,20.1,2026-05-12,B1
INV0011684,20241231,STR0147,PRD00004,90,27,Adequate,22.5,2026-06-05,D1
INV0011685,20241231,STR0147,PRD00005,75,40,Adequate,5.8,2026-05-21,D1
INV0011686,20241231,STR0147,PRD00006,197,33,Adequate,17.9,2026-06-13,B1
INV0011687,20241231,STR0147,PRD00007,11,39,Reorder Required,0.8,2026-06-02,C2
INV0011688,20241231,STR0147,PRD00008,161,20,Adequate,53.7,2026-06-01,D1
INV0011689,20241231,STR0147,PRD00009,106,38,Adequate,53.0,2026-05-19,B2
INV0011690,20241231,STR0147,PRD00010,10,30,Reorder Required,1.2,2026-06-29,B2
INV0011691,20241231,STR0147,PRD00011,30,36,Reorder Required,2.3,2026-06-14,A2
INV0011692,20241231,STR0147,PRD00012,60,13,Adequate,5.5,2026-06-22,D1
INV0011693,20241231,STR0147,PRD00013,161,34,Adequate,20.1,2026-05-20,B1
INV0011694,20241231,STR0147,PRD00014,158,27,Adequate,22.6,2026-06-01,C1
INV0011695,20241231,STR0147,PRD00015,192,27,Adequate,14.8,2026-06-25,D1
INV0011696,20241231,STR0147,PRD00016,2,31,Reorder Required,0.2,2026-06-30,D1
INV0011697,20241231,STR0147,PRD00017,24,50,Reorder Required,24.0,2026-06-07,B1
INV0011698,20241231,STR0147,PRD00018,23,24,Reorder Required,1.8,2026-05-18,C1
INV0011699,20241231,STR0147,PRD00019,188,23,Adequate,15.7,2026-06-19,B1
INV0011700,20241231,STR0147,PRD00020,104,37,Adequate,6.9,2026-07-05,A2
INV0011701,20241231,STR0147,PRD00021,51,24,Adequate,5.1,2026-06-18,D1
INV0011702,20241231,STR0147,PRD00022,171,12,Adequate,24.4,2026-06-07,C1
INV0011703,20241231,STR0147,PRD00023,17,37,Reorder Required,1.4,2026-06-12,D1
INV0011704,20241231,STR0147,PRD00024,168,16,Adequate,42.0,2026-05-31,A2
INV0011705,20241231,STR0147,PRD00025,38,36,Adequate,38.0,2026-06-26,A2
INV0011706,20241231,STR0147,PRD00026,51,15,Adequate,3.4,2026-06-01,D1
INV0011707,20241231,STR0147,PRD00027,118,46,Adequate,10.7,2026-06-07,C2
INV0011708,20241231,STR0147,PRD00028,38,18,Adequate,3.8,2026-05-15,C1
INV0011709,20241231,STR0147,PRD00029,192,10,Adequate,48.0,2026-07-02,B2
INV0011710,20241231,STR0147,PRD00030,164,12,Adequate,27.3,2026-07-05,B1
INV0011711,20241231,STR0147,PRD00031,84,44,Adequate,16.8,2026-05-25,B2
INV0011712,20241231,STR0147,PRD00032,112,31,Adequate,9.3,2026-05-10,C1
INV0011713,20241231,STR0147,PRD00033,34,33,Adequate,11.3,2026-05-13,A2
INV0011714,20241231,STR0147,PRD00034,74,33,Adequate,6.7,2026-06-30,D1
INV0011715,20241231,STR0147,PRD00035,131,23,Adequate,14.6,2026-05-24,A2
INV0011716,20241231,STR0147,PRD00036,198,40,Adequate,198.0,2026-05-26,D1
INV0011717,20241231,STR0147,PRD00037,52,23,Adequate,4.0,2026-05-18,D1
INV0011718,20241231,STR0147,PRD00038,20,27,Reorder Required,2.5,2026-06-30,C1
INV0011719,20241231,STR0147,PRD00039,76,38,Adequate,8.4,2026-06-15,C2
INV0011720,20241231,STR0147,PRD00040,146,44,Adequate,18.2,2026-06-28,C1
INV0011721,20241231,STR0147,PRD00041,146,33,Adequate,24.3,2026-05-29,B2
INV0011722,20241231,STR0147,PRD00042,79,14,Adequate,39.5,2026-06-17,D1
INV0011723,20241231,STR0147,PRD00043,45,21,Adequate,3.2,2026-06-23,C1
INV0011724,20241231,STR0147,PRD00044,113,19,Adequate,37.7,2026-05-23,C2
INV0011725,20241231,STR0147,PRD00045,120,11,Adequate,120.0,2026-06-24,B2
INV0011726,20241231,STR0147,PRD00046,105,40,Adequate,17.5,2026-05-21,C2
INV0011727,20241231,STR0147,PRD00047,132,14,Adequate,10.2,2026-05-11,B2
INV0011728,20241231,STR0147,PRD00048,87,31,Adequate,87.0,2026-07-02,C1
INV0011729,20241231,STR0147,PRD00049,181,41,Adequate,60.3,2026-05-11,A2
INV0011730,20241231,STR0147,PRD00050,83,39,Adequate,5.9,2026-06-02,B1
INV0011731,20241231,STR0147,PRD00051,7,26,Reorder Required,2.3,2026-06-12,A1
INV0011732,20241231,STR0147,PRD00052,97,13,Adequate,8.8,2026-06-19,B1
INV0011733,20241231,STR0147,PRD00053,141,20,Adequate,141.0,2026-05-20,B2
INV0011734,20241231,STR0147,PRD00054,157,19,Adequate,10.5,2026-07-04,C2
INV0011735,20241231,STR0147,PRD00055,31,38,Reorder Required,3.4,2026-06-07,C2
INV0011736,20241231,STR0147,PRD00056,5,30,Reorder Required,5.0,2026-06-15,B1
INV0011737,20241231,STR0147,PRD00057,157,44,Adequate,15.7,2026-06-26,D1
INV0011738,20241231,STR0147,PRD00058,172,19,Adequate,43.0,2026-06-23,B1
INV0011739,20241231,STR0147,PRD00059,200,44,Adequate,200.0,2026-05-10,C1
INV0011740,20241231,STR0147,PRD00060,70,28,Adequate,35.0,2026-06-16,B1
INV0011741,20241231,STR0147,PRD00061,75,38,Adequate,15.0,2026-05-18,B1
INV0011742,20241231,STR0147,PRD00062,153,18,Adequate,51.0,2026-05-19,C1
INV0011743,20241231,STR0147,PRD00063,187,24,Adequate,37.4,2026-06-14,A1
INV0011744,20241231,STR0147,PRD00064,193,22,Adequate,17.5,2026-05-23,C2
INV0011745,20241231,STR0147,PRD00065,30,22,Adequate,6.0,2026-07-03,B2
INV0011746,20241231,STR0147,PRD00066,9,15,Reorder Required,0.8,2026-07-04,B2
INV0011747,20241231,STR0147,PRD00067,33,42,Reorder Required,5.5,2026-06-07,A1
INV0011748,20241231,STR0147,PRD00068,118,37,Adequate,9.8,2026-05-16,B2
INV0011749,20241231,STR0147,PRD00069,118,29,Adequate,13.1,2026-07-06,A1
INV0011750,20241231,STR0147,PRD00070,49,38,Adequate,5.4,2026-05-23,A2
INV0011751,20241231,STR0147,PRD00071,185,37,Adequate,23.1,2026-05-27,C2
INV0011752,20241231,STR0147,PRD00072,199,15,Adequate,199.0,2026-06-24,C1
INV0011753,20241231,STR0147,PRD00073,152,31,Adequate,13.8,2026-05-09,A1
INV0011754,20241231,STR0147,PRD00074,107,10,Adequate,15.3,2026-05-22,C1
INV0011755,20241231,STR0147,PRD00075,149,39,Adequate,18.6,2026-06-11,B2
INV0011756,20241231,STR0147,PRD00076,135,34,Adequate,10.4,2026-05-28,B2
INV0011757,20241231,STR0147,PRD00077,88,47,Adequate,14.7,2026-06-14,C2
INV0011758,20241231,STR0147,PRD00078,153,10,Adequate,51.0,2026-06-23,C2
INV0011759,20241231,STR0147,PRD00079,140,28,Adequate,140.0,2026-06-23,B2
INV0011760,20241231,STR0147,PRD00080,65,11,Adequate,6.5,2026-06-01,B2
INV0011761,20241231,STR0148,PRD00001,190,50,Adequate,190.0,2026-05-29,A2
INV0011762,20241231,STR0148,PRD00002,28,17,Adequate,4.0,2026-07-01,B2
INV0011763,20241231,STR0148,PRD00003,131,44,Adequate,65.5,2026-06-03,B1
INV0011764,20241231,STR0148,PRD00004,195,27,Adequate,13.9,2026-05-27,A2
INV0011765,20241231,STR0148,PRD00005,47,40,Adequate,3.1,2026-05-09,D1
INV0011766,20241231,STR0148,PRD00006,180,33,Adequate,30.0,2026-06-23,B1
INV0011767,20241231,STR0148,PRD00007,93,39,Adequate,7.2,2026-06-30,C2
INV0011768,20241231,STR0148,PRD00008,154,20,Adequate,154.0,2026-05-13,D1
INV0011769,20241231,STR0148,PRD00009,38,38,Reorder Required,4.8,2026-05-23,B2
INV0011770,20241231,STR0148,PRD00010,49,30,Adequate,9.8,2026-06-02,D1
INV0011771,20241231,STR0148,PRD00011,162,36,Adequate,81.0,2026-06-30,B2
INV0011772,20241231,STR0148,PRD00012,155,13,Adequate,11.1,2026-07-04,B1
INV0011773,20241231,STR0148,PRD00013,56,34,Adequate,3.7,2026-06-04,B1
INV0011774,20241231,STR0148,PRD00014,119,27,Adequate,9.2,2026-05-21,C1
INV0011775,20241231,STR0148,PRD00015,101,27,Adequate,8.4,2026-06-11,B2
INV0011776,20241231,STR0148,PRD00016,91,31,Adequate,7.6,2026-05-26,C2
INV0011777,20241231,STR0148,PRD00017,139,50,Adequate,139.0,2026-06-01,C1
INV0011778,20241231,STR0148,PRD00018,30,24,Adequate,6.0,2026-06-27,D1
INV0011779,20241231,STR0148,PRD00019,181,23,Adequate,18.1,2026-05-31,A2
INV0011780,20241231,STR0148,PRD00020,185,37,Adequate,26.4,2026-05-12,C1
INV0011781,20241231,STR0148,PRD00021,171,24,Adequate,13.2,2026-05-26,B1
INV0011782,20241231,STR0148,PRD00022,71,12,Adequate,14.2,2026-05-24,D1
INV0011783,20241231,STR0148,PRD00023,171,37,Adequate,13.2,2026-05-16,A1
INV0011784,20241231,STR0148,PRD00024,136,16,Adequate,9.1,2026-05-26,B2
INV0011785,20241231,STR0148,PRD00025,119,36,Adequate,13.2,2026-05-15,C2
INV0011786,20241231,STR0148,PRD00026,102,15,Adequate,10.2,2026-06-29,A1
INV0011787,20241231,STR0148,PRD00027,189,46,Adequate,21.0,2026-05-12,B1
INV0011788,20241231,STR0148,PRD00028,161,18,Adequate,40.2,2026-05-28,C2
INV0011789,20241231,STR0148,PRD00029,113,10,Adequate,8.1,2026-06-16,D1
INV0011790,20241231,STR0148,PRD00030,113,12,Adequate,18.8,2026-07-02,D1
INV0011791,20241231,STR0148,PRD00031,1,44,Reorder Required,0.1,2026-05-10,D1
INV0011792,20241231,STR0148,PRD00032,64,31,Adequate,10.7,2026-05-26,B1
INV0011793,20241231,STR0148,PRD00033,116,33,Adequate,8.3,2026-05-10,D1
INV0011794,20241231,STR0148,PRD00034,39,33,Adequate,3.5,2026-05-10,C2
INV0011795,20241231,STR0148,PRD00035,29,23,Adequate,9.7,2026-06-23,A2
INV0011796,20241231,STR0148,PRD00036,137,40,Adequate,45.7,2026-06-23,D1
INV0011797,20241231,STR0148,PRD00037,3,23,Reorder Required,0.2,2026-05-21,A1
INV0011798,20241231,STR0148,PRD00038,194,27,Adequate,17.6,2026-06-29,B1
INV0011799,20241231,STR0148,PRD00039,155,38,Adequate,22.1,2026-06-30,C1
INV0011800,20241231,STR0148,PRD00040,199,44,Adequate,18.1,2026-05-19,D1
INV0011801,20241231,STR0148,PRD00041,1,33,Reorder Required,0.1,2026-07-02,C2
INV0011802,20241231,STR0148,PRD00042,101,14,Adequate,20.2,2026-06-17,C2
INV0011803,20241231,STR0148,PRD00043,181,21,Adequate,22.6,2026-06-26,D1
INV0011804,20241231,STR0148,PRD00044,185,19,Adequate,37.0,2026-06-03,C1
INV0011805,20241231,STR0148,PRD00045,127,11,Adequate,14.1,2026-06-01,C1
INV0011806,20241231,STR0148,PRD00046,69,40,Adequate,13.8,2026-05-20,C1
INV0011807,20241231,STR0148,PRD00047,116,14,Adequate,11.6,2026-07-05,A1
INV0011808,20241231,STR0148,PRD00048,189,31,Adequate,13.5,2026-05-14,A1
INV0011809,20241231,STR0148,PRD00049,123,41,Adequate,17.6,2026-07-06,C2
INV0011810,20241231,STR0148,PRD00050,186,39,Adequate,13.3,2026-07-05,C2
INV0011811,20241231,STR0148,PRD00051,96,26,Adequate,7.4,2026-05-15,C1
INV0011812,20241231,STR0148,PRD00052,77,13,Adequate,25.7,2026-05-21,C2
INV0011813,20241231,STR0148,PRD00053,137,20,Adequate,137.0,2026-06-25,B1
INV0011814,20241231,STR0148,PRD00054,83,19,Adequate,10.4,2026-05-16,C1
INV0011815,20241231,STR0148,PRD00055,126,38,Adequate,18.0,2026-05-24,B2
INV0011816,20241231,STR0148,PRD00056,44,30,Adequate,4.4,2026-06-21,D1
INV0011817,20241231,STR0148,PRD00057,55,44,Adequate,5.5,2026-06-22,A2
INV0011818,20241231,STR0148,PRD00058,45,19,Adequate,4.5,2026-06-22,A1
INV0011819,20241231,STR0148,PRD00059,48,44,Adequate,6.9,2026-05-13,B2
INV0011820,20241231,STR0148,PRD00060,130,28,Adequate,16.2,2026-06-11,B2
INV0011821,20241231,STR0148,PRD00061,171,38,Adequate,15.5,2026-05-11,C2
INV0011822,20241231,STR0148,PRD00062,182,18,Adequate,45.5,2026-05-25,A1
INV0011823,20241231,STR0148,PRD00063,122,24,Adequate,12.2,2026-06-24,A1
INV0011824,20241231,STR0148,PRD00064,81,22,Adequate,6.2,2026-06-11,C1
INV0011825,20241231,STR0148,PRD00065,10,22,Reorder Required,10.0,2026-06-12,C1
INV0011826,20241231,STR0148,PRD00066,36,15,Adequate,2.8,2026-05-29,D1
INV0011827,20241231,STR0148,PRD00067,11,42,Reorder Required,1.1,2026-07-01,B2
INV0011828,20241231,STR0148,PRD00068,60,37,Adequate,30.0,2026-05-11,C2
INV0011829,20241231,STR0148,PRD00069,200,29,Adequate,14.3,2026-05-18,C2
INV0011830,20241231,STR0148,PRD00070,158,38,Adequate,13.2,2026-06-17,A2
INV0011831,20241231,STR0148,PRD00071,19,37,Reorder Required,6.3,2026-06-30,C1
INV0011832,20241231,STR0148,PRD00072,124,15,Adequate,24.8,2026-06-14,C2
INV0011833,20241231,STR0148,PRD00073,18,31,Reorder Required,1.5,2026-06-24,A1
INV0011834,20241231,STR0148,PRD00074,66,10,Adequate,9.4,2026-06-03,D1
INV0011835,20241231,STR0148,PRD00075,94,39,Adequate,18.8,2026-05-29,B2
INV0011836,20241231,STR0148,PRD00076,78,34,Adequate,7.1,2026-05-11,B2
INV0011837,20241231,STR0148,PRD00077,135,47,Adequate,15.0,2026-06-23,A2
INV0011838,20241231,STR0148,PRD00078,66,10,Adequate,5.5,2026-06-08,A1
INV0011839,20241231,STR0148,PRD00079,18,28,Reorder Required,1.4,2026-06-24,A1
INV0011840,20241231,STR0148,PRD00080,200,11,Adequate,20.0,2026-05-16,C1
INV0011841,20241231,STR0149,PRD00001,103,50,Adequate,34.3,2026-06-26,B2
INV0011842,20241231,STR0149,PRD00002,172,17,Adequate,17.2,2026-06-25,C1
INV0011843,20241231,STR0149,PRD00003,198,44,Adequate,16.5,2026-06-17,B2
INV0011844,20241231,STR0149,PRD00004,45,27,Adequate,11.2,2026-05-31,D1
INV0011845,20241231,STR0149,PRD00005,164,40,Adequate,27.3,2026-06-14,D1
INV0011846,20241231,STR0149,PRD00006,38,33,Adequate,6.3,2026-07-03,B2
INV0011847,20241231,STR0149,PRD00007,167,39,Adequate,27.8,2026-05-18,A1
INV0011848,20241231,STR0149,PRD00008,151,20,Adequate,37.8,2026-05-26,D1
INV0011849,20241231,STR0149,PRD00009,29,38,Reorder Required,4.8,2026-05-27,C1
INV0011850,20241231,STR0149,PRD00010,56,30,Adequate,7.0,2026-05-27,A2
INV0011851,20241231,STR0149,PRD00011,120,36,Adequate,8.6,2026-07-03,D1
INV0011852,20241231,STR0149,PRD00012,75,13,Adequate,25.0,2026-06-01,B2
INV0011853,20241231,STR0149,PRD00013,166,34,Adequate,15.1,2026-07-05,B2
INV0011854,20241231,STR0149,PRD00014,41,27,Adequate,2.7,2026-05-15,D1
INV0011855,20241231,STR0149,PRD00015,58,27,Adequate,4.8,2026-06-06,C1
INV0011856,20241231,STR0149,PRD00016,12,31,Reorder Required,1.2,2026-06-26,A2
INV0011857,20241231,STR0149,PRD00017,61,50,Adequate,5.1,2026-05-25,B1
INV0011858,20241231,STR0149,PRD00018,200,24,Adequate,18.2,2026-07-02,A1
INV0011859,20241231,STR0149,PRD00019,12,23,Reorder Required,4.0,2026-05-31,C1
INV0011860,20241231,STR0149,PRD00020,40,37,Adequate,5.7,2026-06-03,B1
INV0011861,20241231,STR0149,PRD00021,147,24,Adequate,21.0,2026-07-06,C1
INV0011862,20241231,STR0149,PRD00022,41,12,Adequate,10.2,2026-06-13,D1
INV0011863,20241231,STR0149,PRD00023,71,37,Adequate,14.2,2026-06-17,C2
INV0011864,20241231,STR0149,PRD00024,196,16,Adequate,98.0,2026-07-03,C2
INV0011865,20241231,STR0149,PRD00025,161,36,Adequate,16.1,2026-06-26,B1
INV0011866,20241231,STR0149,PRD00026,118,15,Adequate,39.3,2026-06-30,B1
INV0011867,20241231,STR0149,PRD00027,93,46,Adequate,8.5,2026-05-28,B1
INV0011868,20241231,STR0149,PRD00028,42,18,Adequate,6.0,2026-06-02,C2
INV0011869,20241231,STR0149,PRD00029,42,10,Adequate,21.0,2026-06-30,C1
INV0011870,20241231,STR0149,PRD00030,182,12,Adequate,36.4,2026-05-24,A2
INV0011871,20241231,STR0149,PRD00031,94,44,Adequate,13.4,2026-07-01,C2
INV0011872,20241231,STR0149,PRD00032,119,31,Adequate,11.9,2026-06-16,A1
INV0011873,20241231,STR0149,PRD00033,76,33,Adequate,5.4,2026-05-27,D1
INV0011874,20241231,STR0149,PRD00034,123,33,Adequate,30.8,2026-06-27,C2
INV0011875,20241231,STR0149,PRD00035,82,23,Adequate,13.7,2026-05-26,C1
INV0011876,20241231,STR0149,PRD00036,53,40,Adequate,5.3,2026-06-12,A2
INV0011877,20241231,STR0149,PRD00037,181,23,Adequate,36.2,2026-06-18,D1
INV0011878,20241231,STR0149,PRD00038,33,27,Adequate,11.0,2026-05-23,D1
INV0011879,20241231,STR0149,PRD00039,194,38,Adequate,38.8,2026-05-31,D1
INV0011880,20241231,STR0149,PRD00040,68,44,Adequate,11.3,2026-06-26,A2
INV0011881,20241231,STR0149,PRD00041,10,33,Reorder Required,1.2,2026-06-21,A2
INV0011882,20241231,STR0149,PRD00042,86,14,Adequate,14.3,2026-05-31,B2
INV0011883,20241231,STR0149,PRD00043,154,21,Adequate,51.3,2026-05-29,A2
INV0011884,20241231,STR0149,PRD00044,186,19,Adequate,14.3,2026-05-25,B2
INV0011885,20241231,STR0149,PRD00045,92,11,Adequate,10.2,2026-06-14,B2
INV0011886,20241231,STR0149,PRD00046,109,40,Adequate,10.9,2026-05-18,B2
INV0011887,20241231,STR0149,PRD00047,195,14,Adequate,15.0,2026-05-16,C1
INV0011888,20241231,STR0149,PRD00048,24,31,Reorder Required,4.0,2026-06-20,C2
INV0011889,20241231,STR0149,PRD00049,65,41,Adequate,65.0,2026-06-03,C2
INV0011890,20241231,STR0149,PRD00050,111,39,Adequate,8.5,2026-06-24,C2
INV0011891,20241231,STR0149,PRD00051,99,26,Adequate,19.8,2026-05-17,B1
INV0011892,20241231,STR0149,PRD00052,175,13,Adequate,175.0,2026-06-03,C1
INV0011893,20241231,STR0149,PRD00053,118,20,Adequate,39.3,2026-06-20,A2
INV0011894,20241231,STR0149,PRD00054,35,19,Adequate,17.5,2026-06-17,B1
INV0011895,20241231,STR0149,PRD00055,22,38,Reorder Required,1.5,2026-06-12,C1
INV0011896,20241231,STR0149,PRD00056,63,30,Adequate,31.5,2026-06-04,C1
INV0011897,20241231,STR0149,PRD00057,11,44,Reorder Required,1.6,2026-06-02,C1
INV0011898,20241231,STR0149,PRD00058,6,19,Reorder Required,1.2,2026-06-18,A2
INV0011899,20241231,STR0149,PRD00059,109,44,Adequate,9.1,2026-05-15,B2
INV0011900,20241231,STR0149,PRD00060,12,28,Reorder Required,6.0,2026-05-26,D1
INV0011901,20241231,STR0149,PRD00061,105,38,Adequate,21.0,2026-06-03,C1
INV0011902,20241231,STR0149,PRD00062,95,18,Adequate,8.6,2026-06-30,B1
INV0011903,20241231,STR0149,PRD00063,74,24,Adequate,24.7,2026-05-14,A1
INV0011904,20241231,STR0149,PRD00064,67,22,Adequate,16.8,2026-06-25,B1
INV0011905,20241231,STR0149,PRD00065,35,22,Adequate,2.7,2026-05-22,A2
INV0011906,20241231,STR0149,PRD00066,196,15,Adequate,14.0,2026-06-04,C1
INV0011907,20241231,STR0149,PRD00067,137,42,Adequate,10.5,2026-05-13,A2
INV0011908,20241231,STR0149,PRD00068,116,37,Adequate,8.9,2026-06-11,D1
INV0011909,20241231,STR0149,PRD00069,138,29,Adequate,138.0,2026-05-10,A1
INV0011910,20241231,STR0149,PRD00070,74,38,Adequate,37.0,2026-05-17,B1
INV0011911,20241231,STR0149,PRD00071,68,37,Adequate,5.7,2026-06-02,C1
INV0011912,20241231,STR0149,PRD00072,163,15,Adequate,18.1,2026-05-17,A1
INV0011913,20241231,STR0149,PRD00073,97,31,Adequate,8.8,2026-05-17,B2
INV0011914,20241231,STR0149,PRD00074,112,10,Adequate,56.0,2026-05-14,B2
INV0011915,20241231,STR0149,PRD00075,88,39,Adequate,6.8,2026-05-30,A1
INV0011916,20241231,STR0149,PRD00076,104,34,Adequate,11.6,2026-06-14,C1
INV0011917,20241231,STR0149,PRD00077,77,47,Adequate,7.7,2026-07-06,A1
INV0011918,20241231,STR0149,PRD00078,36,10,Adequate,7.2,2026-05-22,A1
INV0011919,20241231,STR0149,PRD00079,52,28,Adequate,7.4,2026-05-15,D1
INV0011920,20241231,STR0149,PRD00080,22,11,Adequate,4.4,2026-05-20,A2
INV0011921,20241231,STR0150,PRD00001,2,50,Reorder Required,0.4,2026-06-06,C1
INV0011922,20241231,STR0150,PRD00002,62,17,Adequate,31.0,2026-06-10,C1
INV0011923,20241231,STR0150,PRD00003,192,44,Adequate,192.0,2026-06-28,D1
INV0011924,20241231,STR0150,PRD00004,83,27,Adequate,9.2,2026-06-06,C2
INV0011925,20241231,STR0150,PRD00005,194,40,Adequate,38.8,2026-05-13,A2
INV0011926,20241231,STR0150,PRD00006,19,33,Reorder Required,1.5,2026-05-09,B1
INV0011927,20241231,STR0150,PRD00007,134,39,Adequate,134.0,2026-07-04,C2
INV0011928,20241231,STR0150,PRD00008,125,20,Adequate,12.5,2026-05-20,C1
INV0011929,20241231,STR0150,PRD00009,105,38,Adequate,35.0,2026-05-31,A2
INV0011930,20241231,STR0150,PRD00010,16,30,Reorder Required,2.7,2026-07-01,B2
INV0011931,20241231,STR0150,PRD00011,129,36,Adequate,11.7,2026-06-27,D1
INV0011932,20241231,STR0150,PRD00012,88,13,Adequate,9.8,2026-06-16,A2
INV0011933,20241231,STR0150,PRD00013,42,34,Adequate,4.7,2026-05-11,D1
INV0011934,20241231,STR0150,PRD00014,22,27,Reorder Required,3.1,2026-06-28,A1
INV0011935,20241231,STR0150,PRD00015,10,27,Reorder Required,10.0,2026-05-08,A2
INV0011936,20241231,STR0150,PRD00016,173,31,Adequate,43.2,2026-05-31,B1
INV0011937,20241231,STR0150,PRD00017,138,50,Adequate,34.5,2026-07-01,C1
INV0011938,20241231,STR0150,PRD00018,118,24,Adequate,59.0,2026-06-25,C2
INV0011939,20241231,STR0150,PRD00019,67,23,Adequate,11.2,2026-05-29,A1
INV0011940,20241231,STR0150,PRD00020,103,37,Adequate,12.9,2026-06-19,D1
INV0011941,20241231,STR0150,PRD00021,91,24,Adequate,13.0,2026-06-12,C2
INV0011942,20241231,STR0150,PRD00022,176,12,Adequate,22.0,2026-05-08,A2
INV0011943,20241231,STR0150,PRD00023,96,37,Adequate,19.2,2026-07-04,A1
INV0011944,20241231,STR0150,PRD00024,101,16,Adequate,8.4,2026-07-01,B1
INV0011945,20241231,STR0150,PRD00025,63,36,Adequate,21.0,2026-05-14,C1
INV0011946,20241231,STR0150,PRD00026,45,15,Adequate,6.4,2026-05-11,B1
INV0011947,20241231,STR0150,PRD00027,134,46,Adequate,8.9,2026-06-04,B2
INV0011948,20241231,STR0150,PRD00028,177,18,Adequate,22.1,2026-05-15,C1
INV0011949,20241231,STR0150,PRD00029,81,10,Adequate,13.5,2026-05-10,A2
INV0011950,20241231,STR0150,PRD00030,173,12,Adequate,17.3,2026-05-31,C1
INV0011951,20241231,STR0150,PRD00031,141,44,Adequate,28.2,2026-05-18,B1
INV0011952,20241231,STR0150,PRD00032,102,31,Adequate,9.3,2026-06-11,B1
INV0011953,20241231,STR0150,PRD00033,142,33,Adequate,15.8,2026-05-19,C1
INV0011954,20241231,STR0150,PRD00034,66,33,Adequate,66.0,2026-06-07,A2
INV0011955,20241231,STR0150,PRD00035,187,23,Adequate,93.5,2026-05-21,A2
INV0011956,20241231,STR0150,PRD00036,109,40,Adequate,13.6,2026-05-19,D1
INV0011957,20241231,STR0150,PRD00037,49,23,Adequate,9.8,2026-06-19,B2
INV0011958,20241231,STR0150,PRD00038,15,27,Reorder Required,2.1,2026-05-09,C2
INV0011959,20241231,STR0150,PRD00039,16,38,Reorder Required,1.1,2026-05-25,D1
INV0011960,20241231,STR0150,PRD00040,172,44,Adequate,13.2,2026-06-04,B2
INV0011961,20241231,STR0150,PRD00041,61,33,Adequate,61.0,2026-05-18,A1
INV0011962,20241231,STR0150,PRD00042,139,14,Adequate,139.0,2026-05-30,B2
INV0011963,20241231,STR0150,PRD00043,25,21,Adequate,2.1,2026-06-25,C2
INV0011964,20241231,STR0150,PRD00044,147,19,Adequate,36.8,2026-06-16,D1
INV0011965,20241231,STR0150,PRD00045,90,11,Adequate,18.0,2026-06-03,C2
INV0011966,20241231,STR0150,PRD00046,120,40,Adequate,8.0,2026-06-16,D1
INV0011967,20241231,STR0150,PRD00047,22,14,Adequate,3.7,2026-07-03,B2
INV0011968,20241231,STR0150,PRD00048,197,31,Adequate,15.2,2026-06-13,B1
INV0011969,20241231,STR0150,PRD00049,15,41,Reorder Required,3.8,2026-06-08,B2
INV0011970,20241231,STR0150,PRD00050,6,39,Reorder Required,0.5,2026-06-15,C2
INV0011971,20241231,STR0150,PRD00051,101,26,Adequate,33.7,2026-06-12,A2
INV0011972,20241231,STR0150,PRD00052,34,13,Adequate,4.9,2026-05-13,A1
INV0011973,20241231,STR0150,PRD00053,111,20,Adequate,55.5,2026-06-11,C2
INV0011974,20241231,STR0150,PRD00054,50,19,Adequate,6.2,2026-06-03,A2
INV0011975,20241231,STR0150,PRD00055,200,38,Adequate,50.0,2026-06-01,B1
INV0011976,20241231,STR0150,PRD00056,68,30,Adequate,5.7,2026-06-08,C1
INV0011977,20241231,STR0150,PRD00057,18,44,Reorder Required,4.5,2026-06-13,B2
INV0011978,20241231,STR0150,PRD00058,72,19,Adequate,18.0,2026-05-25,B2
INV0011979,20241231,STR0150,PRD00059,197,44,Adequate,17.9,2026-05-31,B1
INV0011980,20241231,STR0150,PRD00060,136,28,Adequate,17.0,2026-05-21,A2
INV0011981,20241231,STR0150,PRD00061,6,38,Reorder Required,0.5,2026-06-18,D1
INV0011982,20241231,STR0150,PRD00062,45,18,Adequate,6.4,2026-06-01,A2
INV0011983,20241231,STR0150,PRD00063,15,24,Reorder Required,7.5,2026-05-30,B2
INV0011984,20241231,STR0150,PRD00064,154,22,Adequate,25.7,2026-06-21,D1
INV0011985,20241231,STR0150,PRD00065,164,22,Adequate,14.9,2026-05-21,B2
INV0011986,20241231,STR0150,PRD00066,100,15,Adequate,33.3,2026-05-08,C1
INV0011987,20241231,STR0150,PRD00067,105,42,Adequate,11.7,2026-05-21,C2
INV0011988,20241231,STR0150,PRD00068,115,37,Adequate,115.0,2026-05-11,D1
INV0011989,20241231,STR0150,PRD00069,191,29,Adequate,38.2,2026-06-06,B2
INV0011990,20241231,STR0150,PRD00070,178,38,Adequate,14.8,2026-05-18,B2
INV0011991,20241231,STR0150,PRD00071,147,37,Adequate,11.3,2026-07-06,B1
INV0011992,20241231,STR0150,PRD00072,164,15,Adequate,41.0,2026-05-29,A2
INV0011993,20241231,STR0150,PRD00073,162,31,Adequate,14.7,2026-06-04,B1
INV0011994,20241231,STR0150,PRD00074,81,10,Adequate,8.1,2026-06-03,B1
INV0011995,20241231,STR0150,PRD00075,167,39,Adequate,20.9,2026-06-09,C2
INV0011996,20241231,STR0150,PRD00076,31,34,Reorder Required,2.1,2026-06-10,C2
INV0011997,20241231,STR0150,PRD00077,29,47,Reorder Required,3.2,2026-05-24,B1
INV0011998,20241231,STR0150,PRD00078,33,10,Adequate,4.7,2026-06-30,D1
INV0011999,20241231,STR0150,PRD00079,165,28,Adequate,13.8,2026-06-01,B1
INV0012000,20241231,STR0150,PRD00080,57,11,Adequate,6.3,2026-06-11,B2
